screen_id,extraneous_count_probability_per_pulse,intrinsic_qber_fraction,optimized_half_window_s,signed_key_margin_bits,secret_key_bits,qber_x,phase_error_x,positive_state,range_class
SCR-0001,1e-07,0.003,221,142540.7481180454,142540,0.007606124943751957,0.03815209959774776,POSITIVE-MODEL-MARGIN,V0.7-CONTROLLED-RESEARCH-SCREEN-NOT-DISTRIBUTION
SCR-0002,1e-07,0.003307692307692308,221,139764.00739038008,139764,0.007910965973703972,0.03943315437137525,POSITIVE-MODEL-MARGIN,V0.7-CONTROLLED-RESEARCH-SCREEN-NOT-DISTRIBUTION
SCR-0003,1e-07,0.0036153846153846154,221,137017.94924578795,137017,0.008215807003655987,0.04070955139375431,POSITIVE-MODEL-MARGIN,V0.7-CONTROLLED-RESEARCH-SCREEN-NOT-DISTRIBUTION
SCR-0004,1e-07,0.003923076923076923,221,134306.0744784203,134306,0.008520648033608004,0.041981542807232826,POSITIVE-MODEL-MARGIN,V0.7-CONTROLLED-RESEARCH-SCREEN-NOT-DISTRIBUTION
SCR-0005,1e-07,0.004230769230769231,221,131617.67603823048,131617,0.008825489063560017,0.043249358393715756,POSITIVE-MODEL-MARGIN,V0.7-CONTROLLED-RESEARCH-SCREEN-NOT-DISTRIBUTION
SCR-0006,1e-07,0.004538461538461538,221,128961.16299810959,128961,0.009130330093512034,0.044513208259222156,POSITIVE-MODEL-MARGIN,V0.7-CONTROLLED-RESEARCH-SCREEN-NOT-DISTRIBUTION
SCR-0007,1e-07,0.004846153846153846,221,126330.78835085906,126330,0.00943517112346405,0.04577328511764535,POSITIVE-MODEL-MARGIN,V0.7-CONTROLLED-RESEARCH-SCREEN-NOT-DISTRIBUTION
SCR-0008,1e-07,0.005,221,125027.43142930474,125027,0.009587591638440057,0.04640196462326292,POSITIVE-MODEL-MARGIN,V0.7-CONTROLLED-RESEARCH-SCREEN-NOT-DISTRIBUTION
SCR-0009,1e-07,0.005153846153846154,221,123725.63110562578,123725,0.009740012153416064,0.04702976624451254,POSITIVE-MODEL-MARGIN,V0.7-CONTROLLED-RESEARCH-SCREEN-NOT-DISTRIBUTION
SCR-0010,1e-07,0.005461538461538462,221,121149.42324920003,121149,0.01004485318336808,0.04828281515721939,POSITIVE-MODEL-MARGIN,V0.7-CONTROLLED-RESEARCH-SCREEN-NOT-DISTRIBUTION
SCR-0011,1e-07,0.0057692307692307696,221,118592.15109916296,118592,0.010349694213320096,0.049532583067136975,POSITIVE-MODEL-MARGIN,V0.7-CONTROLLED-RESEARCH-SCREEN-NOT-DISTRIBUTION
SCR-0012,1e-07,0.006076923076923077,221,116062.21614394579,116062,0.010654535243272112,0.05077921014034406,POSITIVE-MODEL-MARGIN,V0.7-CONTROLLED-RESEARCH-SCREEN-NOT-DISTRIBUTION
SCR-0013,1e-07,0.006384615384615384,221,113549.8228409673,113549,0.010959376273224125,0.05202282659693855,POSITIVE-MODEL-MARGIN,V0.7-CONTROLLED-RESEARCH-SCREEN-NOT-DISTRIBUTION
SCR-0014,1e-07,0.006692307692307693,221,111063.34370097019,111063,0.011264217303176142,0.053263553673494085,POSITIVE-MODEL-MARGIN,V0.7-CONTROLLED-RESEARCH-SCREEN-NOT-DISTRIBUTION
SCR-0015,1e-07,0.007,221,108597.62585866511,108597,0.011569058333128159,0.05450150446892825,POSITIVE-MODEL-MARGIN,V0.7-CONTROLLED-RESEARCH-SCREEN-NOT-DISTRIBUTION
SCR-0016,1e-07,0.007307692307692308,221,106152.08274425338,106152,0.011873899363080174,0.05573678469059435,POSITIVE-MODEL-MARGIN,V0.7-CONTROLLED-RESEARCH-SCREEN-NOT-DISTRIBUTION
SCR-0017,1e-07,0.007615384615384616,221,103730.5559596446,103730,0.012178740393032189,0.056969493314617065,POSITIVE-MODEL-MARGIN,V0.7-CONTROLLED-RESEARCH-SCREEN-NOT-DISTRIBUTION
SCR-0018,1e-07,0.007923076923076923,221,101323.70443415317,101323,0.012483581422984205,0.05819972317222147,POSITIVE-MODEL-MARGIN,V0.7-CONTROLLED-RESEARCH-SCREEN-NOT-DISTRIBUTION
SCR-0019,1e-07,0.00823076923076923,221,98935.45266407267,98935,0.012788422452936219,0.05942756147194868,POSITIVE-MODEL-MARGIN,V0.7-CONTROLLED-RESEARCH-SCREEN-NOT-DISTRIBUTION
SCR-0020,1e-07,0.00853846153846154,221,96569.65155778448,96569,0.013093263482888235,0.06065309026612524,POSITIVE-MODEL-MARGIN,V0.7-CONTROLLED-RESEARCH-SCREEN-NOT-DISTRIBUTION
SCR-0021,1e-07,0.008846153846153847,221,94221.48394585495,94221,0.013398104512840252,0.061876386868692755,POSITIVE-MODEL-MARGIN,V0.7-CONTROLLED-RESEARCH-SCREEN-NOT-DISTRIBUTION
SCR-0022,1e-07,0.009153846153846155,221,91886.24882080317,91886,0.013702945542792265,0.06309752423045778,POSITIVE-MODEL-MARGIN,V0.7-CONTROLLED-RESEARCH-SCREEN-NOT-DISTRIBUTION
SCR-0023,1e-07,0.009461538461538462,221,89572.11672650637,89572,0.014007786572744282,0.06431657127694912,POSITIVE-MODEL-MARGIN,V0.7-CONTROLLED-RESEARCH-SCREEN-NOT-DISTRIBUTION
SCR-0024,1e-07,0.00976923076923077,221,87274.40287790583,87274,0.014312627602696299,0.06553359321333932,POSITIVE-MODEL-MARGIN,V0.7-CONTROLLED-RESEARCH-SCREEN-NOT-DISTRIBUTION
SCR-0025,1e-07,0.010076923076923077,221,84992.73918321024,84992,0.014617468632648312,0.06674865180027262,POSITIVE-MODEL-MARGIN,V0.7-CONTROLLED-RESEARCH-SCREEN-NOT-DISTRIBUTION
SCR-0026,1e-07,0.010384615384615384,220,82726.99624007447,82726,0.014907979110419991,0.06792103753495893,POSITIVE-MODEL-MARGIN,V0.7-CONTROLLED-RESEARCH-SCREEN-NOT-DISTRIBUTION
SCR-0027,1e-07,0.010692307692307692,220,80476.95004840667,80476,0.015212829146219681,0.06913268503791414,POSITIVE-MODEL-MARGIN,V0.7-CONTROLLED-RESEARCH-SCREEN-NOT-DISTRIBUTION
SCR-0028,1e-07,0.011,220,78246.1044885205,78246,0.015517679182019366,0.07034253253217812,POSITIVE-MODEL-MARGIN,V0.7-CONTROLLED-RESEARCH-SCREEN-NOT-DISTRIBUTION
SCR-0029,1e-07,0.011307692307692307,219,76029.41076667795,76029,0.015808221135277762,0.0715110272127735,POSITIVE-MODEL-MARGIN,V0.7-CONTROLLED-RESEARCH-SCREEN-NOT-DISTRIBUTION
SCR-0030,1e-07,0.011615384615384614,218,73827.43960604553,73827,0.016098799706752553,0.07267891554793615,POSITIVE-MODEL-MARGIN,V0.7-CONTROLLED-RESEARCH-SCREEN-NOT-DISTRIBUTION
SCR-0031,1e-07,0.011923076923076925,217,71642.49875299471,71642,0.01638939107876494,0.07384597096264864,POSITIVE-MODEL-MARGIN,V0.7-CONTROLLED-RESEARCH-SCREEN-NOT-DISTRIBUTION
SCR-0032,1e-07,0.012230769230769233,216,69474.33142614283,69474,0.01667999499413387,0.07501223591645895,POSITIVE-MODEL-MARGIN,V0.7-CONTROLLED-RESEARCH-SCREEN-NOT-DISTRIBUTION
SCR-0033,1e-07,0.01253846153846154,211,67324.47185182995,67324,0.016913675707381014,0.07603235611254532,POSITIVE-MODEL-MARGIN,V0.7-CONTROLLED-RESEARCH-SCREEN-NOT-DISTRIBUTION
SCR-0034,1e-07,0.012846153846153847,211,65187.623056771256,65187,0.017218606698635924,0.07723543708549159,POSITIVE-MODEL-MARGIN,V0.7-CONTROLLED-RESEARCH-SCREEN-NOT-DISTRIBUTION
SCR-0035,1e-07,0.013153846153846155,210,63067.984900904885,63067,0.017509321258307925,0.07840196142223085,POSITIVE-MODEL-MARGIN,V0.7-CONTROLLED-RESEARCH-SCREEN-NOT-DISTRIBUTION
SCR-0036,1e-07,0.013461538461538462,210,60961.8573848319,60961,0.017814261234511176,0.07960239684949907,POSITIVE-MODEL-MARGIN,V0.7-CONTROLLED-RESEARCH-SCREEN-NOT-DISTRIBUTION
SCR-0037,1e-07,0.01376923076923077,209,58869.08120552934,58869,0.01810501782097689,0.08076750679920758,POSITIVE-MODEL-MARGIN,V0.7-CONTROLLED-RESEARCH-SCREEN-NOT-DISTRIBUTION
SCR-0038,1e-07,0.014076923076923077,206,56793.32150734122,56793,0.018367484192820322,0.08186703805599738,POSITIVE-MODEL-MARGIN,V0.7-CONTROLLED-RESEARCH-SCREEN-NOT-DISTRIBUTION
SCR-0039,1e-07,0.014384615384615385,205,54731.46614476908,54731,0.018658305366508175,0.0830327601053309,POSITIVE-MODEL-MARGIN,V0.7-CONTROLLED-RESEARCH-SCREEN-NOT-DISTRIBUTION
SCR-0040,1e-07,0.014692307692307692,204,52686.384723645075,52686,0.018949157473108127,0.08419832480415022,POSITIVE-MODEL-MARGIN,V0.7-CONTROLLED-RESEARCH-SCREEN-NOT-DISTRIBUTION
SCR-0041,1e-07,0.015,201,50652.851906054966,50652,0.019211808817312256,0.08530414476562798,POSITIVE-MODEL-MARGIN,V0.7-CONTROLLED-RESEARCH-SCREEN-NOT-DISTRIBUTION
SCR-0042,1.4871794871794872e-07,0.003,201,125372.5954648865,125372,0.009155339681626518,0.04562623396422734,POSITIVE-MODEL-MARGIN,V0.7-CONTROLLED-RESEARCH-SCREEN-NOT-DISTRIBUTION
SCR-0043,1.4871794871794872e-07,0.003307692307692308,200,122788.47424563699,122788,0.009437908890713727,0.04683399889852495,POSITIVE-MODEL-MARGIN,V0.7-CONTROLLED-RESEARCH-SCREEN-NOT-DISTRIBUTION
SCR-0044,1.4871794871794872e-07,0.0036153846153846154,200,120228.31376970738,120228,0.009741804035512776,0.04811367743016721,POSITIVE-MODEL-MARGIN,V0.7-CONTROLLED-RESEARCH-SCREEN-NOT-DISTRIBUTION
SCR-0045,1.4871794871794872e-07,0.003923076923076923,199,117696.68733570636,117696,0.010024428540930694,0.049316386171260655,POSITIVE-MODEL-MARGIN,V0.7-CONTROLLED-RESEARCH-SCREEN-NOT-DISTRIBUTION
SCR-0046,1.4871794871794872e-07,0.004230769230769231,199,115188.46952894166,115188,0.01032833687887334,0.05058978212101821,POSITIVE-MODEL-MARGIN,V0.7-CONTROLLED-RESEARCH-SCREEN-NOT-DISTRIBUTION
SCR-0047,1.4871794871794872e-07,0.004538461538461538,197,112705.78682953227,112705,0.010589734496302612,0.051715744461607586,POSITIVE-MODEL-MARGIN,V0.7-CONTROLLED-RESEARCH-SCREEN-NOT-DISTRIBUTION
SCR-0048,1.4871794871794872e-07,0.004846153846153846,196,110242.39601436815,110242,0.010872447996649201,0.05291291458056627,POSITIVE-MODEL-MARGIN,V0.7-CONTROLLED-RESEARCH-SCREEN-NOT-DISTRIBUTION
SCR-0049,1.4871794871794872e-07,0.005,196,109023.28631379888,109023,0.011024421959181888,0.05354618577778064,POSITIVE-MODEL-MARGIN,V0.7-CONTROLLED-RESEARCH-SCREEN-NOT-DISTRIBUTION
SCR-0050,1.4871794871794872e-07,0.005153846153846154,196,107804.89532791472,107804,0.011176395921714573,0.05417872079815147,POSITIVE-MODEL-MARGIN,V0.7-CONTROLLED-RESEARCH-SCREEN-NOT-DISTRIBUTION
SCR-0051,1.4871794871794872e-07,0.005461538461538462,194,105390.55766343708,105390,0.011437992359883145,0.055302790462257154,POSITIVE-MODEL-MARGIN,V0.7-CONTROLLED-RESEARCH-SCREEN-NOT-DISTRIBUTION
SCR-0052,1.4871794871794872e-07,0.0057692307692307696,194,102994.32891807084,102994,0.011741966635236053,0.05656406659861253,POSITIVE-MODEL-MARGIN,V0.7-CONTROLLED-RESEARCH-SCREEN-NOT-DISTRIBUTION
SCR-0053,1.4871794871794872e-07,0.006076923076923077,194,100621.98947277428,100621,0.012045940910588955,0.05782265043319567,POSITIVE-MODEL-MARGIN,V0.7-CONTROLLED-RESEARCH-SCREEN-NOT-DISTRIBUTION
SCR-0054,1.4871794871794872e-07,0.006384615384615384,194,98268.55583695,98268,0.01234991518594186,0.05907863989769192,POSITIVE-MODEL-MARGIN,V0.7-CONTROLLED-RESEARCH-SCREEN-NOT-DISTRIBUTION
SCR-0055,1.4871794871794872e-07,0.006692307692307693,194,95933.53154074178,95933,0.012653889461294768,0.0603321269456317,POSITIVE-MODEL-MARGIN,V0.7-CONTROLLED-RESEARCH-SCREEN-NOT-DISTRIBUTION
SCR-0056,1.4871794871794872e-07,0.007,191,93621.16959355399,93621,0.01289461873094917,0.061385811490622444,POSITIVE-MODEL-MARGIN,V0.7-CONTROLLED-RESEARCH-SCREEN-NOT-DISTRIBUTION
SCR-0057,1.4871794871794872e-07,0.007307692307692308,190,91324.66953352206,91324,0.013177583639926225,0.062571630495216,POSITIVE-MODEL-MARGIN,V0.7-CONTROLLED-RESEARCH-SCREEN-NOT-DISTRIBUTION
SCR-0058,1.4871794871794872e-07,0.007615384615384616,190,89048.66142676423,89048,0.01348161053316985,0.06382026017979193,POSITIVE-MODEL-MARGIN,V0.7-CONTROLLED-RESEARCH-SCREEN-NOT-DISTRIBUTION
SCR-0059,1.4871794871794872e-07,0.007923076923076923,188,86791.70506968658,86791,0.013743617459391453,0.0649408646439787,POSITIVE-MODEL-MARGIN,V0.7-CONTROLLED-RESEARCH-SCREEN-NOT-DISTRIBUTION
SCR-0060,1.4871794871794872e-07,0.00823076923076923,188,84554.21687907338,84554,0.014047670627438719,0.06618622672925817,POSITIVE-MODEL-MARGIN,V0.7-CONTROLLED-RESEARCH-SCREEN-NOT-DISTRIBUTION
SCR-0061,1.4871794871794872e-07,0.00853846153846154,187,82329.43848897608,82329,0.014330751179407065,0.06736823885953767,POSITIVE-MODEL-MARGIN,V0.7-CONTROLLED-RESEARCH-SCREEN-NOT-DISTRIBUTION
SCR-0062,1.4871794871794872e-07,0.008846153846153847,188,80126.68375370266,80126,0.014655776963533254,0.0686707441805202,POSITIVE-MODEL-MARGIN,V0.7-CONTROLLED-RESEARCH-SCREEN-NOT-DISTRIBUTION
SCR-0063,1.4871794871794872e-07,0.009153846153846155,184,77939.8954602949,77939,0.014876080224160003,0.06967160754711073,POSITIVE-MODEL-MARGIN,V0.7-CONTROLLED-RESEARCH-SCREEN-NOT-DISTRIBUTION
SCR-0064,1.4871794871794872e-07,0.009461538461538462,184,75771.18479236323,75771,0.01518018589177336,0.07091113798436954,POSITIVE-MODEL-MARGIN,V0.7-CONTROLLED-RESEARCH-SCREEN-NOT-DISTRIBUTION
SCR-0065,1.4871794871794872e-07,0.00976923076923077,183,73617.29368180098,73617,0.01546339264782851,0.07209125390037341,POSITIVE-MODEL-MARGIN,V0.7-CONTROLLED-RESEARCH-SCREEN-NOT-DISTRIBUTION
SCR-0066,1.4871794871794872e-07,0.010076923076923077,182,71479.9611716491,71479,0.015746660658356112,0.07327137113254485,POSITIVE-MODEL-MARGIN,V0.7-CONTROLLED-RESEARCH-SCREEN-NOT-DISTRIBUTION
SCR-0067,1.4871794871794872e-07,0.010384615384615384,182,69359.96980663361,69359,0.016050792538298764,0.07450651571787899,POSITIVE-MODEL-MARGIN,V0.7-CONTROLLED-RESEARCH-SCREEN-NOT-DISTRIBUTION
SCR-0068,1.4871794871794872e-07,0.010692307692307692,181,67256.14856906915,67256,0.01633410235494244,0.0756851745682561,POSITIVE-MODEL-MARGIN,V0.7-CONTROLLED-RESEARCH-SCREEN-NOT-DISTRIBUTION
SCR-0069,1.4871794871794872e-07,0.011,179,65169.78090618445,65169,0.016596665213934204,0.07681062936897909,POSITIVE-MODEL-MARGIN,V0.7-CONTROLLED-RESEARCH-SCREEN-NOT-DISTRIBUTION
SCR-0070,1.4871794871794872e-07,0.011307692307692307,179,63096.93752813839,63096,0.01690083635208244,0.07804234941124805,POSITIVE-MODEL-MARGIN,V0.7-CONTROLLED-RESEARCH-SCREEN-NOT-DISTRIBUTION
SCR-0071,1.4871794871794872e-07,0.011615384615384614,178,61037.10633636894,61037,0.01718425881099122,0.07922096734155945,POSITIVE-MODEL-MARGIN,V0.7-CONTROLLED-RESEARCH-SCREEN-NOT-DISTRIBUTION
SCR-0072,1.4871794871794872e-07,0.011923076923076925,175,58996.093276789405,58996,0.017426290872547646,0.08030057094293439,POSITIVE-MODEL-MARGIN,V0.7-CONTROLLED-RESEARCH-SCREEN-NOT-DISTRIBUTION
SCR-0073,1.4871794871794872e-07,0.012230769230769233,175,56973.359128716744,56973,0.017730514264616193,0.0815298112314686,POSITIVE-MODEL-MARGIN,V0.7-CONTROLLED-RESEARCH-SCREEN-NOT-DISTRIBUTION
SCR-0074,1.4871794871794872e-07,0.01253846153846154,173,54959.74845184295,54959,0.017993422817012047,0.08266332335168464,POSITIVE-MODEL-MARGIN,V0.7-CONTROLLED-RESEARCH-SCREEN-NOT-DISTRIBUTION
SCR-0075,1.4871794871794872e-07,0.012846153846153847,173,52963.39132177224,52963,0.01829767228757343,0.08389072299768906,POSITIVE-MODEL-MARGIN,V0.7-CONTROLLED-RESEARCH-SCREEN-NOT-DISTRIBUTION
SCR-0076,1.4871794871794872e-07,0.013153846153846155,170,50980.93350206194,50980,0.018540110947347987,0.0849837077088823,POSITIVE-MODEL-MARGIN,V0.7-CONTROLLED-RESEARCH-SCREEN-NOT-DISTRIBUTION
SCR-0077,1.4871794871794872e-07,0.013461538461538462,170,49011.33880904479,49011,0.018844399483056905,0.08621001207410868,POSITIVE-MODEL-MARGIN,V0.7-CONTROLLED-RESEARCH-SCREEN-NOT-DISTRIBUTION
SCR-0078,1.4871794871794872e-07,0.01376923076923077,168,47058.01948750526,47058,0.01910762797650574,0.08735259494956457,POSITIVE-MODEL-MARGIN,V0.7-CONTROLLED-RESEARCH-SCREEN-NOT-DISTRIBUTION
SCR-0079,1.4871794871794872e-07,0.014076923076923077,167,45118.67333779991,45118,0.019391426832712232,0.08853770177431027,POSITIVE-MODEL-MARGIN,V0.7-CONTROLLED-RESEARCH-SCREEN-NOT-DISTRIBUTION
SCR-0080,1.4871794871794872e-07,0.014384615384615385,166,43197.50601330594,43197,0.019675271426679963,0.08972355923588533,POSITIVE-MODEL-MARGIN,V0.7-CONTROLLED-RESEARCH-SCREEN-NOT-DISTRIBUTION
SCR-0081,1.4871794871794872e-07,0.014692307692307692,166,41285.13378559476,41285,0.0199796119146706,0.09094688692598281,POSITIVE-MODEL-MARGIN,V0.7-CONTROLLED-RESEARCH-SCREEN-NOT-DISTRIBUTION
SCR-0082,1.4871794871794872e-07,0.015,162,39387.65698971383,39387,0.020202300783231226,0.0920300584749943,POSITIVE-MODEL-MARGIN,V0.7-CONTROLLED-RESEARCH-SCREEN-NOT-DISTRIBUTION
SCR-0083,1.9743589743589744e-07,0.003,175,111076.10857083923,111076,0.010253966580231463,0.05147172465138104,POSITIVE-MODEL-MARGIN,V0.7-CONTROLLED-RESEARCH-SCREEN-NOT-DISTRIBUTION
SCR-0084,1.9743589743589744e-07,0.003307692307692308,175,108653.26723631818,108653,0.010557168392629365,0.052767306880893025,POSITIVE-MODEL-MARGIN,V0.7-CONTROLLED-RESEARCH-SCREEN-NOT-DISTRIBUTION
SCR-0085,1.9743589743589744e-07,0.0036153846153846154,173,106255.60186758883,106255,0.01080489011871901,0.053872147527256053,POSITIVE-MODEL-MARGIN,V0.7-CONTROLLED-RESEARCH-SCREEN-NOT-DISTRIBUTION
SCR-0086,1.9743589743589744e-07,0.003923076923076923,173,103880.13456266421,103880,0.011108126321390186,0.055163015157869255,POSITIVE-MODEL-MARGIN,V0.7-CONTROLLED-RESEARCH-SCREEN-NOT-DISTRIBUTION
SCR-0087,1.9743589743589744e-07,0.004230769230769231,173,101524.88863705486,101524,0.011411362524061363,0.05645087973531734,POSITIVE-MODEL-MARGIN,V0.7-CONTROLLED-RESEARCH-SCREEN-NOT-DISTRIBUTION
SCR-0088,1.9743589743589744e-07,0.004538461538461538,171,99189.65760574295,99189,0.011659274490536586,0.05755479049656198,POSITIVE-MODEL-MARGIN,V0.7-CONTROLLED-RESEARCH-SCREEN-NOT-DISTRIBUTION
SCR-0089,1.9743589743589744e-07,0.004846153846153846,171,96878.52326653538,96878,0.011962545050766047,0.0588385547108623,POSITIVE-MODEL-MARGIN,V0.7-CONTROLLED-RESEARCH-SCREEN-NOT-DISTRIBUTION
SCR-0090,1.9743589743589744e-07,0.005,169,95732.27926982525,95732,0.012058991208813773,0.059302786581157875,POSITIVE-MODEL-MARGIN,V0.7-CONTROLLED-RESEARCH-SCREEN-NOT-DISTRIBUTION
SCR-0091,1.9743589743589744e-07,0.005153846153846154,169,94588.84673475871,94588,0.012210643641731635,0.059943775944955896,POSITIVE-MODEL-MARGIN,V0.7-CONTROLLED-RESEARCH-SCREEN-NOT-DISTRIBUTION
SCR-0092,1.9743589743589744e-07,0.005461538461538462,169,92315.55835704706,92315,0.012513948507567365,0.06122379342541692,POSITIVE-MODEL-MARGIN,V0.7-CONTROLLED-RESEARCH-SCREEN-NOT-DISTRIBUTION
SCR-0093,1.9743589743589744e-07,0.0057692307692307696,169,90064.32690277354,90064,0.01281725337340309,0.0625012717185968,POSITIVE-MODEL-MARGIN,V0.7-CONTROLLED-RESEARCH-SCREEN-NOT-DISTRIBUTION
SCR-0094,1.9743589743589744e-07,0.006076923076923077,169,87830.31440868891,87830,0.01312055823923882,0.06377629712847904,POSITIVE-MODEL-MARGIN,V0.7-CONTROLLED-RESEARCH-SCREEN-NOT-DISTRIBUTION
SCR-0095,1.9743589743589744e-07,0.006384615384615384,167,85612.89668662312,85612,0.013368901242776768,0.06488149629319775,POSITIVE-MODEL-MARGIN,V0.7-CONTROLLED-RESEARCH-SCREEN-NOT-DISTRIBUTION
SCR-0096,1.9743589743589744e-07,0.006692307692307693,167,83417.80073970639,83417,0.013672240368786578,0.06615338013263972,POSITIVE-MODEL-MARGIN,V0.7-CONTROLLED-RESEARCH-SCREEN-NOT-DISTRIBUTION
SCR-0097,1.9743589743589744e-07,0.007,166,81238.05305638547,81238,0.013948151795641696,0.06734163431025292,POSITIVE-MODEL-MARGIN,V0.7-CONTROLLED-RESEARCH-SCREEN-NOT-DISTRIBUTION
SCR-0098,1.9743589743589744e-07,0.007307692307692308,166,79075.42398562774,79075,0.014251508039897803,0.06860986643272587,POSITIVE-MODEL-MARGIN,V0.7-CONTROLLED-RESEARCH-SCREEN-NOT-DISTRIBUTION
SCR-0099,1.9743589743589744e-07,0.007615384615384616,164,76931.77655638166,76931,0.014500148727785767,0.06971830197352255,POSITIVE-MODEL-MARGIN,V0.7-CONTROLLED-RESEARCH-SCREEN-NOT-DISTRIBUTION
SCR-0100,1.9743589743589744e-07,0.007923076923076923,164,74805.36555970185,74805,0.01480353916393583,0.07098389090623607,POSITIVE-MODEL-MARGIN,V0.7-CONTROLLED-RESEARCH-SCREEN-NOT-DISTRIBUTION
SCR-0101,1.9743589743589744e-07,0.00823076923076923,162,72694.83176823297,72694,0.01505236802733508,0.07209565078372734,POSITIVE-MODEL-MARGIN,V0.7-CONTROLLED-RESEARCH-SCREEN-NOT-DISTRIBUTION
SCR-0102,1.9743589743589744e-07,0.00853846153846154,161,70601.79034229506,70601,0.015328557397341493,0.07328475000521942,POSITIVE-MODEL-MARGIN,V0.7-CONTROLLED-RESEARCH-SCREEN-NOT-DISTRIBUTION
SCR-0103,1.9743589743589744e-07,0.008846153846153847,161,68525.47563853237,68525,0.015631999023143595,0.07454678796502844,POSITIVE-MODEL-MARGIN,V0.7-CONTROLLED-RESEARCH-SCREEN-NOT-DISTRIBUTION
SCR-0104,1.9743589743589744e-07,0.009153846153846155,160,66463.90944763398,66463,0.01590825661508867,0.07573517649426643,POSITIVE-MODEL-MARGIN,V0.7-CONTROLLED-RESEARCH-SCREEN-NOT-DISTRIBUTION
SCR-0105,1.9743589743589744e-07,0.009461538461538462,159,64418.582327305405,64418,0.016184563897950657,0.07692404764477156,POSITIVE-MODEL-MARGIN,V0.7-CONTROLLED-RESEARCH-SCREEN-NOT-DISTRIBUTION
SCR-0106,1.9743589743589744e-07,0.00976923076923077,158,62389.31148100377,62389,0.016460919386444863,0.07811346242336738,POSITIVE-MODEL-MARGIN,V0.7-CONTROLLED-RESEARCH-SCREEN-NOT-DISTRIBUTION
SCR-0107,1.9743589743589744e-07,0.010076923076923077,158,60373.838457765065,60373,0.016764412105639018,0.07937066032284823,POSITIVE-MODEL-MARGIN,V0.7-CONTROLLED-RESEARCH-SCREEN-NOT-DISTRIBUTION
SCR-0108,1.9743589743589744e-07,0.010384615384615384,156,58375.69341937069,58375,0.017013808009469646,0.08049457038334673,POSITIVE-MODEL-MARGIN,V0.7-CONTROLLED-RESEARCH-SCREEN-NOT-DISTRIBUTION
SCR-0109,1.9743589743589744e-07,0.010692307692307692,156,56391.84971985012,56391,0.017317334725105063,0.08175000785100658,POSITIVE-MODEL-MARGIN,V0.7-CONTROLLED-RESEARCH-SCREEN-NOT-DISTRIBUTION
SCR-0110,1.9743589743589744e-07,0.011,154,54425.85997482633,54425,0.017566909767734444,0.08287898993832755,POSITIVE-MODEL-MARGIN,V0.7-CONTROLLED-RESEARCH-SCREEN-NOT-DISTRIBUTION
SCR-0111,1.9743589743589744e-07,0.011307692307692307,154,52472.812196707084,52472,0.017870470431266536,0.08413283416832296,POSITIVE-MODEL-MARGIN,V0.7-CONTROLLED-RESEARCH-SCREEN-NOT-DISTRIBUTION
SCR-0112,1.9743589743589744e-07,0.011615384615384614,152,50532.11723609732,50532,0.018120250378594636,0.0852676214338223,POSITIVE-MODEL-MARGIN,V0.7-CONTROLLED-RESEARCH-SCREEN-NOT-DISTRIBUTION
SCR-0113,1.9743589743589744e-07,0.011923076923076925,152,48609.12034552954,48609,0.018423844925092827,0.08652003374423206,POSITIVE-MODEL-MARGIN,V0.7-CONTROLLED-RESEARCH-SCREEN-NOT-DISTRIBUTION
SCR-0114,1.9743589743589744e-07,0.012230769230769233,150,46697.497450589864,46697,0.018673816226638558,0.08766095543899519,POSITIVE-MODEL-MARGIN,V0.7-CONTROLLED-RESEARCH-SCREEN-NOT-DISTRIBUTION
SCR-0115,1.9743589743589744e-07,0.01253846153846154,149,44803.91770564265,44803,0.01895068887764467,0.08885964572015269,POSITIVE-MODEL-MARGIN,V0.7-CONTROLLED-RESEARCH-SCREEN-NOT-DISTRIBUTION
SCR-0116,1.9743589743589744e-07,0.012846153846153847,147,42923.2438345988,42923,0.019200925723878968,0.09001049746778567,POSITIVE-MODEL-MARGIN,V0.7-CONTROLLED-RESEARCH-SCREEN-NOT-DISTRIBUTION
SCR-0117,1.9743589743589744e-07,0.013153846153846155,147,41059.69726034391,41059,0.019504604718755418,0.09126138309343836,POSITIVE-MODEL-MARGIN,V0.7-CONTROLLED-RESEARCH-SCREEN-NOT-DISTRIBUTION
SCR-0118,1.9743589743589744e-07,0.013461538461538462,147,39206.83883980425,39206,0.019808283713631865,0.09251087557211593,POSITIVE-MODEL-MARGIN,V0.7-CONTROLLED-RESEARCH-SCREEN-NOT-DISTRIBUTION
SCR-0119,1.9743589743589744e-07,0.01376923076923077,144,37370.43818091267,37370,0.02003218600401343,0.0936267709485934,POSITIVE-MODEL-MARGIN,V0.7-CONTROLLED-RESEARCH-SCREEN-NOT-DISTRIBUTION
SCR-0120,1.9743589743589744e-07,0.014076923076923077,143,35547.39321551727,35547,0.020309396913770386,0.09483583293709665,POSITIVE-MODEL-MARGIN,V0.7-CONTROLLED-RESEARCH-SCREEN-NOT-DISTRIBUTION
SCR-0121,1.9743589743589744e-07,0.014384615384615385,142,33736.2291919301,33736,0.02058666666693239,0.09604682469134761,POSITIVE-MODEL-MARGIN,V0.7-CONTROLLED-RESEARCH-SCREEN-NOT-DISTRIBUTION
SCR-0122,1.9743589743589744e-07,0.014692307692307692,141,31940.741042221216,31940,0.020863993311300937,0.09725981318927679,POSITIVE-MODEL-MARGIN,V0.7-CONTROLLED-RESEARCH-SCREEN-NOT-DISTRIBUTION
SCR-0123,1.9743589743589744e-07,0.015,140,30158.50536503064,30158,0.021141412108759063,0.09847532958568866,POSITIVE-MODEL-MARGIN,V0.7-CONTROLLED-RESEARCH-SCREEN-NOT-DISTRIBUTION
SCR-0124,2.461538461538461e-07,0.003,155,98826.45858959785,98826,0.01120900565627396,0.056845657786786796,POSITIVE-MODEL-MARGIN,V0.7-CONTROLLED-RESEARCH-SCREEN-NOT-DISTRIBUTION
SCR-0125,2.461538461538461e-07,0.003307692307692308,155,96543.05910973423,96543,0.011511616234161663,0.05815638713042925,POSITIVE-MODEL-MARGIN,V0.7-CONTROLLED-RESEARCH-SCREEN-NOT-DISTRIBUTION
SCR-0126,2.461538461538461e-07,0.0036153846153846154,155,94278.66522411739,94278,0.011814226812049364,0.05946417790594464,POSITIVE-MODEL-MARGIN,V0.7-CONTROLLED-RESEARCH-SCREEN-NOT-DISTRIBUTION
SCR-0127,2.461538461538461e-07,0.003923076923076923,154,92035.91105224022,92035,0.012082932469700316,0.06066016346567467,POSITIVE-MODEL-MARGIN,V0.7-CONTROLLED-RESEARCH-SCREEN-NOT-DISTRIBUTION
SCR-0128,2.461538461538461e-07,0.004230769230769231,154,89808.60001210745,89808,0.012385564077165975,0.061963417910543286,POSITIVE-MODEL-MARGIN,V0.7-CONTROLLED-RESEARCH-SCREEN-NOT-DISTRIBUTION
SCR-0129,2.461538461538461e-07,0.004538461538461538,153,87600.95398062293,87600,0.012654388632290396,0.0631580627738796,POSITIVE-MODEL-MARGIN,V0.7-CONTROLLED-RESEARCH-SCREEN-NOT-DISTRIBUTION
SCR-0130,2.461538461538461e-07,0.004846153846153846,153,85413.36675208835,85413,0.012957041234675564,0.06445712467714652,POSITIVE-MODEL-MARGIN,V0.7-CONTROLLED-RESEARCH-SCREEN-NOT-DISTRIBUTION
SCR-0131,2.461538461538461e-07,0.005,151,84326.7547600863,84326,0.013040878146434433,0.0648989777247,POSITIVE-MODEL-MARGIN,V0.7-CONTROLLED-RESEARCH-SCREEN-NOT-DISTRIBUTION
SCR-0132,2.461538461538461e-07,0.005153846153846154,151,83244.1502195797,83244,0.013192225423360657,0.06554797942290172,POSITIVE-MODEL-MARGIN,V0.7-CONTROLLED-RESEARCH-SCREEN-NOT-DISTRIBUTION
SCR-0133,2.461538461538461e-07,0.005461538461538462,151,81095.44103127156,81095,0.013494919977213103,0.06684417138096137,POSITIVE-MODEL-MARGIN,V0.7-CONTROLLED-RESEARCH-SCREEN-NOT-DISTRIBUTION
SCR-0134,2.461538461538461e-07,0.0057692307692307696,151,78962.64199952688,78962,0.01379761453106555,0.06813801260485168,POSITIVE-MODEL-MARGIN,V0.7-CONTROLLED-RESEARCH-SCREEN-NOT-DISTRIBUTION
SCR-0135,2.461538461538461e-07,0.006076923076923077,150,76846.14674528422,76846,0.01406666454567039,0.06933085469203289,POSITIVE-MODEL-MARGIN,V0.7-CONTROLLED-RESEARCH-SCREEN-NOT-DISTRIBUTION
SCR-0136,2.461538461538461e-07,0.006384615384615384,150,74749.2431498826,74749,0.014369380058598374,0.07062120872894069,POSITIVE-MODEL-MARGIN,V0.7-CONTROLLED-RESEARCH-SCREEN-NOT-DISTRIBUTION
SCR-0137,2.461538461538461e-07,0.006692307692307693,149,72667.72463076237,72667,0.014638539957287767,0.07181375458363223,POSITIVE-MODEL-MARGIN,V0.7-CONTROLLED-RESEARCH-SCREEN-NOT-DISTRIBUTION
SCR-0138,2.461538461538461e-07,0.007,147,70604.95395152507,70604,0.014874291169174035,0.07291437341514562,POSITIVE-MODEL-MARGIN,V0.7-CONTROLLED-RESEARCH-SCREEN-NOT-DISTRIBUTION
SCR-0139,2.461538461538461e-07,0.007307692307692308,146,68558.06338096672,68558,0.015143635360405238,0.07411065756880718,POSITIVE-MODEL-MARGIN,V0.7-CONTROLLED-RESEARCH-SCREEN-NOT-DISTRIBUTION
SCR-0140,2.461538461538461e-07,0.007615384615384616,146,66527.11834986179,66527,0.01544643449007256,0.07539676645963705,POSITIVE-MODEL-MARGIN,V0.7-CONTROLLED-RESEARCH-SCREEN-NOT-DISTRIBUTION
SCR-0141,2.461538461538461e-07,0.007923076923076923,145,64513.37748901215,64513,0.01571587922235297,0.07659329352488423,POSITIVE-MODEL-MARGIN,V0.7-CONTROLLED-RESEARCH-SCREEN-NOT-DISTRIBUTION
SCR-0142,2.461538461538461e-07,0.00823076923076923,145,62510.68427267491,62510,0.016018699208305474,0.07787657093310442,POSITIVE-MODEL-MARGIN,V0.7-CONTROLLED-RESEARCH-SCREEN-NOT-DISTRIBUTION
SCR-0143,2.461538461538461e-07,0.00853846153846154,144,60529.20164179573,60529,0.01628824202611751,0.07907356677422765,POSITIVE-MODEL-MARGIN,V0.7-CONTROLLED-RESEARCH-SCREEN-NOT-DISTRIBUTION
SCR-0144,2.461538461538461e-07,0.008846153846153847,142,58562.52595337289,58562,0.01652466723772058,0.08019094753924474,POSITIVE-MODEL-MARGIN,V0.7-CONTROLLED-RESEARCH-SCREEN-NOT-DISTRIBUTION
SCR-0145,2.461538461538461e-07,0.009153846153846155,142,56610.49173161087,56610,0.01682754966501524,0.08147189312010054,POSITIVE-MODEL-MARGIN,V0.7-CONTROLLED-RESEARCH-SCREEN-NOT-DISTRIBUTION
SCR-0146,2.461538461538461e-07,0.009461538461538462,141,54673.017971557936,54673,0.017097309615602976,0.08267337017730081,POSITIVE-MODEL-MARGIN,V0.7-CONTROLLED-RESEARCH-SCREEN-NOT-DISTRIBUTION
SCR-0147,2.461538461538461e-07,0.00976923076923077,140,52750.10634184506,52750,0.017367183693260412,0.08387696326654975,POSITIVE-MODEL-MARGIN,V0.7-CONTROLLED-RESEARCH-SCREEN-NOT-DISTRIBUTION
SCR-0148,2.461538461538461e-07,0.010076923076923077,140,50841.41218357764,50841,0.01767010762744951,0.08515492351409791,POSITIVE-MODEL-MARGIN,V0.7-CONTROLLED-RESEARCH-SCREEN-NOT-DISTRIBUTION
SCR-0149,2.461538461538461e-07,0.010384615384615384,138,48947.18219612957,48947,0.017907123646746115,0.0862893831574132,POSITIVE-MODEL-MARGIN,V0.7-CONTROLLED-RESEARCH-SCREEN-NOT-DISTRIBUTION
SCR-0150,2.461538461538461e-07,0.010692307692307692,138,47068.715221073835,47068,0.018210088999912763,0.08756627872791806,POSITIVE-MODEL-MARGIN,V0.7-CONTROLLED-RESEARCH-SCREEN-NOT-DISTRIBUTION
SCR-0151,2.461538461538461e-07,0.011,136,45206.38851667962,45206,0.018447394986504956,0.08871025094100812,POSITIVE-MODEL-MARGIN,V0.7-CONTROLLED-RESEARCH-SCREEN-NOT-DISTRIBUTION
SCR-0152,2.461538461538461e-07,0.011307692307692307,136,43357.466651869945,43357,0.018750401654379554,0.08998625647494896,POSITIVE-MODEL-MARGIN,V0.7-CONTROLLED-RESEARCH-SCREEN-NOT-DISTRIBUTION
SCR-0153,2.461538461538461e-07,0.011615384615384614,135,41522.06054477307,41522,0.019020686954193143,0.09119979959548992,POSITIVE-MODEL-MARGIN,V0.7-CONTROLLED-RESEARCH-SCREEN-NOT-DISTRIBUTION
SCR-0154,2.461538461538461e-07,0.011923076923076925,134,39699.063069076416,39699,0.01929102395833992,0.09241548410586016,POSITIVE-MODEL-MARGIN,V0.7-CONTROLLED-RESEARCH-SCREEN-NOT-DISTRIBUTION
SCR-0155,2.461538461538461e-07,0.012230769230769233,133,37893.80102749654,37893,0.01956145583744659,0.09363389173500064,POSITIVE-MODEL-MARGIN,V0.7-CONTROLLED-RESEARCH-SCREEN-NOT-DISTRIBUTION
SCR-0156,2.461538461538461e-07,0.01253846153846154,132,36098.374458354556,36098,0.019831979651115262,0.09485510921528889,POSITIVE-MODEL-MARGIN,V0.7-CONTROLLED-RESEARCH-SCREEN-NOT-DISTRIBUTION
SCR-0157,2.461538461538461e-07,0.012846153846153847,131,34320.54510834895,34320,0.020102592445217147,0.09607922416820144,POSITIVE-MODEL-MARGIN,V0.7-CONTROLLED-RESEARCH-SCREEN-NOT-DISTRIBUTION
SCR-0158,2.461538461538461e-07,0.013153846153846155,130,32556.34901860505,32556,0.020373291250708206,0.09730632518252164,POSITIVE-MODEL-MARGIN,V0.7-CONTROLLED-RESEARCH-SCREEN-NOT-DISTRIBUTION
SCR-0159,2.461538461538461e-07,0.013461538461538462,128,30805.193153079617,30805,0.02061176404261989,0.09849573226249117,POSITIVE-MODEL-MARGIN,V0.7-CONTROLLED-RESEARCH-SCREEN-NOT-DISTRIBUTION
SCR-0160,2.461538461538461e-07,0.01376923076923077,128,29068.674733793658,29068,0.02091493493779457,0.09976984505672788,POSITIVE-MODEL-MARGIN,V0.7-CONTROLLED-RESEARCH-SCREEN-NOT-DISTRIBUTION
SCR-0161,2.461538461538461e-07,0.014076923076923077,126,27342.347550660143,27342,0.021153719858221776,0.10097289313539412,POSITIVE-MODEL-MARGIN,V0.7-CONTROLLED-RESEARCH-SCREEN-NOT-DISTRIBUTION
SCR-0162,2.461538461538461e-07,0.014384615384615385,125,25635.83999334257,25635,0.02142482792149276,0.10221681578093675,POSITIVE-MODEL-MARGIN,V0.7-CONTROLLED-RESEARCH-SCREEN-NOT-DISTRIBUTION
SCR-0163,2.461538461538461e-07,0.014692307692307692,124,23942.829074203608,23942,0.021696003597540422,0.10346425221391195,POSITIVE-MODEL-MARGIN,V0.7-CONTROLLED-RESEARCH-SCREEN-NOT-DISTRIBUTION
SCR-0164,2.461538461538461e-07,0.015,124,22259.532731768402,22259,0.021999255928182478,0.10473839564483496,POSITIVE-MODEL-MARGIN,V0.7-CONTROLLED-RESEARCH-SCREEN-NOT-DISTRIBUTION
SCR-0165,2.948717948717949e-07,0.003,142,88055.07471765109,88055,0.012184144566284298,0.06232310074538968,POSITIVE-MODEL-MARGIN,V0.7-CONTROLLED-RESEARCH-SCREEN-NOT-DISTRIBUTION
SCR-0166,2.948717948717949e-07,0.003307692307692308,141,85887.11817999823,85887,0.012446207138748326,0.06352266803804961,POSITIVE-MODEL-MARGIN,V0.7-CONTROLLED-RESEARCH-SCREEN-NOT-DISTRIBUTION
SCR-0167,2.948717948717949e-07,0.0036153846153846154,141,83734.94543625272,83734,0.01274823878304679,0.06484506300541656,POSITIVE-MODEL-MARGIN,V0.7-CONTROLLED-RESEARCH-SCREEN-NOT-DISTRIBUTION
SCR-0168,2.948717948717949e-07,0.003923076923076923,141,81603.78639814988,81603,0.013050270427345254,0.06616484752304617,POSITIVE-MODEL-MARGIN,V0.7-CONTROLLED-RESEARCH-SCREEN-NOT-DISTRIBUTION
SCR-0169,2.948717948717949e-07,0.004230769230769231,139,79487.58889323736,79487,0.013272761616263302,0.06724236931308923,POSITIVE-MODEL-MARGIN,V0.7-CONTROLLED-RESEARCH-SCREEN-NOT-DISTRIBUTION
SCR-0170,2.948717948717949e-07,0.004538461538461538,138,77391.9488029536,77391,0.013535134656668484,0.06844220498862612,POSITIVE-MODEL-MARGIN,V0.7-CONTROLLED-RESEARCH-SCREEN-NOT-DISTRIBUTION
SCR-0171,2.948717948717949e-07,0.004846153846153846,138,75315.52658738835,75315,0.013837240326199192,0.06975845119625837,POSITIVE-MODEL-MARGIN,V0.7-CONTROLLED-RESEARCH-SCREEN-NOT-DISTRIBUTION
SCR-0172,2.948717948717949e-07,0.005,138,74283.028249666,74283,0.013988293160964544,0.07041569456598526,POSITIVE-MODEL-MARGIN,V0.7-CONTROLLED-RESEARCH-SCREEN-NOT-DISTRIBUTION
SCR-0173,2.948717948717949e-07,0.005153846153846154,138,73254.28032996265,73254,0.014139345995729895,0.07107236354193729,POSITIVE-MODEL-MARGIN,V0.7-CONTROLLED-RESEARCH-SCREEN-NOT-DISTRIBUTION
SCR-0174,2.948717948717949e-07,0.005461538461538462,138,71207.86741747112,71207,0.014441451665260603,0.07238401316371054,POSITIVE-MODEL-MARGIN,V0.7-CONTROLLED-RESEARCH-SCREEN-NOT-DISTRIBUTION
SCR-0175,2.948717948717949e-07,0.0057692307692307696,136,69179.82448779685,69179,0.014664509948247728,0.07347265378236655,POSITIVE-MODEL-MARGIN,V0.7-CONTROLLED-RESEARCH-SCREEN-NOT-DISTRIBUTION
SCR-0176,2.948717948717949e-07,0.006076923076923077,136,67168.62337390055,67168,0.01496666483018852,0.07478250101968852,POSITIVE-MODEL-MARGIN,V0.7-CONTROLLED-RESEARCH-SCREEN-NOT-DISTRIBUTION
SCR-0177,2.948717948717949e-07,0.006384615384615384,135,65176.08178317417,65176,0.015229424327913493,0.07598449732509233,POSITIVE-MODEL-MARGIN,V0.7-CONTROLLED-RESEARCH-SCREEN-NOT-DISTRIBUTION
SCR-0178,2.948717948717949e-07,0.006692307692307693,135,63197.8035231515,63197,0.015531603766754864,0.07729148787031945,POSITIVE-MODEL-MARGIN,V0.7-CONTROLLED-RESEARCH-SCREEN-NOT-DISTRIBUTION
SCR-0179,2.948717948717949e-07,0.007,133,61234.61063001351,61234,0.015755177354104834,0.07839392480925919,POSITIVE-MODEL-MARGIN,V0.7-CONTROLLED-RESEARCH-SCREEN-NOT-DISTRIBUTION
SCR-0180,2.948717948717949e-07,0.007307692307692308,133,59285.427171504976,59285,0.016057405852642575,0.07969955714915496,POSITIVE-MODEL-MARGIN,V0.7-CONTROLLED-RESEARCH-SCREEN-NOT-DISTRIBUTION
SCR-0181,2.948717948717949e-07,0.007615384615384616,132,57356.06696890876,57356,0.016320472304593856,0.08090708418516926,POSITIVE-MODEL-MARGIN,V0.7-CONTROLLED-RESEARCH-SCREEN-NOT-DISTRIBUTION
SCR-0182,2.948717948717949e-07,0.007923076923076923,132,55437.83428041917,55437,0.016622725275601553,0.08221025396082193,POSITIVE-MODEL-MARGIN,V0.7-CONTROLLED-RESEARCH-SCREEN-NOT-DISTRIBUTION
SCR-0183,2.948717948717949e-07,0.00823076923076923,130,53538.12178984384,53538,0.016846918289751187,0.08332958375611227,POSITIVE-MODEL-MARGIN,V0.7-CONTROLLED-RESEARCH-SCREEN-NOT-DISTRIBUTION
SCR-0184,2.948717948717949e-07,0.00853846153846154,130,51651.44249342502,51651,0.017149220101680927,0.08463179971788298,POSITIVE-MODEL-MARGIN,V0.7-CONTROLLED-RESEARCH-SCREEN-NOT-DISTRIBUTION
SCR-0185,2.948717948717949e-07,0.008846153846153847,128,49779.40711347499,49779,0.017373757845789192,0.08576262966475809,POSITIVE-MODEL-MARGIN,V0.7-CONTROLLED-RESEARCH-SCREEN-NOT-DISTRIBUTION
SCR-0186,2.948717948717949e-07,0.009153846153846155,128,47923.57413889898,47923,0.017676108374470385,0.08706409545731762,POSITIVE-MODEL-MARGIN,V0.7-CONTROLLED-RESEARCH-SCREEN-NOT-DISTRIBUTION
SCR-0187,2.948717948717949e-07,0.009461538461538462,127,46081.38690923066,46081,0.01793969102715241,0.08828450671613522,POSITIVE-MODEL-MARGIN,V0.7-CONTROLLED-RESEARCH-SCREEN-NOT-DISTRIBUTION
SCR-0188,2.948717948717949e-07,0.00976923076923077,126,44255.04760157156,44255,0.01820341518024629,0.08950844115622161,POSITIVE-MODEL-MARGIN,V0.7-CONTROLLED-RESEARCH-SCREEN-NOT-DISTRIBUTION
SCR-0189,2.948717948717949e-07,0.010076923076923077,126,42440.4879977083,42440,0.018505814285295373,0.09080773452348749,POSITIVE-MODEL-MARGIN,V0.7-CONTROLLED-RESEARCH-SCREEN-NOT-DISTRIBUTION
SCR-0190,2.948717948717949e-07,0.010384615384615384,125,40641.17405682896,40641,0.018769646216918758,0.09203456924351897,POSITIVE-MODEL-MARGIN,V0.7-CONTROLLED-RESEARCH-SCREEN-NOT-DISTRIBUTION
SCR-0191,2.948717948717949e-07,0.010692307692307692,124,38856.00183917018,38856,0.019033557969353458,0.09326461906055843,POSITIVE-MODEL-MARGIN,V0.7-CONTROLLED-RESEARCH-SCREEN-NOT-DISTRIBUTION
SCR-0192,2.948717948717949e-07,0.011,123,37086.36430847139,37086,0.019297599408910276,0.09449855522100847,POSITIVE-MODEL-MARGIN,V0.7-CONTROLLED-RESEARCH-SCREEN-NOT-DISTRIBUTION
SCR-0193,2.948717948717949e-07,0.011307692307692307,122,35328.29762638258,35328,0.019561766398048828,0.09573649152507276,POSITIVE-MODEL-MARGIN,V0.7-CONTROLLED-RESEARCH-SCREEN-NOT-DISTRIBUTION
SCR-0194,2.948717948717949e-07,0.011615384615384614,122,33585.71523266589,33585,0.019864262241268953,0.09703390060514328,POSITIVE-MODEL-MARGIN,V0.7-CONTROLLED-RESEARCH-SCREEN-NOT-DISTRIBUTION
SCR-0195,2.948717948717949e-07,0.011923076923076925,121,31855.138681915563,31855,0.020128574692138884,0.09827599775628001,POSITIVE-MODEL-MARGIN,V0.7-CONTROLLED-RESEARCH-SCREEN-NOT-DISTRIBUTION
SCR-0196,2.948717948717949e-07,0.012230769230769233,119,30143.83014578697,30143,0.020354872735370993,0.09947427875518992,POSITIVE-MODEL-MARGIN,V0.7-CONTROLLED-RESEARCH-SCREEN-NOT-DISTRIBUTION
SCR-0197,2.948717948717949e-07,0.01253846153846154,119,28440.852069737713,28440,0.02065744073204418,0.10077195728081595,POSITIVE-MODEL-MARGIN,V0.7-CONTROLLED-RESEARCH-SCREEN-NOT-DISTRIBUTION
SCR-0198,2.948717948717949e-07,0.012846153846153847,118,26752.256234941993,26752,0.020922092257800923,0.10202724937062682,POSITIVE-MODEL-MARGIN,V0.7-CONTROLLED-RESEARCH-SCREEN-NOT-DISTRIBUTION
SCR-0199,2.948717948717949e-07,0.013153846153846155,117,25078.903640141554,25078,0.021186848235749144,0.10328718958316029,POSITIVE-MODEL-MARGIN,V0.7-CONTROLLED-RESEARCH-SCREEN-NOT-DISTRIBUTION
SCR-0200,2.948717948717949e-07,0.013461538461538462,115,23419.264259835636,23419,0.02141399273371586,0.10452281908495142,POSITIVE-MODEL-MARGIN,V0.7-CONTROLLED-RESEARCH-SCREEN-NOT-DISTRIBUTION
SCR-0201,2.948717948717949e-07,0.01376923076923077,114,21774.048100325574,21774,0.021679064859673643,0.10579773007595705,POSITIVE-MODEL-MARGIN,V0.7-CONTROLLED-RESEARCH-SCREEN-NOT-DISTRIBUTION
SCR-0202,2.948717948717949e-07,0.014076923076923077,114,20140.119136248588,20140,0.021981752234909377,0.10709681638847779,POSITIVE-MODEL-MARGIN,V0.7-CONTROLLED-RESEARCH-SCREEN-NOT-DISTRIBUTION
SCR-0203,2.948717948717949e-07,0.014384615384615385,112,18521.02874055188,18521,0.022209569894027184,0.10836438983820357,POSITIVE-MODEL-MARGIN,V0.7-CONTROLLED-RESEARCH-SCREEN-NOT-DISTRIBUTION
SCR-0204,2.948717948717949e-07,0.014692307692307692,111,16920.81135209592,16920,0.022474993454137348,0.10965644784411738,POSITIVE-MODEL-MARGIN,V0.7-CONTROLLED-RESEARCH-SCREEN-NOT-DISTRIBUTION
SCR-0205,2.948717948717949e-07,0.015,110,15329.800399244417,15329,0.022740542127371827,0.11095475449759029,POSITIVE-MODEL-MARGIN,V0.7-CONTROLLED-RESEARCH-SCREEN-NOT-DISTRIBUTION
SCR-0206,3.4358974358974356e-07,0.003,131,78412.51385398256,78412,0.013083964096123519,0.06758910316164628,POSITIVE-MODEL-MARGIN,V0.7-CONTROLLED-RESEARCH-SCREEN-NOT-DISTRIBUTION
SCR-0207,3.4358974358974356e-07,0.003307692307692308,130,76345.48216147158,76345,0.013339761908099027,0.06879224425692776,POSITIVE-MODEL-MARGIN,V0.7-CONTROLLED-RESEARCH-SCREEN-NOT-DISTRIBUTION
SCR-0208,3.4358974358974356e-07,0.0036153846153846154,129,74295.24139639684,74295,0.01359567313407425,0.06999749798704136,POSITIVE-MODEL-MARGIN,V0.7-CONTROLLED-RESEARCH-SCREEN-NOT-DISTRIBUTION
SCR-0209,3.4358974358974356e-07,0.003923076923076923,129,72264.64257458643,72264,0.013897179511293059,0.07133350920401074,POSITIVE-MODEL-MARGIN,V0.7-CONTROLLED-RESEARCH-SCREEN-NOT-DISTRIBUTION
SCR-0210,3.4358974358974356e-07,0.004230769230769231,129,70248.90158336285,70248,0.014198685888511862,0.0726671445465832,POSITIVE-MODEL-MARGIN,V0.7-CONTROLLED-RESEARCH-SCREEN-NOT-DISTRIBUTION
SCR-0211,3.4358974358974356e-07,0.004538461538461538,128,68251.22314994824,68251,0.014454762739880639,0.07387312616931636,POSITIVE-MODEL-MARGIN,V0.7-CONTROLLED-RESEARCH-SCREEN-NOT-DISTRIBUTION
SCR-0212,3.4358974358974356e-07,0.004846153846153846,128,66265.41361220914,66265,0.014756297329834953,0.07520379302582669,POSITIVE-MODEL-MARGIN,V0.7-CONTROLLED-RESEARCH-SCREEN-NOT-DISTRIBUTION
SCR-0213,3.4358974358974356e-07,0.005,127,65282.46769072985,65282,0.01486172587577099,0.07574687142107925,POSITIVE-MODEL-MARGIN,V0.7-CONTROLLED-RESEARCH-SCREEN-NOT-DISTRIBUTION
SCR-0214,3.4358974358974356e-07,0.005153846153846154,127,64303.069085230396,64303,0.015012507262055223,0.07641163364522324,POSITIVE-MODEL-MARGIN,V0.7-CONTROLLED-RESEARCH-SCREEN-NOT-DISTRIBUTION
SCR-0215,3.4358974358974356e-07,0.005461538461538462,127,62350.26701457944,62350,0.01531407003462369,0.07773956233147102,POSITIVE-MODEL-MARGIN,V0.7-CONTROLLED-RESEARCH-SCREEN-NOT-DISTRIBUTION
SCR-0216,3.4358974358974356e-07,0.0057692307692307696,126,60415.47457581788,60415,0.015570471843853214,0.07895010999366696,POSITIVE-MODEL-MARGIN,V0.7-CONTROLLED-RESEARCH-SCREEN-NOT-DISTRIBUTION
SCR-0217,3.4358974358974356e-07,0.006076923076923077,125,58495.99627287516,58495,0.015826969635323995,0.08016345070061057,POSITIVE-MODEL-MARGIN,V0.7-CONTROLLED-RESEARCH-SCREEN-NOT-DISTRIBUTION
SCR-0218,3.4358974358974356e-07,0.006384615384615384,125,56593.52527351285,56593,0.016128588614718317,0.08148847040759166,POSITIVE-MODEL-MARGIN,V0.7-CONTROLLED-RESEARCH-SCREEN-NOT-DISTRIBUTION
SCR-0219,3.4358974358974356e-07,0.006692307692307693,123,54704.00099950721,54704,0.016340298523042,0.08259950143323846,POSITIVE-MODEL-MARGIN,V0.7-CONTROLLED-RESEARCH-SCREEN-NOT-DISTRIBUTION
SCR-0220,3.4358974358974356e-07,0.007,122,52832.717921566706,52832,0.01659718310639266,0.08382301798299543,POSITIVE-MODEL-MARGIN,V0.7-CONTROLLED-RESEARCH-SCREEN-NOT-DISTRIBUTION
SCR-0221,3.4358974358974356e-07,0.007307692307692308,122,50976.03960737268,50976,0.016898886119839692,0.08514722639924607,POSITIVE-MODEL-MARGIN,V0.7-CONTROLLED-RESEARCH-SCREEN-NOT-DISTRIBUTION
SCR-0222,3.4358974358974356e-07,0.007615384615384616,122,49131.25015198769,49131,0.017200589133286728,0.0864696042916708,POSITIVE-MODEL-MARGIN,V0.7-CONTROLLED-RESEARCH-SCREEN-NOT-DISTRIBUTION
SCR-0223,3.4358974358974356e-07,0.007923076923076923,120,47301.186204607286,47301,0.017413064848323365,0.08760317660743969,POSITIVE-MODEL-MARGIN,V0.7-CONTROLLED-RESEARCH-SCREEN-NOT-DISTRIBUTION
SCR-0224,3.4358974358974356e-07,0.00823076923076923,119,45488.70741272068,45488,0.017670321524415507,0.08883468107614709,POSITIVE-MODEL-MARGIN,V0.7-CONTROLLED-RESEARCH-SCREEN-NOT-DISTRIBUTION
SCR-0225,3.4358974358974356e-07,0.00853846153846154,119,43691.68748293757,43691,0.017972108175421848,0.09015678651057306,POSITIVE-MODEL-MARGIN,V0.7-CONTROLLED-RESEARCH-SCREEN-NOT-DISTRIBUTION
SCR-0226,3.4358974358974356e-07,0.008846153846153847,119,41905.72344921085,41905,0.018273894826428192,0.09147719983465467,POSITIVE-MODEL-MARGIN,V0.7-CONTROLLED-RESEARCH-SCREEN-NOT-DISTRIBUTION
SCR-0227,3.4358974358974356e-07,0.009153846153846155,118,40136.4556911076,40136,0.018531394735693724,0.09271347452559316,POSITIVE-MODEL-MARGIN,V0.7-CONTROLLED-RESEARCH-SCREEN-NOT-DISTRIBUTION
SCR-0228,3.4358974358974356e-07,0.009461538461538462,117,38382.92544834159,38382,0.018789015091482435,0.09395411211776916,POSITIVE-MODEL-MARGIN,V0.7-CONTROLLED-RESEARCH-SCREEN-NOT-DISTRIBUTION
SCR-0229,3.4358974358974356e-07,0.00976923076923077,116,36641.14419421419,36641,0.0190467508813279,0.09519923719214679,POSITIVE-MODEL-MARGIN,V0.7-CONTROLLED-RESEARCH-SCREEN-NOT-DISTRIBUTION
SCR-0230,3.4358974358974356e-07,0.010076923076923077,115,34915.037743710105,34915,0.019304597051057925,0.09644897678328343,POSITIVE-MODEL-MARGIN,V0.7-CONTROLLED-RESEARCH-SCREEN-NOT-DISTRIBUTION
SCR-0231,3.4358974358974356e-07,0.010384615384615384,114,33202.0743244611,33202,0.01956260984403415,0.09770411136591096,POSITIVE-MODEL-MARGIN,V0.7-CONTROLLED-RESEARCH-SCREEN-NOT-DISTRIBUTION
SCR-0232,3.4358974358974356e-07,0.010692307692307692,114,31500.635852546275,31500,0.019864534888374016,0.09902367965611071,POSITIVE-MODEL-MARGIN,V0.7-CONTROLLED-RESEARCH-SCREEN-NOT-DISTRIBUTION
SCR-0233,3.4358974358974356e-07,0.011,112,29814.17972687894,29814,0.020079052123813352,0.10023050933774871,POSITIVE-MODEL-MARGIN,V0.7-CONTROLLED-RESEARCH-SCREEN-NOT-DISTRIBUTION
SCR-0234,3.4358974358974356e-07,0.011307692307692307,111,28143.14135382092,28143,0.020337470715533115,0.10150207295826225,POSITIVE-MODEL-MARGIN,V0.7-CONTROLLED-RESEARCH-SCREEN-NOT-DISTRIBUTION
SCR-0235,3.4358974358974356e-07,0.011615384615384614,111,26485.294448614168,26485,0.020639478186665727,0.1028227724872931,POSITIVE-MODEL-MARGIN,V0.7-CONTROLLED-RESEARCH-SCREEN-NOT-DISTRIBUTION
SCR-0236,3.4358974358974356e-07,0.011923076923076925,110,24839.163977210937,24839,0.02089806873762347,0.1041008315363879,POSITIVE-MODEL-MARGIN,V0.7-CONTROLLED-RESEARCH-SCREEN-NOT-DISTRIBUTION
SCR-0237,3.4358974358974356e-07,0.012230769230769233,108,23208.04876475252,23208,0.02111369260794852,0.1053548652055605,POSITIVE-MODEL-MARGIN,V0.7-CONTROLLED-RESEARCH-SCREEN-NOT-DISTRIBUTION
SCR-0238,3.4358974358974356e-07,0.01253846153846154,108,21592.88251888173,21592,0.021415781959297137,0.10667720259680649,POSITIVE-MODEL-MARGIN,V0.7-CONTROLLED-RESEARCH-SCREEN-NOT-DISTRIBUTION
SCR-0239,3.4358974358974356e-07,0.012846153846153847,107,19987.51546933386,19987,0.021674832207471573,0.10797518908327129,POSITIVE-MODEL-MARGIN,V0.7-CONTROLLED-RESEARCH-SCREEN-NOT-DISTRIBUTION
SCR-0240,3.4358974358974356e-07,0.013153846153846155,106,18396.74558943797,18396,0.021934064240496577,0.10928065943320645,POSITIVE-MODEL-MARGIN,V0.7-CONTROLLED-RESEARCH-SCREEN-NOT-DISTRIBUTION
SCR-0241,3.4358974358974356e-07,0.013461538461538462,105,16819.169797603336,16819,0.022193411561427373,0.11059310668607752,POSITIVE-MODEL-MARGIN,V0.7-CONTROLLED-RESEARCH-SCREEN-NOT-DISTRIBUTION
SCR-0242,3.4358974358974356e-07,0.01376923076923077,104,15260.026372224358,15260,0.02245292848554301,0.11191344872592794,POSITIVE-MODEL-MARGIN,V0.7-CONTROLLED-RESEARCH-SCREEN-NOT-DISTRIBUTION
SCR-0243,3.4358974358974356e-07,0.014076923076923077,103,13711.791380861327,13711,0.02271260875161231,0.11324190870203209,POSITIVE-MODEL-MARGIN,V0.7-CONTROLLED-RESEARCH-SCREEN-NOT-DISTRIBUTION
SCR-0244,3.4358974358974356e-07,0.014384615384615385,101,12176.907026303674,12176,0.022930155726913235,0.11459587911755355,POSITIVE-MODEL-MARGIN,V0.7-CONTROLLED-RESEARCH-SCREEN-NOT-DISTRIBUTION
SCR-0245,3.4358974358974356e-07,0.014692307692307692,100,10655.954086672853,10655,0.02319032113209879,0.11594976777783428,POSITIVE-MODEL-MARGIN,V0.7-CONTROLLED-RESEARCH-SCREEN-NOT-DISTRIBUTION
SCR-0246,3.4358974358974356e-07,0.015,99,9149.957448435733,9149,0.02345062417496491,0.11731269779148348,POSITIVE-MODEL-MARGIN,V0.7-CONTROLLED-RESEARCH-SCREEN-NOT-DISTRIBUTION
SCR-0247,3.923076923076923e-07,0.003,122,69660.36311833574,69660,0.013949013633638088,0.07280725373306804,POSITIVE-MODEL-MARGIN,V0.7-CONTROLLED-RESEARCH-SCREEN-NOT-DISTRIBUTION
SCR-0248,3.923076923076923e-07,0.003307692307692308,122,67685.90296948013,67685,0.014249927962399567,0.07415938832895103,POSITIVE-MODEL-MARGIN,V0.7-CONTROLLED-RESEARCH-SCREEN-NOT-DISTRIBUTION
SCR-0249,3.923076923076923e-07,0.0036153846153846154,120,65730.76040439017,65730,0.01444860549315387,0.07523047735026461,POSITIVE-MODEL-MARGIN,V0.7-CONTROLLED-RESEARCH-SCREEN-NOT-DISTRIBUTION
SCR-0250,3.923076923076923e-07,0.003923076923076923,120,63787.08924613669,63787,0.01474958319515497,0.07658172267487012,POSITIVE-MODEL-MARGIN,V0.7-CONTROLLED-RESEARCH-SCREEN-NOT-DISTRIBUTION
SCR-0251,3.923076923076923e-07,0.004230769230769231,120,61861.3059453298,61861,0.015050560897156066,0.07793072602770494,POSITIVE-MODEL-MARGIN,V0.7-CONTROLLED-RESEARCH-SCREEN-NOT-DISTRIBUTION
SCR-0252,3.923076923076923e-07,0.004538461538461538,119,59949.727022078274,59949,0.01530060899612569,0.07914675575742908,POSITIVE-MODEL-MARGIN,V0.7-CONTROLLED-RESEARCH-SCREEN-NOT-DISTRIBUTION
SCR-0253,3.923076923076923e-07,0.004846153846153846,118,58056.41566788259,58056,0.015550870143473438,0.08036729955192828,POSITIVE-MODEL-MARGIN,V0.7-CONTROLLED-RESEARCH-SCREEN-NOT-DISTRIBUTION
SCR-0254,3.923076923076923e-07,0.005,118,57115.173665576316,57115,0.01570139057634077,0.08104075525968568,POSITIVE-MODEL-MARGIN,V0.7-CONTROLLED-RESEARCH-SCREEN-NOT-DISTRIBUTION
SCR-0255,3.923076923076923e-07,0.005153846153846154,118,56177.115265037326,56177,0.015851911009208096,0.08171369531245207,POSITIVE-MODEL-MARGIN,V0.7-CONTROLLED-RESEARCH-SCREEN-NOT-DISTRIBUTION
SCR-0256,3.923076923076923e-07,0.005461538461538462,117,54314.791342266355,54314,0.016102339820226432,0.0829381334888103,POSITIVE-MODEL-MARGIN,V0.7-CONTROLLED-RESEARCH-SCREEN-NOT-DISTRIBUTION
SCR-0257,3.923076923076923e-07,0.0057692307692307696,117,52466.18251965095,52466,0.016403412175831904,0.08428241755599823,POSITIVE-MODEL-MARGIN,V0.7-CONTROLLED-RESEARCH-SCREEN-NOT-DISTRIBUTION
SCR-0258,3.923076923076923e-07,0.006076923076923077,116,50630.11787696988,50630,0.016654002831642995,0.08551104139870365,POSITIVE-MODEL-MARGIN,V0.7-CONTROLLED-RESEARCH-SCREEN-NOT-DISTRIBUTION
SCR-0259,3.923076923076923e-07,0.006384615384615384,115,48810.37674431799,48810,0.016904718065975436,0.08674405487936439,POSITIVE-MODEL-MARGIN,V0.7-CONTROLLED-RESEARCH-SCREEN-NOT-DISTRIBUTION
SCR-0260,3.923076923076923e-07,0.006692307692307693,115,47005.04131914113,47005,0.017205853278929338,0.08808649651368498,POSITIVE-MODEL-MARGIN,V0.7-CONTROLLED-RESEARCH-SCREEN-NOT-DISTRIBUTION
SCR-0261,3.923076923076923e-07,0.007,114,45216.26905089117,45216,0.01745678880836195,0.08932484461442902,POSITIVE-MODEL-MARGIN,V0.7-CONTROLLED-RESEARCH-SCREEN-NOT-DISTRIBUTION
SCR-0262,3.923076923076923e-07,0.007307692307692308,113,43440.93003765186,43440,0.017707906934843504,0.09056859604996785,POSITIVE-MODEL-MARGIN,V0.7-CONTROLLED-RESEARCH-SCREEN-NOT-DISTRIBUTION
SCR-0263,3.923076923076923e-07,0.007615384615384616,112,41681.6264567948,41681,0.017959131427155665,0.09181721697547823,POSITIVE-MODEL-MARGIN,V0.7-CONTROLLED-RESEARCH-SCREEN-NOT-DISTRIBUTION
SCR-0264,3.923076923076923e-07,0.007923076923076923,112,39934.78806098803,39934,0.018260360455207368,0.09315854124857682,POSITIVE-MODEL-MARGIN,V0.7-CONTROLLED-RESEARCH-SCREEN-NOT-DISTRIBUTION
SCR-0265,3.923076923076923e-07,0.00823076923076923,111,38201.63385717253,38201,0.018511786263244217,0.09441322130855734,POSITIVE-MODEL-MARGIN,V0.7-CONTROLLED-RESEARCH-SCREEN-NOT-DISTRIBUTION
SCR-0266,3.923076923076923e-07,0.00853846153846154,111,36478.082837060654,36478,0.018813046452415744,0.0957532328406708,POSITIVE-MODEL-MARGIN,V0.7-CONTROLLED-RESEARCH-SCREEN-NOT-DISTRIBUTION
SCR-0267,3.923076923076923e-07,0.008846153846153847,109,34776.59113511624,34776,0.0190151918709489,0.09694122645627726,POSITIVE-MODEL-MARGIN,V0.7-CONTROLLED-RESEARCH-SCREEN-NOT-DISTRIBUTION
SCR-0268,3.923076923076923e-07,0.009153846153846155,109,33085.791642046875,33085,0.01931651415243042,0.09828219525515146,POSITIVE-MODEL-MARGIN,V0.7-CONTROLLED-RESEARCH-SCREEN-NOT-DISTRIBUTION
SCR-0269,3.923076923076923e-07,0.009461538461538462,108,31406.201323519115,31406,0.019568511646763008,0.09955644002320152,POSITIVE-MODEL-MARGIN,V0.7-CONTROLLED-RESEARCH-SCREEN-NOT-DISTRIBUTION
SCR-0270,3.923076923076923e-07,0.00976923076923077,107,29739.83842473412,29739,0.01982065292485508,0.10083719047337283,POSITIVE-MODEL-MARGIN,V0.7-CONTROLLED-RESEARCH-SCREEN-NOT-DISTRIBUTION
SCR-0271,3.923076923076923e-07,0.010076923076923077,105,28089.397070722818,28089,0.02002403252466896,0.10207435914519816,POSITIVE-MODEL-MARGIN,V0.7-CONTROLLED-RESEARCH-SCREEN-NOT-DISTRIBUTION
SCR-0272,3.923076923076923e-07,0.010384615384615384,105,26454.969196281574,26454,0.02032547818415614,0.10341796290169619,POSITIVE-MODEL-MARGIN,V0.7-CONTROLLED-RESEARCH-SCREEN-NOT-DISTRIBUTION
SCR-0273,3.923076923076923e-07,0.010692307692307692,104,24833.828656917325,24833,0.0205781482605935,0.10471623451436485,POSITIVE-MODEL-MARGIN,V0.7-CONTROLLED-RESEARCH-SCREEN-NOT-DISTRIBUTION
SCR-0274,3.923076923076923e-07,0.011,103,23227.434147848213,23227,0.020831003528356398,0.10602240076665728,POSITIVE-MODEL-MARGIN,V0.7-CONTROLLED-RESEARCH-SCREEN-NOT-DISTRIBUTION
SCR-0275,3.923076923076923e-07,0.011307692307692307,103,21633.595016929747,21633,0.0211325104532536,0.10736615094462147,POSITIVE-MODEL-MARGIN,V0.7-CONTROLLED-RESEARCH-SCREEN-NOT-DISTRIBUTION
SCR-0276,3.923076923076923e-07,0.011615384615384614,101,20055.17807218331,20055,0.02133724074268816,0.10865931759413157,POSITIVE-MODEL-MARGIN,V0.7-CONTROLLED-RESEARCH-SCREEN-NOT-DISTRIBUTION
SCR-0277,3.923076923076923e-07,0.011923076923076925,101,18488.35724176899,18488,0.02163880863889626,0.11000497831791486,POSITIVE-MODEL-MARGIN,V0.7-CONTROLLED-RESEARCH-SCREEN-NOT-DISTRIBUTION
SCR-0278,3.923076923076923e-07,0.012230769230769233,99,16933.75139039943,16933,0.021844268261126162,0.1113321802328421,POSITIVE-MODEL-MARGIN,V0.7-CONTROLLED-RESEARCH-SCREEN-NOT-DISTRIBUTION
SCR-0279,3.923076923076923e-07,0.01253846153846154,99,15393.675462737203,15393,0.02214589678395548,0.1126800323487614,POSITIVE-MODEL-MARGIN,V0.7-CONTROLLED-RESEARCH-SCREEN-NOT-DISTRIBUTION
SCR-0280,3.923076923076923e-07,0.012846153846153847,98,13871.950419610675,13871,0.022399735301859538,0.11403200557770367,POSITIVE-MODEL-MARGIN,V0.7-CONTROLLED-RESEARCH-SCREEN-NOT-DISTRIBUTION
SCR-0281,3.923076923076923e-07,0.013153846153846155,97,12359.033656393356,12359,0.022653782619684423,0.11539425961107769,POSITIVE-MODEL-MARGIN,V0.7-CONTROLLED-RESEARCH-SCREEN-NOT-DISTRIBUTION
SCR-0282,3.923076923076923e-07,0.013461538461538462,96,10858.795218499672,10858,0.02290803088691949,0.11676710065826726,POSITIVE-MODEL-MARGIN,V0.7-CONTROLLED-RESEARCH-SCREEN-NOT-DISTRIBUTION
SCR-0283,3.923076923076923e-07,0.01376923076923077,95,9375.060361306914,9375,0.02316247217806897,0.11815084693557648,POSITIVE-MODEL-MARGIN,V0.7-CONTROLLED-RESEARCH-SCREEN-NOT-DISTRIBUTION
SCR-0284,3.923076923076923e-07,0.014076923076923077,94,7904.149475629372,7904,0.023417098485254063,0.11954582929858949,POSITIVE-MODEL-MARGIN,V0.7-CONTROLLED-RESEARCH-SCREEN-NOT-DISTRIBUTION
SCR-0285,3.923076923076923e-07,0.014384615384615385,93,6447.570054263826,6447,0.023671969784966062,0.12095325109853229,POSITIVE-MODEL-MARGIN,V0.7-CONTROLLED-RESEARCH-SCREEN-NOT-DISTRIBUTION
SCR-0286,3.923076923076923e-07,0.014692307692307692,92,5005.414818244306,5005,0.023927077770118203,0.12237350396442476,POSITIVE-MODEL-MARGIN,V0.7-CONTROLLED-RESEARCH-SCREEN-NOT-DISTRIBUTION
SCR-0287,3.923076923076923e-07,0.015,91,3580.049939909808,3580,0.024182346054775972,0.12380611463876096,POSITIVE-MODEL-MARGIN,V0.7-CONTROLLED-RESEARCH-SCREEN-NOT-DISTRIBUTION
SCR-0288,4.41025641025641e-07,0.003,114,61643.39099948982,61643,0.014760698119828643,0.07794334863738513,POSITIVE-MODEL-MARGIN,V0.7-CONTROLLED-RESEARCH-SCREEN-NOT-DISTRIBUTION
SCR-0289,4.41025641025641e-07,0.003307692307692308,113,59754.56156981415,59754,0.015004672810995752,0.07916629927032659,POSITIVE-MODEL-MARGIN,V0.7-CONTROLLED-RESEARCH-SCREEN-NOT-DISTRIBUTION
SCR-0290,4.41025641025641e-07,0.0036153846153846154,113,57881.3593868915,57881,0.01530511961745722,0.08053408977044282,POSITIVE-MODEL-MARGIN,V0.7-CONTROLLED-RESEARCH-SCREEN-NOT-DISTRIBUTION
SCR-0291,4.41025641025641e-07,0.003923076923076923,112,56019.93614618185,56019,0.015549247197823522,0.08176147503359536,POSITIVE-MODEL-MARGIN,V0.7-CONTROLLED-RESEARCH-SCREEN-NOT-DISTRIBUTION
SCR-0292,4.41025641025641e-07,0.004230769230769231,112,54178.09965026352,54178,0.015849728936383707,0.08312716384987118,POSITIVE-MODEL-MARGIN,V0.7-CONTROLLED-RESEARCH-SCREEN-NOT-DISTRIBUTION
SCR-0293,4.41025641025641e-07,0.004538461538461538,110,52347.395278247,52347,0.016038064604769805,0.08423234562631411,POSITIVE-MODEL-MARGIN,V0.7-CONTROLLED-RESEARCH-SCREEN-NOT-DISTRIBUTION
SCR-0294,4.41025641025641e-07,0.004846153846153846,110,50533.68128627246,50533,0.016338615988521724,0.08559840584393175,POSITIVE-MODEL-MARGIN,V0.7-CONTROLLED-RESEARCH-SCREEN-NOT-DISTRIBUTION
SCR-0295,4.41025641025641e-07,0.005,110,49635.424832650984,49635,0.016488891680397685,0.08628068007500858,POSITIVE-MODEL-MARGIN,V0.7-CONTROLLED-RESEARCH-SCREEN-NOT-DISTRIBUTION
SCR-0296,4.41025641025641e-07,0.005153846153846154,110,48736.04059816747,48736,0.016639167372273646,0.08696245903511324,POSITIVE-MODEL-MARGIN,V0.7-CONTROLLED-RESEARCH-SCREEN-NOT-DISTRIBUTION
SCR-0297,4.41025641025641e-07,0.005461538461538462,110,46950.13180801596,46950,0.016939718756025565,0.08832455621707372,POSITIVE-MODEL-MARGIN,V0.7-CONTROLLED-RESEARCH-SCREEN-NOT-DISTRIBUTION
SCR-0298,4.41025641025641e-07,0.0057692307692307696,109,45181.155918879354,45181,0.017184576441411734,0.08957007669706923,POSITIVE-MODEL-MARGIN,V0.7-CONTROLLED-RESEARCH-SCREEN-NOT-DISTRIBUTION
SCR-0299,4.41025641025641e-07,0.006076923076923077,108,43425.70630031247,43425,0.017429601628996594,0.09082161557870036,POSITIVE-MODEL-MARGIN,V0.7-CONTROLLED-RESEARCH-SCREEN-NOT-DISTRIBUTION
SCR-0300,4.41025641025641e-07,0.006384615384615384,108,41681.71745454631,41681,0.01773022229790274,0.09218266562376624,POSITIVE-MODEL-MARGIN,V0.7-CONTROLLED-RESEARCH-SCREEN-NOT-DISTRIBUTION
SCR-0301,4.41025641025641e-07,0.006692307692307693,107,39952.80568264319,39952,0.017975442144523908,0.09344092195914633,POSITIVE-MODEL-MARGIN,V0.7-CONTROLLED-RESEARCH-SCREEN-NOT-DISTRIBUTION
SCR-0302,4.41025641025641e-07,0.007,106,38242.6667995496,38242,0.018220892365211624,0.09470636873196372,POSITIVE-MODEL-MARGIN,V0.7-CONTROLLED-RESEARCH-SCREEN-NOT-DISTRIBUTION
SCR-0303,4.41025641025641e-07,0.007307692307692308,106,36543.120593832915,36543,0.01852158204417826,0.09606680445536865,POSITIVE-MODEL-MARGIN,V0.7-CONTROLLED-RESEARCH-SCREEN-NOT-DISTRIBUTION
SCR-0304,4.41025641025641e-07,0.007615384615384616,105,34858.988649384664,34858,0.018767211471349694,0.09733956638218089,POSITIVE-MODEL-MARGIN,V0.7-CONTROLLED-RESEARCH-SCREEN-NOT-DISTRIBUTION
SCR-0305,4.41025641025641e-07,0.007923076923076923,104,33185.60255919358,33185,0.019013055554600814,0.09861998180574806,POSITIVE-MODEL-MARGIN,V0.7-CONTROLLED-RESEARCH-SCREEN-NOT-DISTRIBUTION
SCR-0306,4.41025641025641e-07,0.00823076923076923,103,31526.953435430394,31526,0.019259106267704152,0.09990826402101294,POSITIVE-MODEL-MARGIN,V0.7-CONTROLLED-RESEARCH-SCREEN-NOT-DISTRIBUTION
SCR-0307,4.41025641025641e-07,0.00853846153846154,102,29883.064757092598,29883,0.019505355515182926,0.10120463335855023,POSITIVE-MODEL-MARGIN,V0.7-CONTROLLED-RESEARCH-SCREEN-NOT-DISTRIBUTION
SCR-0308,4.41025641025641e-07,0.008846153846153847,102,28251.00766847983,28251,0.019806182295693694,0.10256666206981879,POSITIVE-MODEL-MARGIN,V0.7-CONTROLLED-RESEARCH-SCREEN-NOT-DISTRIBUTION
SCR-0309,4.41025641025641e-07,0.009153846153846155,101,26637.894007805186,26637,0.02005265597833272,0.10387234853785002,POSITIVE-MODEL-MARGIN,V0.7-CONTROLLED-RESEARCH-SCREEN-NOT-DISTRIBUTION
SCR-0310,4.41025641025641e-07,0.009461538461538462,101,25031.22731916508,25031,0.020353516830711037,0.10523382196906177,POSITIVE-MODEL-MARGIN,V0.7-CONTROLLED-RESEARCH-SCREEN-NOT-DISTRIBUTION
SCR-0311,4.41025641025641e-07,0.00976923076923077,99,23439.266397982476,23439,0.02054629510863897,0.1065114926795126,POSITIVE-MODEL-MARGIN,V0.7-CONTROLLED-RESEARCH-SCREEN-NOT-DISTRIBUTION
SCR-0312,4.41025641025641e-07,0.010076923076923077,99,21864.03408350617,21864,0.020847223798878062,0.10787523680904333,POSITIVE-MODEL-MARGIN,V0.7-CONTROLLED-RESEARCH-SCREEN-NOT-DISTRIBUTION
SCR-0313,4.41025641025641e-07,0.010384615384615384,98,20302.00458675776,20302,0.021094405934539616,0.10921047833250008,POSITIVE-MODEL-MARGIN,V0.7-CONTROLLED-RESEARCH-SCREEN-NOT-DISTRIBUTION
SCR-0314,4.41025641025641e-07,0.010692307692307692,97,18752.335899121277,18752,0.02134182125324176,0.11055606797265279,POSITIVE-MODEL-MARGIN,V0.7-CONTROLLED-RESEARCH-SCREEN-NOT-DISTRIBUTION
SCR-0315,4.41025641025641e-07,0.011,97,17213.046812460718,17213,0.021642817392009562,0.11192093679238363,POSITIVE-MODEL-MARGIN,V0.7-CONTROLLED-RESEARCH-SCREEN-NOT-DISTRIBUTION
SCR-0316,4.41025641025641e-07,0.011307692307692307,95,15690.41009040637,15690,0.02183731610071194,0.11327951949637756,POSITIVE-MODEL-MARGIN,V0.7-CONTROLLED-RESEARCH-SCREEN-NOT-DISTRIBUTION
SCR-0317,4.41025641025641e-07,0.011615384615384614,94,14182.110960865732,14182,0.02208537773828428,0.11465802604314909,POSITIVE-MODEL-MARGIN,V0.7-CONTROLLED-RESEARCH-SCREEN-NOT-DISTRIBUTION
SCR-0318,4.41025641025641e-07,0.011923076923076925,93,12686.724851838826,12686,0.022333713330152744,0.11604395038833609,POSITIVE-MODEL-MARGIN,V0.7-CONTROLLED-RESEARCH-SCREEN-NOT-DISTRIBUTION
SCR-0319,4.41025641025641e-07,0.012230769230769233,92,11209.843722203954,11209,0.022582313551540105,0.1174415677359493,POSITIVE-MODEL-MARGIN,V0.7-CONTROLLED-RESEARCH-SCREEN-NOT-DISTRIBUTION
SCR-0320,4.41025641025641e-07,0.01253846153846154,92,9742.654222954854,9742,0.022883476533792958,0.11881426900519121,POSITIVE-MODEL-MARGIN,V0.7-CONTROLLED-RESEARCH-SCREEN-NOT-DISTRIBUTION
SCR-0321,4.41025641025641e-07,0.012846153846153847,90,8288.733396232437,8288,0.023080117222352113,0.12027468550031822,POSITIVE-MODEL-MARGIN,V0.7-CONTROLLED-RESEARCH-SCREEN-NOT-DISTRIBUTION
SCR-0322,4.41025641025641e-07,0.013153846153846155,90,6851.502232486866,6851,0.023381346222219556,0.12165104158332879,POSITIVE-MODEL-MARGIN,V0.7-CONTROLLED-RESEARCH-SCREEN-NOT-DISTRIBUTION
SCR-0323,4.41025641025641e-07,0.013461538461538462,89,5425.201334935122,5425,0.02363071636951255,0.12309120395932269,POSITIVE-MODEL-MARGIN,V0.7-CONTROLLED-RESEARCH-SCREEN-NOT-DISTRIBUTION
SCR-0324,4.41025641025641e-07,0.01376923076923077,87,4014.14998347477,4014,0.02382887518022507,0.12463394070395394,POSITIVE-MODEL-MARGIN,V0.7-CONTROLLED-RESEARCH-SCREEN-NOT-DISTRIBUTION
SCR-0325,4.41025641025641e-07,0.014076923076923077,86,2618.460979714324,2618,0.02407893867755003,0.12611782242404657,POSITIVE-MODEL-MARGIN,V0.7-CONTROLLED-RESEARCH-SCREEN-NOT-DISTRIBUTION
SCR-0326,4.41025641025641e-07,0.014384615384615385,85,1239.0880145700394,1239,0.024329275247540107,0.1276186416866084,POSITIVE-MODEL-MARGIN,V0.7-CONTROLLED-RESEARCH-SCREEN-NOT-DISTRIBUTION
SCR-0327,4.41025641025641e-07,0.014692307692307692,85,-127.81901997890589,0,0.02463066707788912,0.12900588960181414,NONPOSITIVE-MODEL-MARGIN,V0.7-CONTROLLED-RESEARCH-SCREEN-NOT-DISTRIBUTION
SCR-0328,4.41025641025641e-07,0.015,84,-1483.438683449811,0,0.02488129877185792,0.1305267416968343,NONPOSITIVE-MODEL-MARGIN,V0.7-CONTROLLED-RESEARCH-SCREEN-NOT-DISTRIBUTION
SCR-0329,4.897435897435897e-07,0.003,107,54247.95208482878,54247,0.015539275239417854,0.08307649236495697,POSITIVE-MODEL-MARGIN,V0.7-CONTROLLED-RESEARCH-SCREEN-NOT-DISTRIBUTION
SCR-0330,4.897435897435897e-07,0.003307692307692308,107,52432.71481042212,52432,0.01583920509649855,0.08446089791310707,POSITIVE-MODEL-MARGIN,V0.7-CONTROLLED-RESEARCH-SCREEN-NOT-DISTRIBUTION
SCR-0331,4.897435897435897e-07,0.0036153846153846154,107,50633.88187388739,50633,0.016139134953579246,0.08584317624909651,POSITIVE-MODEL-MARGIN,V0.7-CONTROLLED-RESEARCH-SCREEN-NOT-DISTRIBUTION
SCR-0332,4.897435897435897e-07,0.003923076923076923,106,48852.71712680056,48852,0.016377675510264526,0.08708556243505289,POSITIVE-MODEL-MARGIN,V0.7-CONTROLLED-RESEARCH-SCREEN-NOT-DISTRIBUTION
SCR-0333,4.897435897435897e-07,0.004230769230769231,105,47085.24595241731,47085,0.016616375099627205,0.08833427024429523,POSITIVE-MODEL-MARGIN,V0.7-CONTROLLED-RESEARCH-SCREEN-NOT-DISTRIBUTION
SCR-0334,4.897435897435897e-07,0.004538461538461538,105,45329.704147061646,45329,0.016916381058920002,0.08971555426667394,POSITIVE-MODEL-MARGIN,V0.7-CONTROLLED-RESEARCH-SCREEN-NOT-DISTRIBUTION
SCR-0335,4.897435897435897e-07,0.004846153846153846,103,43591.33403827649,43591,0.0170944758595121,0.09085379834233662,POSITIVE-MODEL-MARGIN,V0.7-CONTROLLED-RESEARCH-SCREEN-NOT-DISTRIBUTION
SCR-0336,4.897435897435897e-07,0.005,103,42725.53493112173,42725,0.017244516717449403,0.09154537041910915,POSITIVE-MODEL-MARGIN,V0.7-CONTROLLED-RESEARCH-SCREEN-NOT-DISTRIBUTION
SCR-0337,4.897435897435897e-07,0.005153846153846154,103,41866.5529121957,41866,0.017394557575386705,0.09223646366576013,POSITIVE-MODEL-MARGIN,V0.7-CONTROLLED-RESEARCH-SCREEN-NOT-DISTRIBUTION
SCR-0338,4.897435897435897e-07,0.005461538461538462,102,40157.36203120146,40157,0.017633978579759832,0.093508509719258,POSITIVE-MODEL-MARGIN,V0.7-CONTROLLED-RESEARCH-SCREEN-NOT-DISTRIBUTION
SCR-0339,4.897435897435897e-07,0.0057692307692307696,102,38460.58872939704,38460,0.0179340980375984,0.09489011843201477,POSITIVE-MODEL-MARGIN,V0.7-CONTROLLED-RESEARCH-SCREEN-NOT-DISTRIBUTION
SCR-0340,4.897435897435897e-07,0.006076923076923077,101,36775.24138992953,36775,0.01817376646236603,0.09617109566154936,POSITIVE-MODEL-MARGIN,V0.7-CONTROLLED-RESEARCH-SCREEN-NOT-DISTRIBUTION
SCR-0341,4.897435897435897e-07,0.006384615384615384,100,35102.146866540286,35102,0.01841372113513698,0.09746124084154377,POSITIVE-MODEL-MARGIN,V0.7-CONTROLLED-RESEARCH-SCREEN-NOT-DISTRIBUTION
SCR-0342,4.897435897435897e-07,0.006692307692307693,100,33449.33075646383,33449,0.01871391577822586,0.09884298896669369,POSITIVE-MODEL-MARGIN,V0.7-CONTROLLED-RESEARCH-SCREEN-NOT-DISTRIBUTION
SCR-0343,4.897435897435897e-07,0.007,99,31807.681129745008,31807,0.01895409898001625,0.10014280851584187,POSITIVE-MODEL-MARGIN,V0.7-CONTROLLED-RESEARCH-SCREEN-NOT-DISTRIBUTION
SCR-0344,4.897435897435897e-07,0.007307692307692308,98,30178.294317842552,30178,0.019194549338428284,0.10145239484564414,POSITIVE-MODEL-MARGIN,V0.7-CONTROLLED-RESEARCH-SCREEN-NOT-DISTRIBUTION
SCR-0345,4.897435897435897e-07,0.007615384615384616,97,28565.16527449362,28565,0.019435257155045692,0.10277203028771734,POSITIVE-MODEL-MARGIN,V0.7-CONTROLLED-RESEARCH-SCREEN-NOT-DISTRIBUTION
SCR-0346,4.897435897435897e-07,0.007923076923076923,97,26967.211577373648,26967,0.01973556380733984,0.10415566072211002,POSITIVE-MODEL-MARGIN,V0.7-CONTROLLED-RESEARCH-SCREEN-NOT-DISTRIBUTION
SCR-0347,4.897435897435897e-07,0.00823076923076923,97,25374.802994623813,25374,0.020035870459633984,0.10553766432885889,POSITIVE-MODEL-MARGIN,V0.7-CONTROLLED-RESEARCH-SCREEN-NOT-DISTRIBUTION
SCR-0348,4.897435897435897e-07,0.00853846153846154,96,23802.15688937545,23802,0.020276900172700264,0.10687040441401148,POSITIVE-MODEL-MARGIN,V0.7-CONTROLLED-RESEARCH-SCREEN-NOT-DISTRIBUTION
SCR-0349,4.897435897435897e-07,0.008846153846153847,95,22241.835936827167,22241,0.020518167472077506,0.10821396222480864,POSITIVE-MODEL-MARGIN,V0.7-CONTROLLED-RESEARCH-SCREEN-NOT-DISTRIBUTION
SCR-0350,4.897435897435897e-07,0.009153846153846155,94,20693.923509632765,20693,0.020759662382924097,0.10956865740169151,POSITIVE-MODEL-MARGIN,V0.7-CONTROLLED-RESEARCH-SCREEN-NOT-DISTRIBUTION
SCR-0351,4.897435897435897e-07,0.009461538461538462,94,19157.931197696893,19157,0.021060080069984152,0.11095355185252005,POSITIVE-MODEL-MARGIN,V0.7-CONTROLLED-RESEARCH-SCREEN-NOT-DISTRIBUTION
SCR-0352,4.897435897435897e-07,0.00976923076923077,92,17635.907125478105,17635,0.021243549655458063,0.11231562457063061,POSITIVE-MODEL-MARGIN,V0.7-CONTROLLED-RESEARCH-SCREEN-NOT-DISTRIBUTION
SCR-0353,4.897435897435897e-07,0.010076923076923077,92,16130.964231306967,16130,0.02154404074482059,0.11370395679160844,POSITIVE-MODEL-MARGIN,V0.7-CONTROLLED-RESEARCH-SCREEN-NOT-DISTRIBUTION
SCR-0354,4.897435897435897e-07,0.010384615384615384,91,14635.137822765977,14635,0.021786363890555834,0.11509791018374597,POSITIVE-MODEL-MARGIN,V0.7-CONTROLLED-RESEARCH-SCREEN-NOT-DISTRIBUTION
SCR-0355,4.897435897435897e-07,0.010692307692307692,90,13157.186321414574,13157,0.02202895826000838,0.11650552765103814,POSITIVE-MODEL-MARGIN,V0.7-CONTROLLED-RESEARCH-SCREEN-NOT-DISTRIBUTION
SCR-0356,4.897435897435897e-07,0.011,90,11687.43868635374,11687,0.022329522334612044,0.11789622322375408,POSITIVE-MODEL-MARGIN,V0.7-CONTROLLED-RESEARCH-SCREEN-NOT-DISTRIBUTION
SCR-0357,4.897435897435897e-07,0.011307692307692307,89,10232.643954963936,10232,0.02257249843593876,0.11932099380108131,POSITIVE-MODEL-MARGIN,V0.7-CONTROLLED-RESEARCH-SCREEN-NOT-DISTRIBUTION
SCR-0358,4.897435897435897e-07,0.011615384615384614,88,8792.094803400269,8792,0.022815724194908116,0.12076044414672144,POSITIVE-MODEL-MARGIN,V0.7-CONTROLLED-RESEARCH-SCREEN-NOT-DISTRIBUTION
SCR-0359,4.897435897435897e-07,0.011923076923076925,87,7367.262670860586,7367,0.023059273578803184,0.12221606751728033,POSITIVE-MODEL-MARGIN,V0.7-CONTROLLED-RESEARCH-SCREEN-NOT-DISTRIBUTION
SCR-0360,4.897435897435897e-07,0.012230769230769233,86,5953.14784604419,5953,0.02330305072767135,0.12368737907018254,POSITIVE-MODEL-MARGIN,V0.7-CONTROLLED-RESEARCH-SCREEN-NOT-DISTRIBUTION
SCR-0361,4.897435897435897e-07,0.01253846153846154,85,4554.985167800351,4554,0.023547129360950252,0.1251759487102288,POSITIVE-MODEL-MARGIN,V0.7-CONTROLLED-RESEARCH-SCREEN-NOT-DISTRIBUTION
SCR-0362,4.897435897435897e-07,0.012846153846153847,84,3170.8394511299302,3170,0.02379149823104117,0.12667876388717714,POSITIVE-MODEL-MARGIN,V0.7-CONTROLLED-RESEARCH-SCREEN-NOT-DISTRIBUTION
SCR-0363,4.897435897435897e-07,0.013153846153846155,83,1802.6453976378289,1802,0.024036230920453983,0.1281964699066323,POSITIVE-MODEL-MARGIN,V0.7-CONTROLLED-RESEARCH-SCREEN-NOT-DISTRIBUTION
SCR-0364,4.897435897435897e-07,0.013461538461538462,82,447.1257789469129,447,0.024281231049654753,0.12973303762845048,POSITIVE-MODEL-MARGIN,V0.7-CONTROLLED-RESEARCH-SCREEN-NOT-DISTRIBUTION
SCR-0365,4.897435897435897e-07,0.01376923076923077,81,-894.1913775183892,0,0.024526572046209602,0.13129025701997357,NONPOSITIVE-MODEL-MARGIN,V0.7-CONTROLLED-RESEARCH-SCREEN-NOT-DISTRIBUTION
SCR-0366,4.897435897435897e-07,0.014076923076923077,80,-2217.4817492713737,0,0.02477224230960057,0.1328688996418691,NONPOSITIVE-MODEL-MARGIN,V0.7-CONTROLLED-RESEARCH-SCREEN-NOT-DISTRIBUTION
SCR-0367,4.897435897435897e-07,0.014384615384615385,1,-2425.6478557715877,0,0.022350308107931066,0.5,NONPOSITIVE-MODEL-MARGIN,V0.7-CONTROLLED-RESEARCH-SCREEN-NOT-DISTRIBUTION
SCR-0368,4.897435897435897e-07,0.014692307692307692,1,-2444.486217946415,0,0.02265295386944158,0.5,NONPOSITIVE-MODEL-MARGIN,V0.7-CONTROLLED-RESEARCH-SCREEN-NOT-DISTRIBUTION
SCR-0369,4.897435897435897e-07,0.015,1,-2463.2644999330323,0,0.022955599630952107,0.5,NONPOSITIVE-MODEL-MARGIN,V0.7-CONTROLLED-RESEARCH-SCREEN-NOT-DISTRIBUTION
SCR-0370,5e-07,0.003,105,52757.22257138227,52757,0.015659856425034688,0.0840678834013638,POSITIVE-MODEL-MARGIN,V0.7-CONTROLLED-RESEARCH-SCREEN-NOT-DISTRIBUTION
SCR-0371,5e-07,0.003307692307692308,105,50963.499210570706,50963,0.01595971163651266,0.08545757404499926,POSITIVE-MODEL-MARGIN,V0.7-CONTROLLED-RESEARCH-SCREEN-NOT-DISTRIBUTION
SCR-0372,5e-07,0.0036153846153846154,105,49181.87453377208,49181,0.016259566847990632,0.08684514297556811,POSITIVE-MODEL-MARGIN,V0.7-CONTROLLED-RESEARCH-SCREEN-NOT-DISTRIBUTION
SCR-0373,5e-07,0.003923076923076923,104,47410.18439569587,47410,0.016497058699170508,0.0880962104781587,POSITIVE-MODEL-MARGIN,V0.7-CONTROLLED-RESEARCH-SCREEN-NOT-DISTRIBUTION
SCR-0374,5e-07,0.004230769230769231,104,45658.12413937074,45658,0.01679695259163664,0.08948233920160009,POSITIVE-MODEL-MARGIN,V0.7-CONTROLLED-RESEARCH-SCREEN-NOT-DISTRIBUTION
SCR-0375,5e-07,0.004538461538461538,102,43920.27650510317,43920,0.016972730208208144,0.09062090911919629,POSITIVE-MODEL-MARGIN,V0.7-CONTROLLED-RESEARCH-SCREEN-NOT-DISTRIBUTION
SCR-0376,5e-07,0.004846153846153846,102,42195.05508339521,42195,0.017272701179637875,0.09200852730016867,POSITIVE-MODEL-MARGIN,V0.7-CONTROLLED-RESEARCH-SCREEN-NOT-DISTRIBUTION
SCR-0377,5e-07,0.005,102,41338.62418456675,41338,0.017422686665352745,0.09270161340569935,POSITIVE-MODEL-MARGIN,V0.7-CONTROLLED-RESEARCH-SCREEN-NOT-DISTRIBUTION
SCR-0378,5e-07,0.005153846153846154,101,40485.99671643729,40485,0.017510900798516256,0.09328345130921137,POSITIVE-MODEL-MARGIN,V0.7-CONTROLLED-RESEARCH-SCREEN-NOT-DISTRIBUTION
SCR-0379,5e-07,0.005461538461538462,102,38789.64523331459,38789,0.017872643122497357,0.09477804894326064,POSITIVE-MODEL-MARGIN,V0.7-CONTROLLED-RESEARCH-SCREEN-NOT-DISTRIBUTION
SCR-0380,5e-07,0.0057692307692307696,100,37109.184261224225,37109,0.018049440114801623,0.09595497239136244,POSITIVE-MODEL-MARGIN,V0.7-CONTROLLED-RESEARCH-SCREEN-NOT-DISTRIBUTION
SCR-0381,5e-07,0.006076923076923077,100,35439.59241312919,35439,0.018349487770498284,0.09734071917136808,POSITIVE-MODEL-MARGIN,V0.7-CONTROLLED-RESEARCH-SCREEN-NOT-DISTRIBUTION
SCR-0382,5e-07,0.006384615384615384,100,33784.272288302214,33784,0.01864953542619494,0.09872468724132763,POSITIVE-MODEL-MARGIN,V0.7-CONTROLLED-RESEARCH-SCREEN-NOT-DISTRIBUTION
SCR-0383,5e-07,0.006692307692307693,99,32140.73689573525,32140,0.018888336484168974,0.10002032009271411,POSITIVE-MODEL-MARGIN,V0.7-CONTROLLED-RESEARCH-SCREEN-NOT-DISTRIBUTION
SCR-0384,5e-07,0.007,98,30513.336476936314,30513,0.019127409839045838,0.10132574641301893,POSITIVE-MODEL-MARGIN,V0.7-CONTROLLED-RESEARCH-SCREEN-NOT-DISTRIBUTION
SCR-0385,5e-07,0.007307692307692308,98,28900.71110178772,28900,0.01942753377561159,0.10271031636484695,POSITIVE-MODEL-MARGIN,V0.7-CONTROLLED-RESEARCH-SCREEN-NOT-DISTRIBUTION
SCR-0386,5e-07,0.007615384615384616,96,27299.266198921225,27299,0.019606333772897094,0.10396711544474327,POSITIVE-MODEL-MARGIN,V0.7-CONTROLLED-RESEARCH-SCREEN-NOT-DISTRIBUTION
SCR-0387,5e-07,0.007923076923076923,96,25714.94715498381,25714,0.019906533525155687,0.10535436035559344,POSITIVE-MODEL-MARGIN,V0.7-CONTROLLED-RESEARCH-SCREEN-NOT-DISTRIBUTION
SCR-0388,5e-07,0.00823076923076923,95,24140.5033271162,24140,0.020146401787298044,0.10669236472033646,POSITIVE-MODEL-MARGIN,V0.7-CONTROLLED-RESEARCH-SCREEN-NOT-DISTRIBUTION
SCR-0389,5e-07,0.00853846153846154,94,22582.333024382508,22582,0.020386502099106647,0.10804144293500395,POSITIVE-MODEL-MARGIN,V0.7-CONTROLLED-RESEARCH-SCREEN-NOT-DISTRIBUTION
SCR-0390,5e-07,0.008846153846153847,94,21035.058244066768,21035,0.020686777250365457,0.10943012762930471,POSITIVE-MODEL-MARGIN,V0.7-CONTROLLED-RESEARCH-SCREEN-NOT-DISTRIBUTION
SCR-0391,5e-07,0.009153846153846155,93,19502.537885782327,19502,0.020927223698832684,0.11079320841014087,POSITIVE-MODEL-MARGIN,V0.7-CONTROLLED-RESEARCH-SCREEN-NOT-DISTRIBUTION
SCR-0392,5e-07,0.009461538461538462,92,17980.03599713957,17980,0.021167968085120222,0.1121690997533871,POSITIVE-MODEL-MARGIN,V0.7-CONTROLLED-RESEARCH-SCREEN-NOT-DISTRIBUTION
SCR-0393,5e-07,0.00976923076923077,91,16473.97260092218,16473,0.021408913013262042,0.11355723508572643,POSITIVE-MODEL-MARGIN,V0.7-CONTROLLED-RESEARCH-SCREEN-NOT-DISTRIBUTION
SCR-0394,5e-07,0.010076923076923077,91,14978.27136789721,14978,0.02170930031884261,0.11494969612811735,POSITIVE-MODEL-MARGIN,V0.7-CONTROLLED-RESEARCH-SCREEN-NOT-DISTRIBUTION
SCR-0395,5e-07,0.010384615384615384,90,13501.6132608058,13501,0.021950559010240372,0.11635339161227407,POSITIVE-MODEL-MARGIN,V0.7-CONTROLLED-RESEARCH-SCREEN-NOT-DISTRIBUTION
SCR-0396,5e-07,0.010692307692307692,89,12032.814958555773,12032,0.022192169965123826,0.11777220716336018,POSITIVE-MODEL-MARGIN,V0.7-CONTROLLED-RESEARCH-SCREEN-NOT-DISTRIBUTION
SCR-0397,5e-07,0.011,88,10578.23724777297,10578,0.022434035508718947,0.11920562918662392,POSITIVE-MODEL-MARGIN,V0.7-CONTROLLED-RESEARCH-SCREEN-NOT-DISTRIBUTION
SCR-0398,5e-07,0.011307692307692307,88,9140.270960802143,9140,0.022734533826983032,0.12060286854435619,POSITIVE-MODEL-MARGIN,V0.7-CONTROLLED-RESEARCH-SCREEN-NOT-DISTRIBUTION
SCR-0399,5e-07,0.011615384615384614,87,7712.708303518073,7712,0.022976766214142807,0.1220546875087967,POSITIVE-MODEL-MARGIN,V0.7-CONTROLLED-RESEARCH-SCREEN-NOT-DISTRIBUTION
SCR-0400,5e-07,0.011923076923076925,86,6299.539708699511,6299,0.023219230739095303,0.12352222137907175,POSITIVE-MODEL-MARGIN,V0.7-CONTROLLED-RESEARCH-SCREEN-NOT-DISTRIBUTION
SCR-0401,5e-07,0.012230769230769233,85,4902.237765594855,4902,0.023462002647603696,0.12500705025887032,POSITIVE-MODEL-MARGIN,V0.7-CONTROLLED-RESEARCH-SCREEN-NOT-DISTRIBUTION
SCR-0402,5e-07,0.01253846153846154,84,3517.195948027631,3517,0.023705070463839427,0.126509771127739,POSITIVE-MODEL-MARGIN,V0.7-CONTROLLED-RESEARCH-SCREEN-NOT-DISTRIBUTION
SCR-0403,5e-07,0.012846153846153847,82,2145.4284801638896,2145,0.023891504221581445,0.12815491020722417,POSITIVE-MODEL-MARGIN,V0.7-CONTROLLED-RESEARCH-SCREEN-NOT-DISTRIBUTION
SCR-0404,5e-07,0.013153846153846155,82,789.940311268616,789,0.02419222077546932,0.1295675869656245,POSITIVE-MODEL-MARGIN,V0.7-CONTROLLED-RESEARCH-SCREEN-NOT-DISTRIBUTION
SCR-0405,5e-07,0.013461538461538462,81,-550.8088470238253,0,0.024436279853523608,0.13112129862003655,NONPOSITIVE-MODEL-MARGIN,V0.7-CONTROLLED-RESEARCH-SCREEN-NOT-DISTRIBUTION
SCR-0406,5e-07,0.01376923076923077,80,-1877.2928993317582,0,0.0246806746940249,0.13269647934546383,NONPOSITIVE-MODEL-MARGIN,V0.7-CONTROLLED-RESEARCH-SCREEN-NOT-DISTRIBUTION
SCR-0407,5e-07,0.014076923076923077,1,-2414.8560877701716,0,0.02220194559632191,0.5,NONPOSITIVE-MODEL-MARGIN,V0.7-CONTROLLED-RESEARCH-SCREEN-NOT-DISTRIBUTION
SCR-0408,5e-07,0.014384615384615385,1,-2433.732333392375,0,0.02250449367011938,0.5,NONPOSITIVE-MODEL-MARGIN,V0.7-CONTROLLED-RESEARCH-SCREEN-NOT-DISTRIBUTION
SCR-0409,5e-07,0.014692307692307692,1,-2452.54812774499,0,0.02280704174391685,0.5,NONPOSITIVE-MODEL-MARGIN,V0.7-CONTROLLED-RESEARCH-SCREEN-NOT-DISTRIBUTION
SCR-0410,5e-07,0.015,1,-2471.3040485315405,0,0.023109589817714323,0.5,NONPOSITIVE-MODEL-MARGIN,V0.7-CONTROLLED-RESEARCH-SCREEN-NOT-DISTRIBUTION
SCR-0411,5.384615384615384e-07,0.003,101,47378.180201447154,47378,0.01630364616246685,0.08826842555611122,POSITIVE-MODEL-MARGIN,V0.7-CONTROLLED-RESEARCH-SCREEN-NOT-DISTRIBUTION
SCR-0412,5.384615384615384e-07,0.003307692307692308,100,45636.06895923128,45636,0.016536808755478267,0.08953318382286757,POSITIVE-MODEL-MARGIN,V0.7-CONTROLLED-RESEARCH-SCREEN-NOT-DISTRIBUTION
SCR-0413,5.384615384615384e-07,0.0036153846153846154,100,43910.363728970515,43910,0.016836306488088395,0.09093541065300655,POSITIVE-MODEL-MARGIN,V0.7-CONTROLLED-RESEARCH-SCREEN-NOT-DISTRIBUTION
SCR-0414,5.384615384615384e-07,0.003923076923076923,99,42200.912561712365,42200,0.017069718367135302,0.09220939061283218,POSITIVE-MODEL-MARGIN,V0.7-CONTROLLED-RESEARCH-SCREEN-NOT-DISTRIBUTION
SCR-0415,5.384615384615384e-07,0.004230769230769231,99,40503.79036655672,40503,0.017369257089620012,0.09361062738831175,POSITIVE-MODEL-MARGIN,V0.7-CONTROLLED-RESEARCH-SCREEN-NOT-DISTRIBUTION
SCR-0416,5.384615384615384e-07,0.004538461538461538,98,38819.8012554784,38819,0.017603001926042635,0.09489515779556823,POSITIVE-MODEL-MARGIN,V0.7-CONTROLLED-RESEARCH-SCREEN-NOT-DISTRIBUTION
SCR-0417,5.384615384615384e-07,0.004846153846153846,98,37146.55705301258,37146,0.017902581507994862,0.0962955985822497,POSITIVE-MODEL-MARGIN,V0.7-CONTROLLED-RESEARCH-SCREEN-NOT-DISTRIBUTION
SCR-0418,5.384615384615384e-07,0.005,98,36317.890970095985,36317,0.018052371298970974,0.09699511778426599,POSITIVE-MODEL-MARGIN,V0.7-CONTROLLED-RESEARCH-SCREEN-NOT-DISTRIBUTION
SCR-0419,5.384615384615384e-07,0.005153846153846154,97,35491.76175305411,35491,0.018136648393601722,0.09759115663355558,POSITIVE-MODEL-MARGIN,V0.7-CONTROLLED-RESEARCH-SCREEN-NOT-DISTRIBUTION
SCR-0420,5.384615384615384e-07,0.005461538461538462,96,33849.214243896546,33849,0.0183709857244764,0.09889688806071724,POSITIVE-MODEL-MARGIN,V0.7-CONTROLLED-RESEARCH-SCREEN-NOT-DISTRIBUTION
SCR-0421,5.384615384615384e-07,0.0057692307692307696,96,32219.85594398354,32219,0.018670646659727605,0.10029805929064672,POSITIVE-MODEL-MARGIN,V0.7-CONTROLLED-RESEARCH-SCREEN-NOT-DISTRIBUTION
SCR-0422,5.384615384615384e-07,0.006076923076923077,95,30606.166240713796,30606,0.01890528409137901,0.1016156899561912,POSITIVE-MODEL-MARGIN,V0.7-CONTROLLED-RESEARCH-SCREEN-NOT-DISTRIBUTION
SCR-0423,5.384615384615384e-07,0.006384615384615384,94,29004.783707013037,29004,0.0191401700441892,0.10294418809182516,POSITIVE-MODEL-MARGIN,V0.7-CONTROLLED-RESEARCH-SCREEN-NOT-DISTRIBUTION
SCR-0424,5.384615384615384e-07,0.006692307692307693,94,27418.057788949303,27418,0.019439911888667546,0.10434658174750944,POSITIVE-MODEL-MARGIN,V0.7-CONTROLLED-RESEARCH-SCREEN-NOT-DISTRIBUTION
SCR-0425,5.384615384615384e-07,0.007,93,25842.66846832034,25842,0.01967516916498322,0.10568886401670138,POSITIVE-MODEL-MARGIN,V0.7-CONTROLLED-RESEARCH-SCREEN-NOT-DISTRIBUTION
SCR-0426,5.384615384615384e-07,0.007307692307692308,93,24281.49130987263,24281,0.019974951255764324,0.10709122506028594,POSITIVE-MODEL-MARGIN,V0.7-CONTROLLED-RESEARCH-SCREEN-NOT-DISTRIBUTION
SCR-0427,5.384615384615384e-07,0.007615384615384616,92,22731.93201690895,22731,0.02021056819904866,0.1084478754108251,POSITIVE-MODEL-MARGIN,V0.7-CONTROLLED-RESEARCH-SCREEN-NOT-DISTRIBUTION
SCR-0428,5.384615384615384e-07,0.007923076923076923,92,21195.786715666898,21195,0.02051039038682565,0.10985037419824108,POSITIVE-MODEL-MARGIN,V0.7-CONTROLLED-RESEARCH-SCREEN-NOT-DISTRIBUTION
SCR-0429,5.384615384615384e-07,0.00823076923076923,90,19675.448524984477,19675,0.02068252760165369,0.11119886903039927,POSITIVE-MODEL-MARGIN,V0.7-CONTROLLED-RESEARCH-SCREEN-NOT-DISTRIBUTION
SCR-0430,5.384615384615384e-07,0.00853846153846154,90,18166.89851305081,18166,0.020982429680006475,0.11260520395123672,POSITIVE-MODEL-MARGIN,V0.7-CONTROLLED-RESEARCH-SCREEN-NOT-DISTRIBUTION
SCR-0431,5.384615384615384e-07,0.008846153846153847,89,16670.756184406262,16670,0.02121897548500948,0.11400443305291934,POSITIVE-MODEL-MARGIN,V0.7-CONTROLLED-RESEARCH-SCREEN-NOT-DISTRIBUTION
SCR-0432,5.384615384615384e-07,0.009153846153846155,88,15188.640229728324,15188,0.02145579407954141,0.11541813674774441,POSITIVE-MODEL-MARGIN,V0.7-CONTROLLED-RESEARCH-SCREEN-NOT-DISTRIBUTION
SCR-0433,5.384615384615384e-07,0.009461538461538462,88,13719.70764091959,13719,0.021755775418132946,0.11682720741998324,POSITIVE-MODEL-MARGIN,V0.7-CONTROLLED-RESEARCH-SCREEN-NOT-DISTRIBUTION
SCR-0434,5.384615384615384e-07,0.00976923076923077,86,12265.770329716896,12265,0.02193038838959376,0.11829297903679917,POSITIVE-MODEL-MARGIN,V0.7-CONTROLLED-RESEARCH-SCREEN-NOT-DISTRIBUTION
SCR-0435,5.384615384615384e-07,0.010076923076923077,86,10823.79097227882,10823,0.02223044841546278,0.11970677779166808,POSITIVE-MODEL-MARGIN,V0.7-CONTROLLED-RESEARCH-SCREEN-NOT-DISTRIBUTION
SCR-0436,5.384615384615384e-07,0.010384615384615384,85,9398.573306321738,9398,0.02246823894603664,0.12117151244233937,POSITIVE-MODEL-MARGIN,V0.7-CONTROLLED-RESEARCH-SCREEN-NOT-DISTRIBUTION
SCR-0437,5.384615384615384e-07,0.010692307692307692,84,7981.585910000915,7981,0.022706346844668757,0.12265399991643122,POSITIVE-MODEL-MARGIN,V0.7-CONTROLLED-RESEARCH-SCREEN-NOT-DISTRIBUTION
SCR-0438,5.384615384615384e-07,0.011,84,6581.720356833819,6581,0.02300648498514819,0.12407155129162789,POSITIVE-MODEL-MARGIN,V0.7-CONTROLLED-RESEARCH-SCREEN-NOT-DISTRIBUTION
SCR-0439,5.384615384615384e-07,0.011307692307692307,82,5190.673156803623,5190,0.02318365159705586,0.12567699358886353,POSITIVE-MODEL-MARGIN,V0.7-CONTROLLED-RESEARCH-SCREEN-NOT-DISTRIBUTION
SCR-0440,5.384615384615384e-07,0.011615384615384614,82,3817.247529592514,3817,0.0234838671634217,0.12710027404737545,POSITIVE-MODEL-MARGIN,V0.7-CONTROLLED-RESEARCH-SCREEN-NOT-DISTRIBUTION
SCR-0441,5.384615384615384e-07,0.011923076923076925,82,2454.99061712591,2454,0.023784082729787537,0.1285221587888046,POSITIVE-MODEL-MARGIN,V0.7-CONTROLLED-RESEARCH-SCREEN-NOT-DISTRIBUTION
SCR-0442,5.384615384615384e-07,0.012230769230769233,81,1107.5946775927769,1107,0.02402333131013406,0.13007020885233686,POSITIVE-MODEL-MARGIN,V0.7-CONTROLLED-RESEARCH-SCREEN-NOT-DISTRIBUTION
SCR-0443,5.384615384615384e-07,0.01253846153846154,79,-227.78415007706997,0,0.024202565273010603,0.131801424438994,NONPOSITIVE-MODEL-MARGIN,V0.7-CONTROLLED-RESEARCH-SCREEN-NOT-DISTRIBUTION
SCR-0444,5.384615384615384e-07,0.012846153846153847,78,-1544.1688486622115,0,0.024442817258054184,0.13341432022838004,NONPOSITIVE-MODEL-MARGIN,V0.7-CONTROLLED-RESEARCH-SCREEN-NOT-DISTRIBUTION
SCR-0445,5.384615384615384e-07,0.013153846153846155,1,-2397.9551482609795,0,0.021873074886542037,0.5,NONPOSITIVE-MODEL-MARGIN,V0.7-CONTROLLED-RESEARCH-SCREEN-NOT-DISTRIBUTION
SCR-0446,5.384615384615384e-07,0.013461538461538462,1,-2416.893923402469,0,0.0221752571923933,0.5,NONPOSITIVE-MODEL-MARGIN,V0.7-CONTROLLED-RESEARCH-SCREEN-NOT-DISTRIBUTION
SCR-0447,5.384615384615384e-07,0.01376923076923077,1,-2435.7717322641124,0,0.022477439498244555,0.5,NONPOSITIVE-MODEL-MARGIN,V0.7-CONTROLLED-RESEARCH-SCREEN-NOT-DISTRIBUTION
SCR-0448,5.384615384615384e-07,0.014076923076923077,1,-2454.589160882822,0,0.022779621804095814,0.5,NONPOSITIVE-MODEL-MARGIN,V0.7-CONTROLLED-RESEARCH-SCREEN-NOT-DISTRIBUTION
SCR-0449,5.384615384615384e-07,0.014384615384615385,1,-2473.3467851561018,0,0.02308180410994707,0.5,NONPOSITIVE-MODEL-MARGIN,V0.7-CONTROLLED-RESEARCH-SCREEN-NOT-DISTRIBUTION
SCR-0450,5.384615384615384e-07,0.014692307692307692,1,-2492.0451710299135,0,0.02338398641579833,0.5,NONPOSITIVE-MODEL-MARGIN,V0.7-CONTROLLED-RESEARCH-SCREEN-NOT-DISTRIBUTION
SCR-0451,5.384615384615384e-07,0.015,1,-2514.4037674911215,0,0.023686168721649584,0.5,NONPOSITIVE-MODEL-MARGIN,V0.7-CONTROLLED-RESEARCH-SCREEN-NOT-DISTRIBUTION
SCR-0452,5.871794871794871e-07,0.003,96,40969.06503536184,40969,0.01707168018670169,0.09356348755868675,POSITIVE-MODEL-MARGIN,V0.7-CONTROLLED-RESEARCH-SCREEN-NOT-DISTRIBUTION
SCR-0453,5.871794871794871e-07,0.003307692307692308,95,39295.078462572455,39295,0.017299679541650386,0.09485453597893455,POSITIVE-MODEL-MARGIN,V0.7-CONTROLLED-RESEARCH-SCREEN-NOT-DISTRIBUTION
SCR-0454,5.871794871794871e-07,0.0036153846153846154,95,37635.986847637636,37635,0.017598704717799146,0.09627378823593485,POSITIVE-MODEL-MARGIN,V0.7-CONTROLLED-RESEARCH-SCREEN-NOT-DISTRIBUTION
SCR-0455,5.871794871794871e-07,0.003923076923076923,94,35991.322967865104,35991,0.01782701705293145,0.09757688934220629,POSITIVE-MODEL-MARGIN,V0.7-CONTROLLED-RESEARCH-SCREEN-NOT-DISTRIBUTION
SCR-0456,5.871794871794871e-07,0.004230769230769231,93,34360.19921460556,34360,0.01805568848498112,0.09889195137442318,POSITIVE-MODEL-MARGIN,V0.7-CONTROLLED-RESEARCH-SCREEN-NOT-DISTRIBUTION
SCR-0457,5.871794871794871e-07,0.004538461538461538,93,32741.337546987128,32741,0.018354801212256144,0.10031238686169061,POSITIVE-MODEL-MARGIN,V0.7-CONTROLLED-RESEARCH-SCREEN-NOT-DISTRIBUTION
SCR-0458,5.871794871794871e-07,0.004846153846153846,92,31136.554101465565,31136,0.018583862904326474,0.10164148222596404,POSITIVE-MODEL-MARGIN,V0.7-CONTROLLED-RESEARCH-SCREEN-NOT-DISTRIBUTION
SCR-0459,5.871794871794871e-07,0.005,92,30341.17751180765,30341,0.018733441033108707,0.10235187039590463,POSITIVE-MODEL-MARGIN,V0.7-CONTROLLED-RESEARCH-SCREEN-NOT-DISTRIBUTION
SCR-0460,5.871794871794871e-07,0.005153846153846154,92,29548.249498854322,29548,0.018883019161890932,0.10306180724512647,POSITIVE-MODEL-MARGIN,V0.7-CONTROLLED-RESEARCH-SCREEN-NOT-DISTRIBUTION
SCR-0461,5.871794871794871e-07,0.005461538461538462,91,27972.24726441586,27972,0.019112356362407813,0.104404517148618,POSITIVE-MODEL-MARGIN,V0.7-CONTROLLED-RESEARCH-SCREEN-NOT-DISTRIBUTION
SCR-0462,5.871794871794871e-07,0.0057692307692307696,91,26405.99716635788,26405,0.01941155606009667,0.10582491270867224,POSITIVE-MODEL-MARGIN,V0.7-CONTROLLED-RESEARCH-SCREEN-NOT-DISTRIBUTION
SCR-0463,5.871794871794871e-07,0.006076923076923077,90,24855.931466720303,24855,0.01964125796235445,0.10718285204439261,POSITIVE-MODEL-MARGIN,V0.7-CONTROLLED-RESEARCH-SCREEN-NOT-DISTRIBUTION
SCR-0464,5.871794871794871e-07,0.006384615384615384,89,23320.85856075773,23320,0.019871370247451375,0.10855563007331775,POSITIVE-MODEL-MARGIN,V0.7-CONTROLLED-RESEARCH-SCREEN-NOT-DISTRIBUTION
SCR-0465,5.871794871794871e-07,0.006692307692307693,89,21796.076023006524,21796,0.02017065633153443,0.10997836904189393,POSITIVE-MODEL-MARGIN,V0.7-CONTROLLED-RESEARCH-SCREEN-NOT-DISTRIBUTION
SCR-0466,5.871794871794871e-07,0.007,88,20282.968472311117,20282,0.020401107195825222,0.11136759037440601,POSITIVE-MODEL-MARGIN,V0.7-CONTROLLED-RESEARCH-SCREEN-NOT-DISTRIBUTION
SCR-0467,5.871794871794871e-07,0.007307692307692308,87,18785.039131610658,18785,0.0206319423353671,0.11277270507090977,POSITIVE-MODEL-MARGIN,V0.7-CONTROLLED-RESEARCH-SCREEN-NOT-DISTRIBUTION
SCR-0468,5.871794871794871e-07,0.007615384615384616,87,17300.767720105305,17300,0.02093131415642312,0.11419833668911449,POSITIVE-MODEL-MARGIN,V0.7-CONTROLLED-RESEARCH-SCREEN-NOT-DISTRIBUTION
SCR-0469,5.871794871794871e-07,0.007923076923076923,86,15828.652822774737,15828,0.02116246126201276,0.1156212101410473,POSITIVE-MODEL-MARGIN,V0.7-CONTROLLED-RESEARCH-SCREEN-NOT-DISTRIBUTION
SCR-0470,5.871794871794871e-07,0.00823076923076923,85,14371.892614739645,14371,0.02139396599865878,0.11706113552177969,POSITIVE-MODEL-MARGIN,V0.7-CONTROLLED-RESEARCH-SCREEN-NOT-DISTRIBUTION
SCR-0471,5.871794871794871e-07,0.00853846153846154,84,12926.788008283958,12926,0.021625814925711164,0.11851868840071023,POSITIVE-MODEL-MARGIN,V0.7-CONTROLLED-RESEARCH-SCREEN-NOT-DISTRIBUTION
SCR-0472,5.871794871794871e-07,0.008846153846153847,84,11493.771115261701,11493,0.02192531422520647,0.11995047370321725,POSITIVE-MODEL-MARGIN,V0.7-CONTROLLED-RESEARCH-SCREEN-NOT-DISTRIBUTION
SCR-0473,5.871794871794871e-07,0.009153846153846155,83,10073.416965578235,10073,0.022157637749155988,0.12143024968938164,POSITIVE-MODEL-MARGIN,V0.7-CONTROLLED-RESEARCH-SCREEN-NOT-DISTRIBUTION
SCR-0474,5.871794871794871e-07,0.009461538461538462,82,8668.776629739357,8668,0.022390278076019544,0.1229290599144761,POSITIVE-MODEL-MARGIN,V0.7-CONTROLLED-RESEARCH-SCREEN-NOT-DISTRIBUTION
SCR-0475,5.871794871794871e-07,0.00976923076923077,81,7277.522537311936,7277,0.02262332326549698,0.1244487728982999,POSITIVE-MODEL-MARGIN,V0.7-CONTROLLED-RESEARCH-SCREEN-NOT-DISTRIBUTION
SCR-0476,5.871794871794871e-07,0.010076923076923077,81,5898.384837596463,5898,0.02292294840155173,0.12588799407102252,POSITIVE-MODEL-MARGIN,V0.7-CONTROLLED-RESEARCH-SCREEN-NOT-DISTRIBUTION
SCR-0477,5.871794871794871e-07,0.010384615384615384,80,4532.126951525268,4532,0.023156426171333077,0.12743264535077387,POSITIVE-MODEL-MARGIN,V0.7-CONTROLLED-RESEARCH-SCREEN-NOT-DISTRIBUTION
SCR-0478,5.871794871794871e-07,0.010692307692307692,79,3175.8281959878695,3175,0.02339028076321629,0.12899992660018136,POSITIVE-MODEL-MARGIN,V0.7-CONTROLLED-RESEARCH-SCREEN-NOT-DISTRIBUTION
SCR-0479,5.871794871794871e-07,0.011,78,1840.842536783999,1840,0.02362449800992019,0.13059069890753616,POSITIVE-MODEL-MARGIN,V0.7-CONTROLLED-RESEARCH-SCREEN-NOT-DISTRIBUTION
SCR-0480,5.871794871794871e-07,0.011307692307692307,78,514.5178396160956,514,0.023924247308968027,0.13203875191680375,POSITIVE-MODEL-MARGIN,V0.7-CONTROLLED-RESEARCH-SCREEN-NOT-DISTRIBUTION
SCR-0481,5.871794871794871e-07,0.011615384615384614,77,-797.5403629876636,0,0.024158956242380854,0.13365895290598184,NONPOSITIVE-MODEL-MARGIN,V0.7-CONTROLLED-RESEARCH-SCREEN-NOT-DISTRIBUTION
SCR-0482,5.871794871794871e-07,0.011923076923076925,76,-2097.78008412274,0,0.024394101574041652,0.13530603442577202,NONPOSITIVE-MODEL-MARGIN,V0.7-CONTROLLED-RESEARCH-SCREEN-NOT-DISTRIBUTION
SCR-0483,5.871794871794871e-07,0.012230769230769233,1,-2389.1358238661996,0,0.021699021317028826,0.5,NONPOSITIVE-MODEL-MARGIN,V0.7-CONTROLLED-RESEARCH-SCREEN-NOT-DISTRIBUTION
SCR-0484,5.871794871794871e-07,0.01253846153846154,1,-2408.114497176317,0,0.022000741584473228,0.5,NONPOSITIVE-MODEL-MARGIN,V0.7-CONTROLLED-RESEARCH-SCREEN-NOT-DISTRIBUTION
SCR-0485,5.871794871794871e-07,0.012846153846153847,1,-2427.0318953506526,0,0.022302461851917633,0.5,NONPOSITIVE-MODEL-MARGIN,V0.7-CONTROLLED-RESEARCH-SCREEN-NOT-DISTRIBUTION
SCR-0486,5.871794871794871e-07,0.013153846153846155,1,-2445.888610164559,0,0.022604182119362035,0.5,NONPOSITIVE-MODEL-MARGIN,V0.7-CONTROLLED-RESEARCH-SCREEN-NOT-DISTRIBUTION
SCR-0487,5.871794871794871e-07,0.013461538461538462,1,-2464.685223129346,0,0.02290590238680644,0.5,NONPOSITIVE-MODEL-MARGIN,V0.7-CONTROLLED-RESEARCH-SCREEN-NOT-DISTRIBUTION
SCR-0488,5.871794871794871e-07,0.01376923076923077,1,-2487.162099013032,0,0.023207622654250838,0.5,NONPOSITIVE-MODEL-MARGIN,V0.7-CONTROLLED-RESEARCH-SCREEN-NOT-DISTRIBUTION
SCR-0489,5.871794871794871e-07,0.014076923076923077,1,-2505.8269866414753,0,0.02350934292169524,0.5,NONPOSITIVE-MODEL-MARGIN,V0.7-CONTROLLED-RESEARCH-SCREEN-NOT-DISTRIBUTION
SCR-0490,5.871794871794871e-07,0.014384615384615385,1,-2524.433621897759,0,0.023811063189139642,0.5,NONPOSITIVE-MODEL-MARGIN,V0.7-CONTROLLED-RESEARCH-SCREEN-NOT-DISTRIBUTION
SCR-0491,5.871794871794871e-07,0.014692307692307692,1,-2542.9825429879,0,0.024112783456584044,0.5,NONPOSITIVE-MODEL-MARGIN,V0.7-CONTROLLED-RESEARCH-SCREEN-NOT-DISTRIBUTION
SCR-0492,5.871794871794871e-07,0.015,1,-2561.4742789594034,0,0.02441450372402845,0.5,NONPOSITIVE-MODEL-MARGIN,V0.7-CONTROLLED-RESEARCH-SCREEN-NOT-DISTRIBUTION
SCR-0493,6.358974358974359e-07,0.003,91,34970.2521611845,34970,0.017784194824447385,0.0988642047323103,POSITIVE-MODEL-MARGIN,V0.7-CONTROLLED-RESEARCH-SCREEN-NOT-DISTRIBUTION
SCR-0494,6.358974358974359e-07,0.003307692307692308,90,33359.25089158794,33359,0.018007381434643678,0.10019311510718065,POSITIVE-MODEL-MARGIN,V0.7-CONTROLLED-RESEARCH-SCREEN-NOT-DISTRIBUTION
SCR-0495,6.358974358974359e-07,0.0036153846153846154,90,31764.65620647789,31764,0.018305968230459557,0.10163201558609311,POSITIVE-MODEL-MARGIN,V0.7-CONTROLLED-RESEARCH-SCREEN-NOT-DISTRIBUTION
SCR-0496,6.358974358974359e-07,0.003923076923076923,89,30181.233096919237,30181,0.018529643998867276,0.1029774946561497,POSITIVE-MODEL-MARGIN,V0.7-CONTROLLED-RESEARCH-SCREEN-NOT-DISTRIBUTION
SCR-0497,6.358974358974359e-07,0.004230769230769231,89,28613.161970279605,28613,0.018828277258397485,0.10441658520767991,POSITIVE-MODEL-MARGIN,V0.7-CONTROLLED-RESEARCH-SCREEN-NOT-DISTRIBUTION
SCR-0498,6.358974358974359e-07,0.004538461538461538,88,27055.885256805912,27055,0.01905231749356939,0.1057782443190578,POSITIVE-MODEL-MARGIN,V0.7-CONTROLLED-RESEARCH-SCREEN-NOT-DISTRIBUTION
SCR-0499,6.358974358974359e-07,0.004846153846153846,88,25513.78075330488,25513,0.01935099707703693,0.10721771980016749,POSITIVE-MODEL-MARGIN,V0.7-CONTROLLED-RESEARCH-SCREEN-NOT-DISTRIBUTION
SCR-0500,6.358974358974359e-07,0.005,87,24749.461298649305,24749,0.01942613482537968,0.10787668700630262,POSITIVE-MODEL-MARGIN,V0.7-CONTROLLED-RESEARCH-SCREEN-NOT-DISTRIBUTION
SCR-0501,6.358974358974359e-07,0.005153846153846154,87,23987.68492426044,23987,0.01957549767916122,0.10859737007496437,POSITIVE-MODEL-MARGIN,V0.7-CONTROLLED-RESEARCH-SCREEN-NOT-DISTRIBUTION
SCR-0502,6.358974358974359e-07,0.005461538461538462,86,22471.395214382606,22471,0.019800287835478415,0.10999217003335632,POSITIVE-MODEL-MARGIN,V0.7-CONTROLLED-RESEARCH-SCREEN-NOT-DISTRIBUTION
SCR-0503,6.358974358974359e-07,0.0057692307692307696,86,20966.860060850802,20966,0.0200990595443769,0.11143469444793791,POSITIVE-MODEL-MARGIN,V0.7-CONTROLLED-RESEARCH-SCREEN-NOT-DISTRIBUTION
SCR-0504,6.358974358974359e-07,0.006076923076923077,85,19477.780358313456,19477,0.02032428093919638,0.11284887835173463,POSITIVE-MODEL-MARGIN,V0.7-CONTROLLED-RESEARCH-SCREEN-NOT-DISTRIBUTION
SCR-0505,6.358974358974359e-07,0.006384615384615384,85,18001.885822088796,18001,0.020623098466757864,0.11429231236055495,POSITIVE-MODEL-MARGIN,V0.7-CONTROLLED-RESEARCH-SCREEN-NOT-DISTRIBUTION
SCR-0506,6.358974358974359e-07,0.006692307692307693,84,16536.063534145524,16536,0.0208487362116662,0.1157267122535932,POSITIVE-MODEL-MARGIN,V0.7-CONTROLLED-RESEARCH-SCREEN-NOT-DISTRIBUTION
SCR-0507,6.358974358974359e-07,0.007,83,15086.806994943636,15086,0.021074840089033844,0.11718051142634321,POSITIVE-MODEL-MARGIN,V0.7-CONTROLLED-RESEARCH-SCREEN-NOT-DISTRIBUTION
SCR-0508,6.358974358974359e-07,0.007307692307692308,82,13649.127762933236,13649,0.021301285062583657,0.11865317490479237,POSITIVE-MODEL-MARGIN,V0.7-CONTROLLED-RESEARCH-SCREEN-NOT-DISTRIBUTION
SCR-0509,6.358974358974359e-07,0.007615384615384616,82,12224.903386005859,12224,0.02160023890007086,0.12010362022793065,POSITIVE-MODEL-MARGIN,V0.7-CONTROLLED-RESEARCH-SCREEN-NOT-DISTRIBUTION
SCR-0510,6.358974358974359e-07,0.007923076923076923,81,10815.7873178552,10815,0.021827165415200803,0.12160020828999163,POSITIVE-MODEL-MARGIN,V0.7-CONTROLLED-RESEARCH-SCREEN-NOT-DISTRIBUTION
SCR-0511,6.358974358974359e-07,0.00823076923076923,80,9416.019132826947,9416,0.022054513251315154,0.12311845614244296,POSITIVE-MODEL-MARGIN,V0.7-CONTROLLED-RESEARCH-SCREEN-NOT-DISTRIBUTION
SCR-0512,6.358974358974359e-07,0.00853846153846154,80,8030.76044418036,8030,0.022353556958040238,0.12457383168033967,POSITIVE-MODEL-MARGIN,V0.7-CONTROLLED-RESEARCH-SCREEN-NOT-DISTRIBUTION
SCR-0513,6.358974358974359e-07,0.008846153846153847,79,6659.684483880472,6659,0.02258135561542942,0.12611802207301145,POSITIVE-MODEL-MARGIN,V0.7-CONTROLLED-RESEARCH-SCREEN-NOT-DISTRIBUTION
SCR-0514,6.358974358974359e-07,0.009153846153846155,78,5302.060345741997,5302,0.02280954495221162,0.12768567796765895,POSITIVE-MODEL-MARGIN,V0.7-CONTROLLED-RESEARCH-SCREEN-NOT-DISTRIBUTION
SCR-0515,6.358974358974359e-07,0.009461538461538462,78,3955.066455659344,3955,0.02310867773563526,0.1291466708398669,POSITIVE-MODEL-MARGIN,V0.7-CONTROLLED-RESEARCH-SCREEN-NOT-DISTRIBUTION
SCR-0516,6.358974358974359e-07,0.00976923076923077,76,2620.519519212834,2620,0.02326736650926283,0.13089907582223304,POSITIVE-MODEL-MARGIN,V0.7-CONTROLLED-RESEARCH-SCREEN-NOT-DISTRIBUTION
SCR-0517,6.358974358974359e-07,0.010076923076923077,76,1303.9440433173768,1303,0.02356658744218715,0.13236788914999897,POSITIVE-MODEL-MARGIN,V0.7-CONTROLLED-RESEARCH-SCREEN-NOT-DISTRIBUTION
SCR-0518,6.358974358974359e-07,0.010384615384615384,75,-4.375800511679586,0,0.0237962327958677,0.13401991544259242,NONPOSITIVE-MODEL-MARGIN,V0.7-CONTROLLED-RESEARCH-SCREEN-NOT-DISTRIBUTION
SCR-0519,6.358974358974359e-07,0.010692307692307692,74,-1297.2283553852867,0,0.024026317829080164,0.13570107304017087,NONPOSITIVE-MODEL-MARGIN,V0.7-CONTROLLED-RESEARCH-SCREEN-NOT-DISTRIBUTION
SCR-0520,6.358974358974359e-07,0.011,1,-2361.209886966556,0,0.02122423955290566,0.5,NONPOSITIVE-MODEL-MARGIN,V0.7-CONTROLLED-RESEARCH-SCREEN-NOT-DISTRIBUTION
SCR-0521,6.358974358974359e-07,0.011307692307692307,1,-2380.2908013086167,0,0.02152549919270529,0.5,NONPOSITIVE-MODEL-MARGIN,V0.7-CONTROLLED-RESEARCH-SCREEN-NOT-DISTRIBUTION
SCR-0522,6.358974358974359e-07,0.011615384615384614,1,-2399.3095203081893,0,0.021826758832504914,0.5,NONPOSITIVE-MODEL-MARGIN,V0.7-CONTROLLED-RESEARCH-SCREEN-NOT-DISTRIBUTION
SCR-0523,6.358974358974359e-07,0.011923076923076925,1,-2418.2666521334254,0,0.022128018472304552,0.5,NONPOSITIVE-MODEL-MARGIN,V0.7-CONTROLLED-RESEARCH-SCREEN-NOT-DISTRIBUTION
SCR-0524,6.358974358974359e-07,0.012230769230769233,1,-2437.162794374774,0,0.022429278112104174,0.5,NONPOSITIVE-MODEL-MARGIN,V0.7-CONTROLLED-RESEARCH-SCREEN-NOT-DISTRIBUTION
SCR-0525,6.358974358974359e-07,0.01253846153846154,1,-2455.998534232625,0,0.02273053775190381,0.5,NONPOSITIVE-MODEL-MARGIN,V0.7-CONTROLLED-RESEARCH-SCREEN-NOT-DISTRIBUTION
SCR-0526,6.358974358974359e-07,0.012846153846153847,1,-2478.522027056536,0,0.023031797391703437,0.5,NONPOSITIVE-MODEL-MARGIN,V0.7-CONTROLLED-RESEARCH-SCREEN-NOT-DISTRIBUTION
SCR-0527,6.358974358974359e-07,0.013153846153846155,1,-2497.2253793759055,0,0.023333057031503065,0.5,NONPOSITIVE-MODEL-MARGIN,V0.7-CONTROLLED-RESEARCH-SCREEN-NOT-DISTRIBUTION
SCR-0528,6.358974358974359e-07,0.013461538461538462,1,-2515.8701971009627,0,0.02363431667130269,0.5,NONPOSITIVE-MODEL-MARGIN,V0.7-CONTROLLED-RESEARCH-SCREEN-NOT-DISTRIBUTION
SCR-0529,6.358974358974359e-07,0.01376923076923077,1,-2534.4570235615693,0,0.02393557631110231,0.5,NONPOSITIVE-MODEL-MARGIN,V0.7-CONTROLLED-RESEARCH-SCREEN-NOT-DISTRIBUTION
SCR-0530,6.358974358974359e-07,0.014076923076923077,1,-2552.9863928146665,0,0.024236835950901946,0.5,NONPOSITIVE-MODEL-MARGIN,V0.7-CONTROLLED-RESEARCH-SCREEN-NOT-DISTRIBUTION
SCR-0531,6.358974358974359e-07,0.014384615384615385,1,-2571.4588298272506,0,0.024538095590701574,0.5,NONPOSITIVE-MODEL-MARGIN,V0.7-CONTROLLED-RESEARCH-SCREEN-NOT-DISTRIBUTION
SCR-0532,6.358974358974359e-07,0.014692307692307692,1,-2589.874850658183,0,0.0248393552305012,0.5,NONPOSITIVE-MODEL-MARGIN,V0.7-CONTROLLED-RESEARCH-SCREEN-NOT-DISTRIBUTION
SCR-0533,6.358974358974359e-07,0.015,1,-2608.2349626385458,0,0.02514061487030083,0.5,NONPOSITIVE-MODEL-MARGIN,V0.7-CONTROLLED-RESEARCH-SCREEN-NOT-DISTRIBUTION
SCR-0534,6.846153846153846e-07,0.003,87,29330.20733491246,29330,0.018523603305196142,0.10432473466648821,POSITIVE-MODEL-MARGIN,V0.7-CONTROLLED-RESEARCH-SCREEN-NOT-DISTRIBUTION
SCR-0535,6.846153846153846e-07,0.003307692307692308,86,27780.732874275363,27780,0.01874208210405295,0.10569303708799607,POSITIVE-MODEL-MARGIN,V0.7-CONTROLLED-RESEARCH-SCREEN-NOT-DISTRIBUTION
SCR-0536,6.846153846153846e-07,0.0036153846153846154,86,26246.228847449678,26246,0.019040213794150277,0.10715025837408707,POSITIVE-MODEL-MARGIN,V0.7-CONTROLLED-RESEARCH-SCREEN-NOT-DISTRIBUTION
SCR-0537,6.846153846153846e-07,0.003923076923076923,85,24724.0034142197,24724,0.01925915443999324,0.1085378060790759,POSITIVE-MODEL-MARGIN,V0.7-CONTROLLED-RESEARCH-SCREEN-NOT-DISTRIBUTION
SCR-0538,6.846153846153846e-07,0.004230769230769231,84,23216.676929154968,23216,0.019478492000351563,0.10994266320223592,POSITIVE-MODEL-MARGIN,V0.7-CONTROLLED-RESEARCH-SCREEN-NOT-DISTRIBUTION
SCR-0539,6.846153846153846e-07,0.004538461538461538,84,21720.045687036098,21720,0.019776721741894755,0.1114034438851733,POSITIVE-MODEL-MARGIN,V0.7-CONTROLLED-RESEARCH-SCREEN-NOT-DISTRIBUTION
SCR-0540,6.846153846153846e-07,0.004846153846153846,83,20237.28770955702,20237,0.019996607930185126,0.11283032145452163,POSITIVE-MODEL-MARGIN,V0.7-CONTROLLED-RESEARCH-SCREEN-NOT-DISTRIBUTION
SCR-0541,6.846153846153846e-07,0.005,83,19502.3078383359,19502,0.020145747142625684,0.1135615065246286,POSITIVE-MODEL-MARGIN,V0.7-CONTROLLED-RESEARCH-SCREEN-NOT-DISTRIBUTION
SCR-0542,6.846153846153846e-07,0.005153846153846154,82,18765.76813612921,18765,0.020216859209587688,0.11427586903809597,POSITIVE-MODEL-MARGIN,V0.7-CONTROLLED-RESEARCH-SCREEN-NOT-DISTRIBUTION
SCR-0543,6.846153846153846e-07,0.005461538461538462,82,17310.055311058564,17310,0.0205151861513371,0.11574086624181795,POSITIVE-MODEL-MARGIN,V0.7-CONTROLLED-RESEARCH-SCREEN-NOT-DISTRIBUTION
SCR-0544,6.846153846153846e-07,0.0057692307692307696,81,15863.216495764489,15863,0.020735953567604954,0.11721020836212975,POSITIVE-MODEL-MARGIN,V0.7-CONTROLLED-RESEARCH-SCREEN-NOT-DISTRIBUTION
SCR-0545,6.846153846153846e-07,0.006076923076923077,80,14433.009692662938,14433,0.020957172518934565,0.11870102770885094,POSITIVE-MODEL-MARGIN,V0.7-CONTROLLED-RESEARCH-SCREEN-NOT-DISTRIBUTION
SCR-0546,6.846153846153846e-07,0.006384615384615384,80,13017.380649114555,13017,0.021255595811863103,0.12017092356055925,POSITIVE-MODEL-MARGIN,V0.7-CONTROLLED-RESEARCH-SCREEN-NOT-DISTRIBUTION
SCR-0547,6.846153846153846e-07,0.006692307692307693,80,11609.96103236522,11609,0.021554019104791645,0.12163917809761884,POSITIVE-MODEL-MARGIN,V0.7-CONTROLLED-RESEARCH-SCREEN-NOT-DISTRIBUTION
SCR-0548,6.846153846153846e-07,0.007,79,10216.312719485755,10216,0.02177576903259504,0.12315933900919185,POSITIVE-MODEL-MARGIN,V0.7-CONTROLLED-RESEARCH-SCREEN-NOT-DISTRIBUTION
SCR-0549,6.846153846153846e-07,0.007307692307692308,78,8839.526797322837,8839,0.02199793735700514,0.12470291834341299,POSITIVE-MODEL-MARGIN,V0.7-CONTROLLED-RESEARCH-SCREEN-NOT-DISTRIBUTION
SCR-0550,6.846153846153846e-07,0.007615384615384616,77,7473.4394328236995,7473,0.02222062673164603,0.12627217350674458,POSITIVE-MODEL-MARGIN,V0.7-CONTROLLED-RESEARCH-SCREEN-NOT-DISTRIBUTION
SCR-0551,6.846153846153846e-07,0.007923076923076923,77,6120.399726066917,6120,0.0225191929163539,0.12774998622511355,POSITIVE-MODEL-MARGIN,V0.7-CONTROLLED-RESEARCH-SCREEN-NOT-DISTRIBUTION
SCR-0552,6.846153846153846e-07,0.00823076923076923,76,4776.85034052996,4776,0.022742434123863235,0.12935000087281157,POSITIVE-MODEL-MARGIN,V0.7-CONTROLLED-RESEARCH-SCREEN-NOT-DISTRIBUTION
SCR-0553,6.846153846153846e-07,0.00853846153846154,75,3448.168907138639,3448,0.02296616327799836,0.13097795999320663,POSITIVE-MODEL-MARGIN,V0.7-CONTROLLED-RESEARCH-SCREEN-NOT-DISTRIBUTION
SCR-0554,6.846153846153846e-07,0.008846153846153847,74,2134.530150066512,2134,0.023190363690839114,0.13263500970237047,POSITIVE-MODEL-MARGIN,V0.7-CONTROLLED-RESEARCH-SCREEN-NOT-DISTRIBUTION
SCR-0555,6.846153846153846e-07,0.009153846153846155,74,834.9395595393472,834,0.0234890705352761,0.13412409063204742,POSITIVE-MODEL-MARGIN,V0.7-CONTROLLED-RESEARCH-SCREEN-NOT-DISTRIBUTION
SCR-0556,6.846153846153846e-07,0.009461538461538462,73,-451.96333982824206,0,0.02371377172519572,0.13581611676961264,NONPOSITIVE-MODEL-MARGIN,V0.7-CONTROLLED-RESEARCH-SCREEN-NOT-DISTRIBUTION
SCR-0557,6.846153846153846e-07,0.00976923076923077,73,-1729.2135647852665,0,0.024012524990054723,0.13730837145321934,NONPOSITIVE-MODEL-MARGIN,V0.7-CONTROLLED-RESEARCH-SCREEN-NOT-DISTRIBUTION
SCR-0558,6.846153846153846e-07,0.010076923076923077,1,-2352.29859073188,0,0.02105170566667829,0.5,NONPOSITIVE-MODEL-MARGIN,V0.7-CONTROLLED-RESEARCH-SCREEN-NOT-DISTRIBUTION
SCR-0559,6.846153846153846e-07,0.010384615384615384,1,-2371.4200213518197,0,0.02135250608314215,0.5,NONPOSITIVE-MODEL-MARGIN,V0.7-CONTROLLED-RESEARCH-SCREEN-NOT-DISTRIBUTION
SCR-0560,6.846153846153846e-07,0.010692307692307692,1,-2390.4789353420306,0,0.021653306499606,0.5,NONPOSITIVE-MODEL-MARGIN,V0.7-CONTROLLED-RESEARCH-SCREEN-NOT-DISTRIBUTION
SCR-0561,6.846153846153846e-07,0.011,1,-2409.475946891718,0,0.021954106916069856,0.5,NONPOSITIVE-MODEL-MARGIN,V0.7-CONTROLLED-RESEARCH-SCREEN-NOT-DISTRIBUTION
SCR-0562,6.846153846153846e-07,0.011307692307692307,1,-2428.411659484238,0,0.022254907332533713,0.5,NONPOSITIVE-MODEL-MARGIN,V0.7-CONTROLLED-RESEARCH-SCREEN-NOT-DISTRIBUTION
SCR-0563,6.846153846153846e-07,0.011615384615384614,1,-2451.055619236427,0,0.022555707748997563,0.5,NONPOSITIVE-MODEL-MARGIN,V0.7-CONTROLLED-RESEARCH-SCREEN-NOT-DISTRIBUTION
SCR-0564,6.846153846153846e-07,0.011923076923076925,1,-2469.8569469476993,0,0.022856508165461423,0.5,NONPOSITIVE-MODEL-MARGIN,V0.7-CONTROLLED-RESEARCH-SCREEN-NOT-DISTRIBUTION
SCR-0565,6.846153846153846e-07,0.012230769230769233,1,-2488.5988969292066,0,0.02315730858192527,0.5,NONPOSITIVE-MODEL-MARGIN,V0.7-CONTROLLED-RESEARCH-SCREEN-NOT-DISTRIBUTION
SCR-0566,6.846153846153846e-07,0.01253846153846154,1,-2507.2820272768886,0,0.02345810899838912,0.5,NONPOSITIVE-MODEL-MARGIN,V0.7-CONTROLLED-RESEARCH-SCREEN-NOT-DISTRIBUTION
SCR-0567,6.846153846153846e-07,0.012846153846153847,1,-2525.90688651269,0,0.02375890941485298,0.5,NONPOSITIVE-MODEL-MARGIN,V0.7-CONTROLLED-RESEARCH-SCREEN-NOT-DISTRIBUTION
SCR-0568,6.846153846153846e-07,0.013153846153846155,1,-2544.4740137697186,0,0.024059709831316833,0.5,NONPOSITIVE-MODEL-MARGIN,V0.7-CONTROLLED-RESEARCH-SCREEN-NOT-DISTRIBUTION
SCR-0569,6.846153846153846e-07,0.013461538461538462,1,-2562.983938977118,0,0.024360510247780687,0.5,NONPOSITIVE-MODEL-MARGIN,V0.7-CONTROLLED-RESEARCH-SCREEN-NOT-DISTRIBUTION
SCR-0570,6.846153846153846e-07,0.01376923076923077,1,-2581.43718304378,0,0.024661310664244533,0.5,NONPOSITIVE-MODEL-MARGIN,V0.7-CONTROLLED-RESEARCH-SCREEN-NOT-DISTRIBUTION
SCR-0571,6.846153846153846e-07,0.014076923076923077,1,-2603.4993752530745,0,0.02496211108070839,0.5,NONPOSITIVE-MODEL-MARGIN,V0.7-CONTROLLED-RESEARCH-SCREEN-NOT-DISTRIBUTION
SCR-0572,6.846153846153846e-07,0.014384615384615385,1,-2621.828497792832,0,0.025262911497172247,0.5,NONPOSITIVE-MODEL-MARGIN,V0.7-CONTROLLED-RESEARCH-SCREEN-NOT-DISTRIBUTION
SCR-0573,6.846153846153846e-07,0.014692307692307692,1,-2640.102591299325,0,0.025563711913636097,0.5,NONPOSITIVE-MODEL-MARGIN,V0.7-CONTROLLED-RESEARCH-SCREEN-NOT-DISTRIBUTION
SCR-0574,6.846153846153846e-07,0.015,1,-2658.3221390885988,0,0.025864512330099954,0.5,NONPOSITIVE-MODEL-MARGIN,V0.7-CONTROLLED-RESEARCH-SCREEN-NOT-DISTRIBUTION
SCR-0575,7.333333333333333e-07,0.003,83,24020.336103723468,24020,0.01922056337663245,0.10985877694981176,POSITIVE-MODEL-MARGIN,V0.7-CONTROLLED-RESEARCH-SCREEN-NOT-DISTRIBUTION
SCR-0576,7.333333333333333e-07,0.003307692307692308,82,22530.449665547752,22530,0.019434674515358744,0.1112793662448265,POSITIVE-MODEL-MARGIN,V0.7-CONTROLLED-RESEARCH-SCREEN-NOT-DISTRIBUTION
SCR-0577,7.333333333333333e-07,0.0036153846153846154,81,21052.791536595203,21052,0.019649284315105944,0.11272049644241217,POSITIVE-MODEL-MARGIN,V0.7-CONTROLLED-RESEARCH-SCREEN-NOT-DISTRIBUTION
SCR-0578,7.333333333333333e-07,0.003923076923076923,81,19589.019142149486,19589,0.019947038491354378,0.11420175040998923,POSITIVE-MODEL-MARGIN,V0.7-CONTROLLED-RESEARCH-SCREEN-NOT-DISTRIBUTION
SCR-0579,7.333333333333333e-07,0.004230769230769231,80,18135.94283565068,18135,0.020162181024074785,0.115667568169452,POSITIVE-MODEL-MARGIN,V0.7-CONTROLLED-RESEARCH-SCREEN-NOT-DISTRIBUTION
SCR-0580,7.333333333333333e-07,0.004538461538461538,80,16696.93694895608,16696,0.020459986472171614,0.11715047094980532,POSITIVE-MODEL-MARGIN,V0.7-CONTROLLED-RESEARCH-SCREEN-NOT-DISTRIBUTION
SCR-0581,7.333333333333333e-07,0.004846153846153846,79,15268.45287075025,15268,0.02067564389357185,0.11864208270245861,POSITIVE-MODEL-MARGIN,V0.7-CONTROLLED-RESEARCH-SCREEN-NOT-DISTRIBUTION
SCR-0582,7.333333333333333e-07,0.005,79,14562.002388303637,14562,0.020824572141357515,0.11938468360149207,POSITIVE-MODEL-MARGIN,V0.7-CONTROLLED-RESEARCH-SCREEN-NOT-DISTRIBUTION
SCR-0583,7.333333333333333e-07,0.005153846153846154,78,13856.50548701402,13856,0.020891747337187714,0.12015687807677379,POSITIVE-MODEL-MARGIN,V0.7-CONTROLLED-RESEARCH-SCREEN-NOT-DISTRIBUTION
SCR-0584,7.333333333333333e-07,0.005461538461538462,78,12457.588660317957,12457,0.021189654666381376,0.12164542803339365,POSITIVE-MODEL-MARGIN,V0.7-CONTROLLED-RESEARCH-SCREEN-NOT-DISTRIBUTION
SCR-0585,7.333333333333333e-07,0.0057692307692307696,77,11067.784422540764,11067,0.021406364702100954,0.12318963813513958,POSITIVE-MODEL-MARGIN,V0.7-CONTROLLED-RESEARCH-SCREEN-NOT-DISTRIBUTION
SCR-0586,7.333333333333333e-07,0.006076923076923077,77,9692.655711072443,9692,0.02170432258221381,0.12468047441780375,POSITIVE-MODEL-MARGIN,V0.7-CONTROLLED-RESEARCH-SCREEN-NOT-DISTRIBUTION
SCR-0587,7.333333333333333e-07,0.006384615384615384,76,8332.70616438732,8332,0.021921621186533995,0.12625547213601082,POSITIVE-MODEL-MARGIN,V0.7-CONTROLLED-RESEARCH-SCREEN-NOT-DISTRIBUTION
SCR-0588,7.333333333333333e-07,0.006692307692307693,76,6977.199211719537,6977,0.022219629345216665,0.1277488313910252,POSITIVE-MODEL-MARGIN,V0.7-CONTROLLED-RESEARCH-SCREEN-NOT-DISTRIBUTION
SCR-0589,7.333333333333333e-07,0.007,74,5641.111645252637,5641,0.0223577617081514,0.12949026912955874,POSITIVE-MODEL-MARGIN,V0.7-CONTROLLED-RESEARCH-SCREEN-NOT-DISTRIBUTION
SCR-0590,7.333333333333333e-07,0.007307692307692308,74,4320.3277337632935,4320,0.022655869649036323,0.1309925299580758,POSITIVE-MODEL-MARGIN,V0.7-CONTROLLED-RESEARCH-SCREEN-NOT-DISTRIBUTION
SCR-0591,7.333333333333333e-07,0.007615384615384616,73,3008.339296701135,3008,0.022874725185936202,0.13265942668999114,POSITIVE-MODEL-MARGIN,V0.7-CONTROLLED-RESEARCH-SCREEN-NOT-DISTRIBUTION
SCR-0592,7.333333333333333e-07,0.007923076923076923,73,1710.375967351345,1710,0.02317288265190909,0.13416487018013334,POSITIVE-MODEL-MARGIN,V0.7-CONTROLLED-RESEARCH-SCREEN-NOT-DISTRIBUTION
SCR-0593,7.333333333333333e-07,0.00823076923076923,72,426.2281142225148,426,0.02339238223581466,0.13587003493482458,POSITIVE-MODEL-MARGIN,V0.7-CONTROLLED-RESEARCH-SCREEN-NOT-DISTRIBUTION
SCR-0594,7.333333333333333e-07,0.00853846153846154,71,-848.9253724726403,0,0.023612458731336917,0.13761017737267006,NONPOSITIVE-MODEL-MARGIN,V0.7-CONTROLLED-RESEARCH-SCREEN-NOT-DISTRIBUTION
SCR-0595,7.333333333333333e-07,0.008846153846153847,71,-2105.4224044971743,0,0.02391071432790074,0.1391242910076672,NONPOSITIVE-MODEL-MARGIN,V0.7-CONTROLLED-RESEARCH-SCREEN-NOT-DISTRIBUTION
SCR-0596,7.333333333333333e-07,0.009153846153846155,1,-2343.361321916062,0,0.02087969698189759,0.5,NONPOSITIVE-MODEL-MARGIN,V0.7-CONTROLLED-RESEARCH-SCREEN-NOT-DISTRIBUTION
SCR-0597,7.333333333333333e-07,0.009461538461538462,1,-2362.523423275923,0,0.02118003957292398,0.5,NONPOSITIVE-MODEL-MARGIN,V0.7-CONTROLLED-RESEARCH-SCREEN-NOT-DISTRIBUTION
SCR-0598,7.333333333333333e-07,0.00976923076923077,1,-2381.6226833652518,0,0.021480382163950373,0.5,NONPOSITIVE-MODEL-MARGIN,V0.7-CONTROLLED-RESEARCH-SCREEN-NOT-DISTRIBUTION
SCR-0599,7.333333333333333e-07,0.010076923076923077,1,-2400.659722474513,0,0.021780724754976756,0.5,NONPOSITIVE-MODEL-MARGIN,V0.7-CONTROLLED-RESEARCH-SCREEN-NOT-DISTRIBUTION
SCR-0600,7.333333333333333e-07,0.010384615384615384,1,-2419.635150058821,0,0.02208106734600315,0.5,NONPOSITIVE-MODEL-MARGIN,V0.7-CONTROLLED-RESEARCH-SCREEN-NOT-DISTRIBUTION
SCR-0601,7.333333333333333e-07,0.010692307692307692,1,-2442.326453830402,0,0.022381409937029542,0.5,NONPOSITIVE-MODEL-MARGIN,V0.7-CONTROLLED-RESEARCH-SCREEN-NOT-DISTRIBUTION
SCR-0602,7.333333333333333e-07,0.011,1,-2461.1668070238766,0,0.022681752528055932,0.5,NONPOSITIVE-MODEL-MARGIN,V0.7-CONTROLLED-RESEARCH-SCREEN-NOT-DISTRIBUTION
SCR-0603,7.333333333333333e-07,0.011307692307692307,1,-2479.947489210945,0,0.022982095119082325,0.5,NONPOSITIVE-MODEL-MARGIN,V0.7-CONTROLLED-RESEARCH-SCREEN-NOT-DISTRIBUTION
SCR-0604,7.333333333333333e-07,0.011615384615384614,1,-2498.6690638680807,0,0.023282437710108714,0.5,NONPOSITIVE-MODEL-MARGIN,V0.7-CONTROLLED-RESEARCH-SCREEN-NOT-DISTRIBUTION
SCR-0605,7.333333333333333e-07,0.011923076923076925,1,-2517.3320847786126,0,0.023582780301135108,0.5,NONPOSITIVE-MODEL-MARGIN,V0.7-CONTROLLED-RESEARCH-SCREEN-NOT-DISTRIBUTION
SCR-0606,7.333333333333333e-07,0.012230769230769233,1,-2535.93709621961,0,0.023883122892161497,0.5,NONPOSITIVE-MODEL-MARGIN,V0.7-CONTROLLED-RESEARCH-SCREEN-NOT-DISTRIBUTION
SCR-0607,7.333333333333333e-07,0.01253846153846154,1,-2554.484633148494,0,0.024183465483187894,0.5,NONPOSITIVE-MODEL-MARGIN,V0.7-CONTROLLED-RESEARCH-SCREEN-NOT-DISTRIBUTION
SCR-0608,7.333333333333333e-07,0.012846153846153847,1,-2576.660176143233,0,0.024483808074214283,0.5,NONPOSITIVE-MODEL-MARGIN,V0.7-CONTROLLED-RESEARCH-SCREEN-NOT-DISTRIBUTION
SCR-0609,7.333333333333333e-07,0.013153846153846155,1,-2595.081832282545,0,0.024784150665240673,0.5,NONPOSITIVE-MODEL-MARGIN,V0.7-CONTROLLED-RESEARCH-SCREEN-NOT-DISTRIBUTION
SCR-0610,7.333333333333333e-07,0.013461538461538462,1,-2613.447711485208,0,0.02508449325626706,0.5,NONPOSITIVE-MODEL-MARGIN,V0.7-CONTROLLED-RESEARCH-SCREEN-NOT-DISTRIBUTION
SCR-0611,7.333333333333333e-07,0.01376923076923077,1,-2631.75830977705,0,0.02538483584729345,0.5,NONPOSITIVE-MODEL-MARGIN,V0.7-CONTROLLED-RESEARCH-SCREEN-NOT-DISTRIBUTION
SCR-0612,7.333333333333333e-07,0.014076923076923077,1,-2650.0141149000883,0,0.02568517843831984,0.5,NONPOSITIVE-MODEL-MARGIN,V0.7-CONTROLLED-RESEARCH-SCREEN-NOT-DISTRIBUTION
SCR-0613,7.333333333333333e-07,0.014384615384615385,1,-2668.2156064827827,0,0.025985521029346235,0.5,NONPOSITIVE-MODEL-MARGIN,V0.7-CONTROLLED-RESEARCH-SCREEN-NOT-DISTRIBUTION
SCR-0614,7.333333333333333e-07,0.014692307692307692,1,-2686.363256207914,0,0.026285863620372624,0.5,NONPOSITIVE-MODEL-MARGIN,V0.7-CONTROLLED-RESEARCH-SCREEN-NOT-DISTRIBUTION
SCR-0615,7.333333333333333e-07,0.015,1,-2704.4575279779774,0,0.026586206211399017,0.5,NONPOSITIVE-MODEL-MARGIN,V0.7-CONTROLLED-RESEARCH-SCREEN-NOT-DISTRIBUTION
SCR-0616,7.82051282051282e-07,0.003,79,19011.594422172308,19011,0.019877284858055497,0.11552520344234962,POSITIVE-MODEL-MARGIN,V0.7-CONTROLLED-RESEARCH-SCREEN-NOT-DISTRIBUTION
SCR-0617,7.82051282051282e-07,0.003307692307692308,78,17575.883107066646,17575,0.020087378130831907,0.11701401376423189,POSITIVE-MODEL-MARGIN,V0.7-CONTROLLED-RESEARCH-SCREEN-NOT-DISTRIBUTION
SCR-0618,7.82051282051282e-07,0.0036153846153846154,78,16153.422428118418,16153,0.020384676490443284,0.11851567737300808,POSITIVE-MODEL-MARGIN,V0.7-CONTROLLED-RESEARCH-SCREEN-NOT-DISTRIBUTION
SCR-0619,7.82051282051282e-07,0.003923076923076923,77,14739.578887579893,14739,0.020595413912996317,0.12003391017335896,POSITIVE-MODEL-MARGIN,V0.7-CONTROLLED-RESEARCH-SCREEN-NOT-DISTRIBUTION
SCR-0620,7.82051282051282e-07,0.004230769230769231,77,13341.472940497977,13341,0.020892765962217567,0.12153783350309752,POSITIVE-MODEL-MARGIN,V0.7-CONTROLLED-RESEARCH-SCREEN-NOT-DISTRIBUTION
SCR-0621,7.82051282051282e-07,0.004538461538461538,76,11957.282157148966,11957,0.02110412836288471,0.12308685797698454,POSITIVE-MODEL-MARGIN,V0.7-CONTROLLED-RESEARCH-SCREEN-NOT-DISTRIBUTION
SCR-0622,7.82051282051282e-07,0.004846153846153846,75,10583.255560168825,10583,0.021316043288747023,0.12466369116059368,POSITIVE-MODEL-MARGIN,V0.7-CONTROLLED-RESEARCH-SCREEN-NOT-DISTRIBUTION
SCR-0623,7.82051282051282e-07,0.005,75,9901.113164214465,9901,0.021464772576381623,0.12541933349444553,POSITIVE-MODEL-MARGIN,V0.7-CONTROLLED-RESEARCH-SCREEN-NOT-DISTRIBUTION
SCR-0624,7.82051282051282e-07,0.005153846153846154,75,9224.778884513293,9224,0.021613501864016223,0.126174552188169,POSITIVE-MODEL-MARGIN,V0.7-CONTROLLED-RESEARCH-SCREEN-NOT-DISTRIBUTION
SCR-0625,7.82051282051282e-07,0.005461538461538462,74,7880.6024190358185,7880,0.02182600319237814,0.1277849502469662,POSITIVE-MODEL-MARGIN,V0.7-CONTROLLED-RESEARCH-SCREEN-NOT-DISTRIBUTION
SCR-0626,7.82051282051282e-07,0.0057692307692307696,74,6545.564439704471,6545,0.022123514626493975,0.12929877665740225,POSITIVE-MODEL-MARGIN,V0.7-CONTROLLED-RESEARCH-SCREEN-NOT-DISTRIBUTION
SCR-0627,7.82051282051282e-07,0.006076923076923077,73,5223.703169389151,5223,0.0223365826189852,0.1309443631145269,POSITIVE-MODEL-MARGIN,V0.7-CONTROLLED-RESEARCH-SCREEN-NOT-DISTRIBUTION
SCR-0628,7.82051282051282e-07,0.006384615384615384,72,3913.8546506291786,3913,0.02255028229114203,0.13262338712507107,POSITIVE-MODEL-MARGIN,V0.7-CONTROLLED-RESEARCH-SCREEN-NOT-DISTRIBUTION
SCR-0629,7.82051282051282e-07,0.006692307692307693,72,2617.3625071063907,2617,0.022847898606336355,0.13414552550628372,POSITIVE-MODEL-MARGIN,V0.7-CONTROLLED-RESEARCH-SCREEN-NOT-DISTRIBUTION
SCR-0630,7.82051282051282e-07,0.007,71,1335.1841069577677,1335,0.02306226318159036,0.13586477363672297,POSITIVE-MODEL-MARGIN,V0.7-CONTROLLED-RESEARCH-SCREEN-NOT-DISTRIBUTION
SCR-0631,7.82051282051282e-07,0.007307692307692308,70,65.4618429759322,65,0.023277221473000174,0.13762072811472645,POSITIVE-MODEL-MARGIN,V0.7-CONTROLLED-RESEARCH-SCREEN-NOT-DISTRIBUTION
SCR-0632,7.82051282051282e-07,0.007615384615384616,69,-1191.5837380166886,0,0.023492754352494354,0.13941507080931786,NONPOSITIVE-MODEL-MARGIN,V0.7-CONTROLLED-RESEARCH-SCREEN-NOT-DISTRIBUTION
SCR-0633,7.82051282051282e-07,0.007923076923076923,1,-2315.1312817834573,0,0.020408324946947644,0.5,NONPOSITIVE-MODEL-MARGIN,V0.7-CONTROLLED-RESEARCH-SCREEN-NOT-DISTRIBUTION
SCR-0634,7.82051282051282e-07,0.00823076923076923,1,-2334.3980171607564,0,0.020708211104061104,0.5,NONPOSITIVE-MODEL-MARGIN,V0.7-CONTROLLED-RESEARCH-SCREEN-NOT-DISTRIBUTION
SCR-0635,7.82051282051282e-07,0.00853846153846154,1,-2353.6009456022693,0,0.021008097261174568,0.5,NONPOSITIVE-MODEL-MARGIN,V0.7-CONTROLLED-RESEARCH-SCREEN-NOT-DISTRIBUTION
SCR-0636,7.82051282051282e-07,0.008846153846153847,1,-2372.7407047313013,0,0.021307983418288035,0.5,NONPOSITIVE-MODEL-MARGIN,V0.7-CONTROLLED-RESEARCH-SCREEN-NOT-DISTRIBUTION
SCR-0637,7.82051282051282e-07,0.009153846153846155,1,-2391.817921020814,0,0.021607869575401492,0.5,NONPOSITIVE-MODEL-MARGIN,V0.7-CONTROLLED-RESEARCH-SCREEN-NOT-DISTRIBUTION
SCR-0638,7.82051282051282e-07,0.009461538461538462,1,-2414.631973245473,0,0.021907755732514963,0.5,NONPOSITIVE-MODEL-MARGIN,V0.7-CONTROLLED-RESEARCH-SCREEN-NOT-DISTRIBUTION
SCR-0639,7.82051282051282e-07,0.00976923076923077,1,-2433.572037208205,0,0.022207641889628423,0.5,NONPOSITIVE-MODEL-MARGIN,V0.7-CONTROLLED-RESEARCH-SCREEN-NOT-DISTRIBUTION
SCR-0640,7.82051282051282e-07,0.010076923076923077,1,-2452.451554988724,0,0.022507528046741884,0.5,NONPOSITIVE-MODEL-MARGIN,V0.7-CONTROLLED-RESEARCH-SCREEN-NOT-DISTRIBUTION
SCR-0641,7.82051282051282e-07,0.010384615384615384,1,-2471.2711055177706,0,0.022807414203855354,0.5,NONPOSITIVE-MODEL-MARGIN,V0.7-CONTROLLED-RESEARCH-SCREEN-NOT-DISTRIBUTION
SCR-0642,7.82051282051282e-07,0.010692307692307692,1,-2490.03125772428,0,0.023107300360968818,0.5,NONPOSITIVE-MODEL-MARGIN,V0.7-CONTROLLED-RESEARCH-SCREEN-NOT-DISTRIBUTION
SCR-0643,7.82051282051282e-07,0.011,1,-2508.732570723366,0,0.02340718651808228,0.5,NONPOSITIVE-MODEL-MARGIN,V0.7-CONTROLLED-RESEARCH-SCREEN-NOT-DISTRIBUTION
SCR-0644,7.82051282051282e-07,0.011307692307692307,1,-2527.3755940048495,0,0.023707072675195746,0.5,NONPOSITIVE-MODEL-MARGIN,V0.7-CONTROLLED-RESEARCH-SCREEN-NOT-DISTRIBUTION
SCR-0645,7.82051282051282e-07,0.011615384615384614,1,-2549.6659793384933,0,0.024006958832309206,0.5,NONPOSITIVE-MODEL-MARGIN,V0.7-CONTROLLED-RESEARCH-SCREEN-NOT-DISTRIBUTION
SCR-0646,7.82051282051282e-07,0.011923076923076925,1,-2568.1813125270064,0,0.024306844989422666,0.5,NONPOSITIVE-MODEL-MARGIN,V0.7-CONTROLLED-RESEARCH-SCREEN-NOT-DISTRIBUTION
SCR-0647,7.82051282051282e-07,0.012230769230769233,1,-2586.6401007276177,0,0.024606731146536134,0.5,NONPOSITIVE-MODEL-MARGIN,V0.7-CONTROLLED-RESEARCH-SCREEN-NOT-DISTRIBUTION
SCR-0648,7.82051282051282e-07,0.01253846153846154,1,-2605.0428531160087,0,0.0249066173036496,0.5,NONPOSITIVE-MODEL-MARGIN,V0.7-CONTROLLED-RESEARCH-SCREEN-NOT-DISTRIBUTION
SCR-0649,7.82051282051282e-07,0.012846153846153847,1,-2623.3900703057284,0,0.02520650346076306,0.5,NONPOSITIVE-MODEL-MARGIN,V0.7-CONTROLLED-RESEARCH-SCREEN-NOT-DISTRIBUTION
SCR-0650,7.82051282051282e-07,0.013153846153846155,1,-2641.68224452276,0,0.02550638961787652,0.5,NONPOSITIVE-MODEL-MARGIN,V0.7-CONTROLLED-RESEARCH-SCREEN-NOT-DISTRIBUTION
SCR-0651,7.82051282051282e-07,0.013461538461538462,1,-2659.9198597779346,0,0.02580627577498999,0.5,NONPOSITIVE-MODEL-MARGIN,V0.7-CONTROLLED-RESEARCH-SCREEN-NOT-DISTRIBUTION
SCR-0652,7.82051282051282e-07,0.01376923076923077,1,-2678.103392036972,0,0.026106161932103456,0.5,NONPOSITIVE-MODEL-MARGIN,V0.7-CONTROLLED-RESEARCH-SCREEN-NOT-DISTRIBUTION
SCR-0653,7.82051282051282e-07,0.014076923076923077,1,-2696.233309388054,0,0.026406048089216917,0.5,NONPOSITIVE-MODEL-MARGIN,V0.7-CONTROLLED-RESEARCH-SCREEN-NOT-DISTRIBUTION
SCR-0654,7.82051282051282e-07,0.014384615384615385,1,-2714.3100722066456,0,0.026705934246330384,0.5,NONPOSITIVE-MODEL-MARGIN,V0.7-CONTROLLED-RESEARCH-SCREEN-NOT-DISTRIBUTION
SCR-0655,7.82051282051282e-07,0.014692307692307692,1,-2732.3341333175804,0,0.027005820403443844,0.5,NONPOSITIVE-MODEL-MARGIN,V0.7-CONTROLLED-RESEARCH-SCREEN-NOT-DISTRIBUTION
SCR-0656,7.82051282051282e-07,0.015,1,-2753.878912285436,0,0.027305706560557308,0.5,NONPOSITIVE-MODEL-MARGIN,V0.7-CONTROLLED-RESEARCH-SCREEN-NOT-DISTRIBUTION
SCR-0657,8.307692307692308e-07,0.003,75,14271.900287353401,14271,0.02049595258793949,0.12139607056398984,POSITIVE-MODEL-MARGIN,V0.7-CONTROLLED-RESEARCH-SCREEN-NOT-DISTRIBUTION
SCR-0658,8.307692307692308e-07,0.003307692307692308,75,12886.39744447298,12886,0.020792813970659737,0.1229201747955645,POSITIVE-MODEL-MARGIN,V0.7-CONTROLLED-RESEARCH-SCREEN-NOT-DISTRIBUTION
SCR-0659,8.307692307692308e-07,0.0036153846153846154,74,11516.970355043548,11516,0.02099945118898641,0.1245035223604932,POSITIVE-MODEL-MARGIN,V0.7-CONTROLLED-RESEARCH-SCREEN-NOT-DISTRIBUTION
SCR-0660,8.307692307692308e-07,0.003923076923076923,74,10159.320491663053,10159,0.021296368498757882,0.12603058061302808,POSITIVE-MODEL-MARGIN,V0.7-CONTROLLED-RESEARCH-SCREEN-NOT-DISTRIBUTION
SCR-0661,8.307692307692308e-07,0.004230769230769231,73,8815.739078047347,8815,0.021503604974257552,0.12764907681050416,POSITIVE-MODEL-MARGIN,V0.7-CONTROLLED-RESEARCH-SCREEN-NOT-DISTRIBUTION
SCR-0662,8.307692307692308e-07,0.004538461538461538,73,7481.712085472263,7481,0.02180057794329019,0.12917935555229387,POSITIVE-MODEL-MARGIN,V0.7-CONTROLLED-RESEARCH-SCREEN-NOT-DISTRIBUTION
SCR-0663,8.307692307692308e-07,0.004846153846153846,72,6161.465506355267,6161,0.022008538285846393,0.13083637953447172,POSITIVE-MODEL-MARGIN,V0.7-CONTROLLED-RESEARCH-SCREEN-NOT-DISTRIBUTION
SCR-0664,8.307692307692308e-07,0.005,72,5505.149548857098,5505,0.022157052426965414,0.1316034776176575,POSITIVE-MODEL-MARGIN,V0.7-CONTROLLED-RESEARCH-SCREEN-NOT-DISTRIBUTION
SCR-0665,8.307692307692308e-07,0.005153846153846154,71,4852.961510756813,4852,0.022217146991643996,0.13252843243474866,POSITIVE-MODEL-MARGIN,V0.7-CONTROLLED-RESEARCH-SCREEN-NOT-DISTRIBUTION
SCR-0666,8.307692307692308e-07,0.005461538461538462,71,3557.7614984108113,3557,0.02251423025272544,0.1340676454969298,POSITIVE-MODEL-MARGIN,V0.7-CONTROLLED-RESEARCH-SCREEN-NOT-DISTRIBUTION
SCR-0667,8.307692307692308e-07,0.0057692307692307696,70,2276.75982095319,2276,0.02272352193430835,0.13580197061195623,POSITIVE-MODEL-MARGIN,V0.7-CONTROLLED-RESEARCH-SCREEN-NOT-DISTRIBUTION
SCR-0668,8.307692307692308e-07,0.006076923076923077,70,1004.4262417212195,1004,0.023020659851717924,0.13734522502465948,POSITIVE-MODEL-MARGIN,V0.7-CONTROLLED-RESEARCH-SCREEN-NOT-DISTRIBUTION
SCR-0669,8.307692307692308e-07,0.006384615384615384,68,-250.96856690731863,0,0.023144055382869497,0.13938976057928393,NONPOSITIVE-MODEL-MARGIN,V0.7-CONTROLLED-RESEARCH-SCREEN-NOT-DISTRIBUTION
SCR-0670,8.307692307692308e-07,0.006692307692307693,68,-1492.4098587485314,0,0.02344130160177739,0.14094520831686333,NONPOSITIVE-MODEL-MARGIN,V0.7-CONTROLLED-RESEARCH-SCREEN-NOT-DISTRIBUTION
SCR-0671,8.307692307692308e-07,0.007,1,-2306.10055323294,0,0.020237814544895056,0.5,NONPOSITIVE-MODEL-MARGIN,V0.7-CONTROLLED-RESEARCH-SCREEN-NOT-DISTRIBUTION
SCR-0672,8.307692307692308e-07,0.007307692307692308,1,-2325.408611829092,0,0.020537245653286313,0.5,NONPOSITIVE-MODEL-MARGIN,V0.7-CONTROLLED-RESEARCH-SCREEN-NOT-DISTRIBUTION
SCR-0673,8.307692307692308e-07,0.007615384615384616,1,-2344.652525601386,0,0.020836676761677567,0.5,NONPOSITIVE-MODEL-MARGIN,V0.7-CONTROLLED-RESEARCH-SCREEN-NOT-DISTRIBUTION
SCR-0674,8.307692307692308e-07,0.007923076923076923,1,-2363.8329385697402,0,0.02113610787006882,0.5,NONPOSITIVE-MODEL-MARGIN,V0.7-CONTROLLED-RESEARCH-SCREEN-NOT-DISTRIBUTION
SCR-0675,8.307692307692308e-07,0.00823076923076923,1,-2382.950483472015,0,0.021435538978460063,0.5,NONPOSITIVE-MODEL-MARGIN,V0.7-CONTROLLED-RESEARCH-SCREEN-NOT-DISTRIBUTION
SCR-0676,8.307692307692308e-07,0.00853846153846154,1,-2405.8126400849615,0,0.021734970086851324,0.5,NONPOSITIVE-MODEL-MARGIN,V0.7-CONTROLLED-RESEARCH-SCREEN-NOT-DISTRIBUTION
SCR-0677,8.307692307692308e-07,0.008846153846153847,1,-2424.792314301144,0,0.022034401195242574,0.5,NONPOSITIVE-MODEL-MARGIN,V0.7-CONTROLLED-RESEARCH-SCREEN-NOT-DISTRIBUTION
SCR-0678,8.307692307692308e-07,0.009153846153846155,1,-2443.7111374309443,0,0.022333832303633824,0.5,NONPOSITIVE-MODEL-MARGIN,V0.7-CONTROLLED-RESEARCH-SCREEN-NOT-DISTRIBUTION
SCR-0679,8.307692307692308e-07,0.009461538461538462,1,-2462.5696940541347,0,0.02263326341202508,0.5,NONPOSITIVE-MODEL-MARGIN,V0.7-CONTROLLED-RESEARCH-SCREEN-NOT-DISTRIBUTION
SCR-0680,8.307692307692308e-07,0.00976923076923077,1,-2481.3685586250913,0,0.02293269452041633,0.5,NONPOSITIVE-MODEL-MARGIN,V0.7-CONTROLLED-RESEARCH-SCREEN-NOT-DISTRIBUTION
SCR-0681,8.307692307692308e-07,0.010076923076923077,1,-2500.1082956622035,0,0.02323212562880758,0.5,NONPOSITIVE-MODEL-MARGIN,V0.7-CONTROLLED-RESEARCH-SCREEN-NOT-DISTRIBUTION
SCR-0682,8.307692307692308e-07,0.010384615384615384,1,-2518.7894599379633,0,0.023531556737198842,0.5,NONPOSITIVE-MODEL-MARGIN,V0.7-CONTROLLED-RESEARCH-SCREEN-NOT-DISTRIBUTION
SCR-0683,8.307692307692308e-07,0.010692307692307692,1,-2541.1252456647317,0,0.023830987845590092,0.5,NONPOSITIVE-MODEL-MARGIN,V0.7-CONTROLLED-RESEARCH-SCREEN-NOT-DISTRIBUTION
SCR-0684,8.307692307692308e-07,0.011,1,-2559.6780974165367,0,0.02413041895398134,0.5,NONPOSITIVE-MODEL-MARGIN,V0.7-CONTROLLED-RESEARCH-SCREEN-NOT-DISTRIBUTION
SCR-0685,8.307692307692308e-07,0.011307692307692307,1,-2578.1741380459052,0,0.0244298500623726,0.5,NONPOSITIVE-MODEL-MARGIN,V0.7-CONTROLLED-RESEARCH-SCREEN-NOT-DISTRIBUTION
SCR-0686,8.307692307692308e-07,0.011615384615384614,1,-2596.6138814840515,0,0.02472928117076385,0.5,NONPOSITIVE-MODEL-MARGIN,V0.7-CONTROLLED-RESEARCH-SCREEN-NOT-DISTRIBUTION
SCR-0687,8.307692307692308e-07,0.011923076923076925,1,-2614.9978329927444,0,0.0250287122791551,0.5,NONPOSITIVE-MODEL-MARGIN,V0.7-CONTROLLED-RESEARCH-SCREEN-NOT-DISTRIBUTION
SCR-0688,8.307692307692308e-07,0.012230769230769233,1,-2633.326489340886,0,0.02532814338754635,0.5,NONPOSITIVE-MODEL-MARGIN,V0.7-CONTROLLED-RESEARCH-SCREEN-NOT-DISTRIBUTION
SCR-0689,8.307692307692308e-07,0.01253846153846154,1,-2651.6003389791117,0,0.025627574495937607,0.5,NONPOSITIVE-MODEL-MARGIN,V0.7-CONTROLLED-RESEARCH-SCREEN-NOT-DISTRIBUTION
SCR-0690,8.307692307692308e-07,0.012846153846153847,1,-2669.8198622120276,0,0.02592700560432886,0.5,NONPOSITIVE-MODEL-MARGIN,V0.7-CONTROLLED-RESEARCH-SCREEN-NOT-DISTRIBUTION
SCR-0691,8.307692307692308e-07,0.013153846153846155,1,-2687.9855313679864,0,0.02622643671272011,0.5,NONPOSITIVE-MODEL-MARGIN,V0.7-CONTROLLED-RESEARCH-SCREEN-NOT-DISTRIBUTION
SCR-0692,8.307692307692308e-07,0.013461538461538462,1,-2709.7005618175363,0,0.02652586782111136,0.5,NONPOSITIVE-MODEL-MARGIN,V0.7-CONTROLLED-RESEARCH-SCREEN-NOT-DISTRIBUTION
SCR-0693,8.307692307692308e-07,0.01376923076923077,1,-2727.7483760634786,0,0.026825298929502618,0.5,NONPOSITIVE-MODEL-MARGIN,V0.7-CONTROLLED-RESEARCH-SCREEN-NOT-DISTRIBUTION
SCR-0694,8.307692307692308e-07,0.014076923076923077,1,-2745.7438315257277,0,0.027124730037893865,0.5,NONPOSITIVE-MODEL-MARGIN,V0.7-CONTROLLED-RESEARCH-SCREEN-NOT-DISTRIBUTION
SCR-0695,8.307692307692308e-07,0.014384615384615385,1,-2763.687367533686,0,0.027424161146285122,0.5,NONPOSITIVE-MODEL-MARGIN,V0.7-CONTROLLED-RESEARCH-SCREEN-NOT-DISTRIBUTION
SCR-0696,8.307692307692308e-07,0.014692307692307692,1,-2781.579416335978,0,0.027723592254676372,0.5,NONPOSITIVE-MODEL-MARGIN,V0.7-CONTROLLED-RESEARCH-SCREEN-NOT-DISTRIBUTION
SCR-0697,8.307692307692308e-07,0.015,1,-2799.4204032488947,0,0.028023023363067633,0.5,NONPOSITIVE-MODEL-MARGIN,V0.7-CONTROLLED-RESEARCH-SCREEN-NOT-DISTRIBUTION
SCR-0698,8.794871794871795e-07,0.003,72,9780.78720990464,9780,0.02117248825594264,0.12745335997114837,POSITIVE-MODEL-MARGIN,V0.7-CONTROLLED-RESEARCH-SCREEN-NOT-DISTRIBUTION
SCR-0699,8.794871794871795e-07,0.003307692307692308,72,8447.58218663502,8447,0.021468930824323083,0.12900048043712373,POSITIVE-MODEL-MARGIN,V0.7-CONTROLLED-RESEARCH-SCREEN-NOT-DISTRIBUTION
SCR-0700,8.794871794871795e-07,0.0036153846153846154,71,7128.166886892144,7128,0.021671846676335343,0.1306698159081818,POSITIVE-MODEL-MARGIN,V0.7-CONTROLLED-RESEARCH-SCREEN-NOT-DISTRIBUTION
SCR-0701,8.794871794871795e-07,0.003923076923076923,70,5820.222886277854,5820,0.021875424840584384,0.13237584050938853,POSITIVE-MODEL-MARGIN,V0.7-CONTROLLED-RESEARCH-SCREEN-NOT-DISTRIBUTION
SCR-0702,8.794871794871795e-07,0.004230769230769231,70,4526.138960996748,4526,0.02217198301848627,0.13393255594950237,POSITIVE-MODEL-MARGIN,V0.7-CONTROLLED-RESEARCH-SCREEN-NOT-DISTRIBUTION
SCR-0703,8.794871794871795e-07,0.004538461538461538,69,3245.531521533103,3245,0.022376259395720775,0.13568300042218645,POSITIVE-MODEL-MARGIN,V0.7-CONTROLLED-RESEARCH-SCREEN-NOT-DISTRIBUTION
SCR-0704,8.794871794871795e-07,0.004846153846153846,69,1974.5068454185712,1974,0.022672874882714092,0.137244083148157,POSITIVE-MODEL-MARGIN,V0.7-CONTROLLED-RESEARCH-SCREEN-NOT-DISTRIBUTION
SCR-0705,8.794871794871795e-07,0.005,68,1345.6237660994848,1345,0.022729646812115523,0.13825964225766463,POSITIVE-MODEL-MARGIN,V0.7-CONTROLLED-RESEARCH-SCREEN-NOT-DISTRIBUTION
SCR-0706,8.794871794871795e-07,0.005153846153846154,68,718.7969085226979,718,0.0228779830050222,0.13904315550873664,POSITIVE-MODEL-MARGIN,V0.7-CONTROLLED-RESEARCH-SCREEN-NOT-DISTRIBUTION
SCR-0707,8.794871794871795e-07,0.005461538461538462,67,-528.4666929484191,0,0.02308368879879365,0.14088493032486166,NONPOSITIVE-MODEL-MARGIN,V0.7-CONTROLLED-RESEARCH-SCREEN-NOT-DISTRIBUTION
SCR-0708,8.794871794871795e-07,0.0057692307692307696,67,-1757.5109696965483,0,0.023380417782369524,0.14245737023931104,NONPOSITIVE-MODEL-MARGIN,V0.7-CONTROLLED-RESEARCH-SCREEN-NOT-DISTRIBUTION
SCR-0709,8.794871794871795e-07,0.006076923076923077,1,-2297.043494872822,0,0.020067820825422883,0.5,NONPOSITIVE-MODEL-MARGIN,V0.7-CONTROLLED-RESEARCH-SCREEN-NOT-DISTRIBUTION
SCR-0710,8.794871794871795e-07,0.006384615384615384,1,-2316.393040454019,0,0.0203667982639853,0.5,NONPOSITIVE-MODEL-MARGIN,V0.7-CONTROLLED-RESEARCH-SCREEN-NOT-DISTRIBUTION
SCR-0711,8.794871794871795e-07,0.006692307692307693,1,-2335.6780997401875,0,0.020665775702547705,0.5,NONPOSITIVE-MODEL-MARGIN,V0.7-CONTROLLED-RESEARCH-SCREEN-NOT-DISTRIBUTION
SCR-0712,8.794871794871795e-07,0.007,1,-2354.8993232323414,0,0.02096475314111011,0.5,NONPOSITIVE-MODEL-MARGIN,V0.7-CONTROLLED-RESEARCH-SCREEN-NOT-DISTRIBUTION
SCR-0713,8.794871794871795e-07,0.007307692307692308,1,-2374.057350016685,0,0.021263730579672527,0.5,NONPOSITIVE-MODEL-MARGIN,V0.7-CONTROLLED-RESEARCH-SCREEN-NOT-DISTRIBUTION
SCR-0714,8.794871794871795e-07,0.007615384615384616,1,-2396.967799305254,0,0.021562708018234938,0.5,NONPOSITIVE-MODEL-MARGIN,V0.7-CONTROLLED-RESEARCH-SCREEN-NOT-DISTRIBUTION
SCR-0715,8.794871794871795e-07,0.007923076923076923,1,-2415.9872293448757,0,0.021861685456797342,0.5,NONPOSITIVE-MODEL-MARGIN,V0.7-CONTROLLED-RESEARCH-SCREEN-NOT-DISTRIBUTION
SCR-0716,8.794871794871795e-07,0.00823076923076923,1,-2434.9455002659256,0,0.02216066289535975,0.5,NONPOSITIVE-MODEL-MARGIN,V0.7-CONTROLLED-RESEARCH-SCREEN-NOT-DISTRIBUTION
SCR-0717,8.794871794871795e-07,0.00853846153846154,1,-2453.843202372767,0,0.022459640333922167,0.5,NONPOSITIVE-MODEL-MARGIN,V0.7-CONTROLLED-RESEARCH-SCREEN-NOT-DISTRIBUTION
SCR-0718,8.794871794871795e-07,0.008846153846153847,1,-2472.680915719338,0,0.022758617772484575,0.5,NONPOSITIVE-MODEL-MARGIN,V0.7-CONTROLLED-RESEARCH-SCREEN-NOT-DISTRIBUTION
SCR-0719,8.794871794871795e-07,0.009153846153846155,1,-2491.459210299877,0,0.023057595211046986,0.5,NONPOSITIVE-MODEL-MARGIN,V0.7-CONTROLLED-RESEARCH-SCREEN-NOT-DISTRIBUTION
SCR-0720,8.794871794871795e-07,0.009461538461538462,1,-2513.911889430687,0,0.023356572649609393,0.5,NONPOSITIVE-MODEL-MARGIN,V0.7-CONTROLLED-RESEARCH-SCREEN-NOT-DISTRIBUTION
SCR-0721,8.794871794871795e-07,0.00976923076923077,1,-2532.55999167225,0,0.0236555500881718,0.5,NONPOSITIVE-MODEL-MARGIN,V0.7-CONTROLLED-RESEARCH-SCREEN-NOT-DISTRIBUTION
SCR-0722,8.794871794871795e-07,0.010076923076923077,1,-2551.150486347619,0,0.02395452752673421,0.5,NONPOSITIVE-MODEL-MARGIN,V0.7-CONTROLLED-RESEARCH-SCREEN-NOT-DISTRIBUTION
SCR-0723,8.794871794871795e-07,0.010384615384615384,1,-2569.683901165428,0,0.024253504965296626,0.5,NONPOSITIVE-MODEL-MARGIN,V0.7-CONTROLLED-RESEARCH-SCREEN-NOT-DISTRIBUTION
SCR-0724,8.794871794871795e-07,0.010692307692307692,1,-2588.1607548754737,0,0.024552482403859033,0.5,NONPOSITIVE-MODEL-MARGIN,V0.7-CONTROLLED-RESEARCH-SCREEN-NOT-DISTRIBUTION
SCR-0725,8.794871794871795e-07,0.011,1,-2606.5815574491485,0,0.02485145984242144,0.5,NONPOSITIVE-MODEL-MARGIN,V0.7-CONTROLLED-RESEARCH-SCREEN-NOT-DISTRIBUTION
SCR-0726,8.794871794871795e-07,0.011307692307692307,1,-2624.946810258186,0,0.025150437280983845,0.5,NONPOSITIVE-MODEL-MARGIN,V0.7-CONTROLLED-RESEARCH-SCREEN-NOT-DISTRIBUTION
SCR-0727,8.794871794871795e-07,0.011615384615384614,1,-2643.2570062514146,0,0.02544941471954626,0.5,NONPOSITIVE-MODEL-MARGIN,V0.7-CONTROLLED-RESEARCH-SCREEN-NOT-DISTRIBUTION
SCR-0728,8.794871794871795e-07,0.011923076923076925,1,-2661.512630129196,0,0.02574839215810867,0.5,NONPOSITIVE-MODEL-MARGIN,V0.7-CONTROLLED-RESEARCH-SCREEN-NOT-DISTRIBUTION
SCR-0729,8.794871794871795e-07,0.012230769230769233,1,-2683.3356043958574,0,0.026047369596671085,0.5,NONPOSITIVE-MODEL-MARGIN,V0.7-CONTROLLED-RESEARCH-SCREEN-NOT-DISTRIBUTION
SCR-0730,8.794871794871795e-07,0.01253846153846154,1,-2701.4717861417726,0,0.026346347035233492,0.5,NONPOSITIVE-MODEL-MARGIN,V0.7-CONTROLLED-RESEARCH-SCREEN-NOT-DISTRIBUTION
SCR-0731,8.794871794871795e-07,0.012846153846153847,1,-2719.554930779214,0,0.0266453244737959,0.5,NONPOSITIVE-MODEL-MARGIN,V0.7-CONTROLLED-RESEARCH-SCREEN-NOT-DISTRIBUTION
SCR-0732,8.794871794871795e-07,0.013153846153846155,1,-2737.5854888330664,0,0.026944301912358314,0.5,NONPOSITIVE-MODEL-MARGIN,V0.7-CONTROLLED-RESEARCH-SCREEN-NOT-DISTRIBUTION
SCR-0733,8.794871794871795e-07,0.013461538461538462,1,-2755.563903506923,0,0.027243279350920722,0.5,NONPOSITIVE-MODEL-MARGIN,V0.7-CONTROLLED-RESEARCH-SCREEN-NOT-DISTRIBUTION
SCR-0734,8.794871794871795e-07,0.01376923076923077,1,-2773.490610836415,0,0.02754225678948313,0.5,NONPOSITIVE-MODEL-MARGIN,V0.7-CONTROLLED-RESEARCH-SCREEN-NOT-DISTRIBUTION
SCR-0735,8.794871794871795e-07,0.014076923076923077,1,-2791.3660398397096,0,0.027841234228045544,0.5,NONPOSITIVE-MODEL-MARGIN,V0.7-CONTROLLED-RESEARCH-SCREEN-NOT-DISTRIBUTION
SCR-0736,8.794871794871795e-07,0.014384615384615385,1,-2809.190612665054,0,0.02814021166660795,0.5,NONPOSITIVE-MODEL-MARGIN,V0.7-CONTROLLED-RESEARCH-SCREEN-NOT-DISTRIBUTION
SCR-0737,8.794871794871795e-07,0.014692307692307692,1,-2826.964744735302,0,0.028439189105170362,0.5,NONPOSITIVE-MODEL-MARGIN,V0.7-CONTROLLED-RESEARCH-SCREEN-NOT-DISTRIBUTION
SCR-0738,8.794871794871795e-07,0.015,1,-2844.688844889553,0,0.028738166543732766,0.5,NONPOSITIVE-MODEL-MARGIN,V0.7-CONTROLLED-RESEARCH-SCREEN-NOT-DISTRIBUTION
SCR-0739,9.282051282051281e-07,0.003,69,5520.983502748579,5520,0.021821255880026882,0.1337413523799254,POSITIVE-MODEL-MARGIN,V0.7-CONTROLLED-RESEARCH-SCREEN-NOT-DISTRIBUTION
SCR-0740,9.282051282051281e-07,0.003307692307692308,68,4237.341969208155,4237,0.022020734423900182,0.13551091567114232,POSITIVE-MODEL-MARGIN,V0.7-CONTROLLED-RESEARCH-SCREEN-NOT-DISTRIBUTION
SCR-0741,9.282051282051281e-07,0.0036153846153846154,68,2967.4647326342565,2967,0.02231683518791689,0.1370903338316672,POSITIVE-MODEL-MARGIN,V0.7-CONTROLLED-RESEARCH-SCREEN-NOT-DISTRIBUTION
SCR-0742,9.282051282051281e-07,0.003923076923076923,67,1711.175460388793,1711,0.022517001518571764,0.13890916544282408,POSITIVE-MODEL-MARGIN,V0.7-CONTROLLED-RESEARCH-SCREEN-NOT-DISTRIBUTION
SCR-0743,9.282051282051281e-07,0.004230769230769231,67,464.27194600692394,464,0.022813161786147396,0.14049364588934637,POSITIVE-MODEL-MARGIN,V0.7-CONTROLLED-RESEARCH-SCREEN-NOT-DISTRIBUTION
SCR-0744,9.282051282051281e-07,0.004538461538461538,66,-770.8528376230714,0,0.02301415730591982,0.14236644946563828,NONPOSITIVE-MODEL-MARGIN,V0.7-CONTROLLED-RESEARCH-SCREEN-NOT-DISTRIBUTION
SCR-0745,9.282051282051281e-07,0.004846153846153846,66,-1991.3059612410543,0,0.02331037667296826,0.14395635129280476,NONPOSITIVE-MODEL-MARGIN,V0.7-CONTROLLED-RESEARCH-SCREEN-NOT-DISTRIBUTION
SCR-0746,9.282051282051281e-07,0.005,1,-2278.239918336401,0,0.019749078872958892,0.5,NONPOSITIVE-MODEL-MARGIN,V0.7-CONTROLLED-RESEARCH-SCREEN-NOT-DISTRIBUTION
SCR-0747,9.282051282051281e-07,0.005153846153846154,1,-2287.960037819317,0,0.019898341443643695,0.5,NONPOSITIVE-MODEL-MARGIN,V0.7-CONTROLLED-RESEARCH-SCREEN-NOT-DISTRIBUTION
SCR-0748,9.282051282051281e-07,0.005461538461538462,1,-2307.351236165735,0,0.0201968665850133,0.5,NONPOSITIVE-MODEL-MARGIN,V0.7-CONTROLLED-RESEARCH-SCREEN-NOT-DISTRIBUTION
SCR-0749,9.282051282051281e-07,0.0057692307692307696,1,-2326.677603111895,0,0.020495391726382907,0.5,NONPOSITIVE-MODEL-MARGIN,V0.7-CONTROLLED-RESEARCH-SCREEN-NOT-DISTRIBUTION
SCR-0750,9.282051282051281e-07,0.006076923076923077,1,-2345.9397957254437,0,0.020793916867752515,0.5,NONPOSITIVE-MODEL-MARGIN,V0.7-CONTROLLED-RESEARCH-SCREEN-NOT-DISTRIBUTION
SCR-0751,9.282051282051281e-07,0.006384615384615384,1,-2368.9759819609103,0,0.021092442009122126,0.5,NONPOSITIVE-MODEL-MARGIN,V0.7-CONTROLLED-RESEARCH-SCREEN-NOT-DISTRIBUTION
SCR-0752,9.282051282051281e-07,0.006692307692307693,1,-2388.0973921377063,0,0.021390967150491727,0.5,NONPOSITIVE-MODEL-MARGIN,V0.7-CONTROLLED-RESEARCH-SCREEN-NOT-DISTRIBUTION
SCR-0753,9.282051282051281e-07,0.007,1,-2407.156725319319,0,0.02168949229186133,0.5,NONPOSITIVE-MODEL-MARGIN,V0.7-CONTROLLED-RESEARCH-SCREEN-NOT-DISTRIBUTION
SCR-0754,9.282051282051281e-07,0.007307692307692308,1,-2426.1545881779293,0,0.02198801743323094,0.5,NONPOSITIVE-MODEL-MARGIN,V0.7-CONTROLLED-RESEARCH-SCREEN-NOT-DISTRIBUTION
SCR-0755,9.282051282051281e-07,0.007615384615384616,1,-2445.091576819168,0,0.022286542574600547,0.5,NONPOSITIVE-MODEL-MARGIN,V0.7-CONTROLLED-RESEARCH-SCREEN-NOT-DISTRIBUTION
SCR-0756,9.282051282051281e-07,0.007923076923076923,1,-2463.9682769717947,0,0.022585067715970148,0.5,NONPOSITIVE-MODEL-MARGIN,V0.7-CONTROLLED-RESEARCH-SCREEN-NOT-DISTRIBUTION
SCR-0757,9.282051282051281e-07,0.00823076923076923,1,-2482.7852641796003,0,0.022883592857339763,0.5,NONPOSITIVE-MODEL-MARGIN,V0.7-CONTROLLED-RESEARCH-SCREEN-NOT-DISTRIBUTION
SCR-0758,9.282051282051281e-07,0.00853846153846154,1,-2505.284023018344,0,0.02318211799870937,0.5,NONPOSITIVE-MODEL-MARGIN,V0.7-CONTROLLED-RESEARCH-SCREEN-NOT-DISTRIBUTION
SCR-0759,9.282051282051281e-07,0.008846153846153847,1,-2523.970170357789,0,0.02348064314007897,0.5,NONPOSITIVE-MODEL-MARGIN,V0.7-CONTROLLED-RESEARCH-SCREEN-NOT-DISTRIBUTION
SCR-0760,9.282051282051281e-07,0.009153846153846155,1,-2542.5984337645205,0,0.02377916828144858,0.5,NONPOSITIVE-MODEL-MARGIN,V0.7-CONTROLLED-RESEARCH-SCREEN-NOT-DISTRIBUTION
SCR-0761,9.282051282051281e-07,0.009461538461538462,1,-2561.169345942242,0,0.024077693422818187,0.5,NONPOSITIVE-MODEL-MARGIN,V0.7-CONTROLLED-RESEARCH-SCREEN-NOT-DISTRIBUTION
SCR-0762,9.282051282051281e-07,0.00976923076923077,1,-2579.6834305233165,0,0.024376218564187792,0.5,NONPOSITIVE-MODEL-MARGIN,V0.7-CONTROLLED-RESEARCH-SCREEN-NOT-DISTRIBUTION
SCR-0763,9.282051282051281e-07,0.010076923076923077,1,-2598.141202251226,0,0.024674743705557396,0.5,NONPOSITIVE-MODEL-MARGIN,V0.7-CONTROLLED-RESEARCH-SCREEN-NOT-DISTRIBUTION
SCR-0764,9.282051282051281e-07,0.010384615384615384,1,-2616.5431671614156,0,0.02497326884692701,0.5,NONPOSITIVE-MODEL-MARGIN,V0.7-CONTROLLED-RESEARCH-SCREEN-NOT-DISTRIBUTION
SCR-0765,9.282051282051281e-07,0.010692307692307692,1,-2634.8898227602153,0,0.02527179398829661,0.5,NONPOSITIVE-MODEL-MARGIN,V0.7-CONTROLLED-RESEARCH-SCREEN-NOT-DISTRIBUTION
SCR-0766,9.282051282051281e-07,0.011,1,-2656.8220782888347,0,0.025570319129666213,0.5,NONPOSITIVE-MODEL-MARGIN,V0.7-CONTROLLED-RESEARCH-SCREEN-NOT-DISTRIBUTION
SCR-0767,9.282051282051281e-07,0.011307692307692307,1,-2675.04766109171,0,0.025868844271035824,0.5,NONPOSITIVE-MODEL-MARGIN,V0.7-CONTROLLED-RESEARCH-SCREEN-NOT-DISTRIBUTION
SCR-0768,9.282051282051281e-07,0.011615384615384614,1,-2693.2195107672183,0,0.02616736941240543,0.5,NONPOSITIVE-MODEL-MARGIN,V0.7-CONTROLLED-RESEARCH-SCREEN-NOT-DISTRIBUTION
SCR-0769,9.282051282051281e-07,0.011923076923076925,1,-2711.3380894249426,0,0.02646589455377504,0.5,NONPOSITIVE-MODEL-MARGIN,V0.7-CONTROLLED-RESEARCH-SCREEN-NOT-DISTRIBUTION
SCR-0770,9.282051282051281e-07,0.012230769230769233,1,-2729.403851604188,0,0.026764419695144648,0.5,NONPOSITIVE-MODEL-MARGIN,V0.7-CONTROLLED-RESEARCH-SCREEN-NOT-DISTRIBUTION
SCR-0771,9.282051282051281e-07,0.01253846153846154,1,-2747.417244432266,0,0.027062944836514245,0.5,NONPOSITIVE-MODEL-MARGIN,V0.7-CONTROLLED-RESEARCH-SCREEN-NOT-DISTRIBUTION
SCR-0772,9.282051282051281e-07,0.012846153846153847,1,-2765.378707780049,0,0.02736146997788386,0.5,NONPOSITIVE-MODEL-MARGIN,V0.7-CONTROLLED-RESEARCH-SCREEN-NOT-DISTRIBUTION
SCR-0773,9.282051282051281e-07,0.013153846153846155,1,-2783.288674414499,0,0.027659995119253458,0.5,NONPOSITIVE-MODEL-MARGIN,V0.7-CONTROLLED-RESEARCH-SCREEN-NOT-DISTRIBUTION
SCR-0774,9.282051282051281e-07,0.013461538461538462,1,-2801.1475701483273,0,0.02795852026062307,0.5,NONPOSITIVE-MODEL-MARGIN,V0.7-CONTROLLED-RESEARCH-SCREEN-NOT-DISTRIBUTION
SCR-0775,9.282051282051281e-07,0.01376923076923077,1,-2818.955813986619,0,0.028257045401992677,0.5,NONPOSITIVE-MODEL-MARGIN,V0.7-CONTROLLED-RESEARCH-SCREEN-NOT-DISTRIBUTION
SCR-0776,9.282051282051281e-07,0.014076923076923077,1,-2836.7138182704502,0,0.02855557054336228,0.5,NONPOSITIVE-MODEL-MARGIN,V0.7-CONTROLLED-RESEARCH-SCREEN-NOT-DISTRIBUTION
SCR-0777,9.282051282051281e-07,0.014384615384615385,1,-2854.4219888174657,0,0.02885409568473189,0.5,NONPOSITIVE-MODEL-MARGIN,V0.7-CONTROLLED-RESEARCH-SCREEN-NOT-DISTRIBUTION
SCR-0778,9.282051282051281e-07,0.014692307692307692,1,-2872.080725059481,0,0.029152620826101493,0.5,NONPOSITIVE-MODEL-MARGIN,V0.7-CONTROLLED-RESEARCH-SCREEN-NOT-DISTRIBUTION
SCR-0779,9.282051282051281e-07,0.015,1,-2889.6904201770626,0,0.0294511459674711,0.5,NONPOSITIVE-MODEL-MARGIN,V0.7-CONTROLLED-RESEARCH-SCREEN-NOT-DISTRIBUTION
SCR-0780,9.769230769230768e-07,0.003,66,1478.433846406002,1478,0.02244358221867457,0.14032893124430898,POSITIVE-MODEL-MARGIN,V0.7-CONTROLLED-RESEARCH-SCREEN-NOT-DISTRIBUTION
SCR-0781,9.769230769230768e-07,0.003307692307692308,65,240.24131650093125,240,0.02264004720246232,0.142229878707552,POSITIVE-MODEL-MARGIN,V0.7-CONTROLLED-RESEARCH-SCREEN-NOT-DISTRIBUTION
SCR-0782,9.769230769230768e-07,0.0036153846153846154,65,-978.7832524609438,0,0.022935764341195233,0.14383950424257874,NONPOSITIVE-MODEL-MARGIN,V0.7-CONTROLLED-RESEARCH-SCREEN-NOT-DISTRIBUTION
SCR-0783,9.769230769230768e-07,0.003923076923076923,64,-2186.4227675657858,0,0.0231321759683254,0.14578994141480822,NONPOSITIVE-MODEL-MARGIN,V0.7-CONTROLLED-RESEARCH-SCREEN-NOT-DISTRIBUTION
SCR-0784,9.769230769230768e-07,0.004230769230769231,1,-2278.85011214878,0,0.019729374068780288,0.5,NONPOSITIVE-MODEL-MARGIN,V0.7-CONTROLLED-RESEARCH-SCREEN-NOT-DISTRIBUTION
SCR-0785,9.769230769230768e-07,0.004538461538461538,1,-2298.2831310834104,0,0.02002744827937273,0.5,NONPOSITIVE-MODEL-MARGIN,V0.7-CONTROLLED-RESEARCH-SCREEN-NOT-DISTRIBUTION
SCR-0786,9.769230769230768e-07,0.004846153846153846,1,-2317.6509698268083,0,0.02032552248996517,0.5,NONPOSITIVE-MODEL-MARGIN,V0.7-CONTROLLED-RESEARCH-SCREEN-NOT-DISTRIBUTION
SCR-0787,9.769230769230768e-07,0.005,1,-2327.3106544980033,0,0.020474559595261392,0.5,NONPOSITIVE-MODEL-MARGIN,V0.7-CONTROLLED-RESEARCH-SCREEN-NOT-DISTRIBUTION
SCR-0788,9.769230769230768e-07,0.005153846153846154,1,-2336.954292099753,0,0.02062359670055762,0.5,NONPOSITIVE-MODEL-MARGIN,V0.7-CONTROLLED-RESEARCH-SCREEN-NOT-DISTRIBUTION
SCR-0789,9.769230769230768e-07,0.005461538461538462,1,-2360.039576081021,0,0.02092167091115006,0.5,NONPOSITIVE-MODEL-MARGIN,V0.7-CONTROLLED-RESEARCH-SCREEN-NOT-DISTRIBUTION
SCR-0790,9.769230769230768e-07,0.0057692307692307696,1,-2379.201358920765,0,0.021219745121742507,0.5,NONPOSITIVE-MODEL-MARGIN,V0.7-CONTROLLED-RESEARCH-SCREEN-NOT-DISTRIBUTION
SCR-0791,9.769230769230768e-07,0.006076923076923077,1,-2398.3007443358733,0,0.021517819332334952,0.5,NONPOSITIVE-MODEL-MARGIN,V0.7-CONTROLLED-RESEARCH-SCREEN-NOT-DISTRIBUTION
SCR-0792,9.769230769230768e-07,0.006384615384615384,1,-2417.3383450063634,0,0.021815893542927393,0.5,NONPOSITIVE-MODEL-MARGIN,V0.7-CONTROLLED-RESEARCH-SCREEN-NOT-DISTRIBUTION
SCR-0793,9.769230769230768e-07,0.006692307692307693,1,-2436.3147629169716,0,0.02211396775351984,0.5,NONPOSITIVE-MODEL-MARGIN,V0.7-CONTROLLED-RESEARCH-SCREEN-NOT-DISTRIBUTION
SCR-0794,9.769230769230768e-07,0.007,1,-2455.230589547633,0,0.022412041964112284,0.5,NONPOSITIVE-MODEL-MARGIN,V0.7-CONTROLLED-RESEARCH-SCREEN-NOT-DISTRIBUTION
SCR-0795,9.769230769230768e-07,0.007307692307692308,1,-2477.8483789109555,0,0.02271011617470473,0.5,NONPOSITIVE-MODEL-MARGIN,V0.7-CONTROLLED-RESEARCH-SCREEN-NOT-DISTRIBUTION
SCR-0796,9.769230769230768e-07,0.007615384615384616,1,-2496.631411537129,0,0.02300819038529717,0.5,NONPOSITIVE-MODEL-MARGIN,V0.7-CONTROLLED-RESEARCH-SCREEN-NOT-DISTRIBUTION
SCR-0797,9.769230769230768e-07,0.007923076923076923,1,-2515.355733988295,0,0.023306264595889616,0.5,NONPOSITIVE-MODEL-MARGIN,V0.7-CONTROLLED-RESEARCH-SCREEN-NOT-DISTRIBUTION
SCR-0798,9.769230769230768e-07,0.00823076923076923,1,-2534.0218934009145,0,0.023604338806482057,0.5,NONPOSITIVE-MODEL-MARGIN,V0.7-CONTROLLED-RESEARCH-SCREEN-NOT-DISTRIBUTION
SCR-0799,9.769230769230768e-07,0.00853846153846154,1,-2552.630427540375,0,0.0239024130170745,0.5,NONPOSITIVE-MODEL-MARGIN,V0.7-CONTROLLED-RESEARCH-SCREEN-NOT-DISTRIBUTION
SCR-0800,9.769230769230768e-07,0.008846153846153847,1,-2571.1818649866414,0,0.024200487227666947,0.5,NONPOSITIVE-MODEL-MARGIN,V0.7-CONTROLLED-RESEARCH-SCREEN-NOT-DISTRIBUTION
SCR-0801,9.769230769230768e-07,0.009153846153846155,1,-2589.676725318706,0,0.024498561438259393,0.5,NONPOSITIVE-MODEL-MARGIN,V0.7-CONTROLLED-RESEARCH-SCREEN-NOT-DISTRIBUTION
SCR-0802,9.769230769230768e-07,0.009461538461538462,1,-2608.115519297593,0,0.024796635648851838,0.5,NONPOSITIVE-MODEL-MARGIN,V0.7-CONTROLLED-RESEARCH-SCREEN-NOT-DISTRIBUTION
SCR-0803,9.769230769230768e-07,0.00976923076923077,1,-2630.15843231406,0,0.025094709859444276,0.5,NONPOSITIVE-MODEL-MARGIN,V0.7-CONTROLLED-RESEARCH-SCREEN-NOT-DISTRIBUTION
SCR-0804,9.769230769230768e-07,0.010076923076923077,1,-2648.474477726894,0,0.02539278407003672,0.5,NONPOSITIVE-MODEL-MARGIN,V0.7-CONTROLLED-RESEARCH-SCREEN-NOT-DISTRIBUTION
SCR-0805,9.769230769230768e-07,0.010384615384615384,1,-2666.7360756708263,0,0.02569085828062917,0.5,NONPOSITIVE-MODEL-MARGIN,V0.7-CONTROLLED-RESEARCH-SCREEN-NOT-DISTRIBUTION
SCR-0806,9.769230769230768e-07,0.010692307692307692,1,-2684.9437002435548,0,0.02598893249122161,0.5,NONPOSITIVE-MODEL-MARGIN,V0.7-CONTROLLED-RESEARCH-SCREEN-NOT-DISTRIBUTION
SCR-0807,9.769230769230768e-07,0.011,1,-2703.0978177150087,0,0.026287006701814056,0.5,NONPOSITIVE-MODEL-MARGIN,V0.7-CONTROLLED-RESEARCH-SCREEN-NOT-DISTRIBUTION
SCR-0808,9.769230769230768e-07,0.011307692307692307,1,-2721.198886690609,0,0.026585080912406498,0.5,NONPOSITIVE-MODEL-MARGIN,V0.7-CONTROLLED-RESEARCH-SCREEN-NOT-DISTRIBUTION
SCR-0809,9.769230769230768e-07,0.011615384615384614,1,-2739.2473582717944,0,0.02688315512299894,0.5,NONPOSITIVE-MODEL-MARGIN,V0.7-CONTROLLED-RESEARCH-SCREEN-NOT-DISTRIBUTION
SCR-0810,9.769230769230768e-07,0.011923076923076925,1,-2757.2436762136313,0,0.027181229333591385,0.5,NONPOSITIVE-MODEL-MARGIN,V0.7-CONTROLLED-RESEARCH-SCREEN-NOT-DISTRIBUTION
SCR-0811,9.769230769230768e-07,0.012230769230769233,1,-2775.1882770795632,0,0.027479303544183833,0.5,NONPOSITIVE-MODEL-MARGIN,V0.7-CONTROLLED-RESEARCH-SCREEN-NOT-DISTRIBUTION
SCR-0812,9.769230769230768e-07,0.01253846153846154,1,-2793.0815903931525,0,0.027777377754776275,0.5,NONPOSITIVE-MODEL-MARGIN,V0.7-CONTROLLED-RESEARCH-SCREEN-NOT-DISTRIBUTION
SCR-0813,9.769230769230768e-07,0.012846153846153847,1,-2810.924038786806,0,0.02807545196536872,0.5,NONPOSITIVE-MODEL-MARGIN,V0.7-CONTROLLED-RESEARCH-SCREEN-NOT-DISTRIBUTION
SCR-0814,9.769230769230768e-07,0.013153846153846155,1,-2828.71603814743,0,0.028373526175961162,0.5,NONPOSITIVE-MODEL-MARGIN,V0.7-CONTROLLED-RESEARCH-SCREEN-NOT-DISTRIBUTION
SCR-0815,9.769230769230768e-07,0.013461538461538462,1,-2846.4579977590865,0,0.028671600386553604,0.5,NONPOSITIVE-MODEL-MARGIN,V0.7-CONTROLLED-RESEARCH-SCREEN-NOT-DISTRIBUTION
SCR-0816,9.769230769230768e-07,0.01376923076923077,1,-2864.150320442575,0,0.02896967459714605,0.5,NONPOSITIVE-MODEL-MARGIN,V0.7-CONTROLLED-RESEARCH-SCREEN-NOT-DISTRIBUTION
SCR-0817,9.769230769230768e-07,0.014076923076923077,1,-2885.29496719027,0,0.029267748807738497,0.5,NONPOSITIVE-MODEL-MARGIN,V0.7-CONTROLLED-RESEARCH-SCREEN-NOT-DISTRIBUTION
SCR-0818,9.769230769230768e-07,0.014384615384615385,1,-2902.8787593179727,0,0.029565823018330942,0.5,NONPOSITIVE-MODEL-MARGIN,V0.7-CONTROLLED-RESEARCH-SCREEN-NOT-DISTRIBUTION
SCR-0819,9.769230769230768e-07,0.014692307692307692,1,-2920.414187102262,0,0.029863897228923384,0.5,NONPOSITIVE-MODEL-MARGIN,V0.7-CONTROLLED-RESEARCH-SCREEN-NOT-DISTRIBUTION
SCR-0820,9.769230769230768e-07,0.015,1,-2937.901626826953,0,0.030161971439515833,0.5,NONPOSITIVE-MODEL-MARGIN,V0.7-CONTROLLED-RESEARCH-SCREEN-NOT-DISTRIBUTION
SCR-0821,1.0256410256410257e-06,0.003,1,-2250.1724221091495,0,0.01926329174409198,0.5,NONPOSITIVE-MODEL-MARGIN,V0.7-CONTROLLED-RESEARCH-SCREEN-NOT-DISTRIBUTION
SCR-0822,1.0256410256410257e-06,0.003307692307692308,1,-2269.7136466997404,0,0.01956091638414039,0.5,NONPOSITIVE-MODEL-MARGIN,V0.7-CONTROLLED-RESEARCH-SCREEN-NOT-DISTRIBUTION
SCR-0823,1.0256410256410257e-06,0.0036153846153846154,1,-2289.188656118486,0,0.019858541024188808,0.5,NONPOSITIVE-MODEL-MARGIN,V0.7-CONTROLLED-RESEARCH-SCREEN-NOT-DISTRIBUTION
SCR-0824,1.0256410256410257e-06,0.003923076923076923,1,-2308.5981328167154,0,0.020156165664237214,0.5,NONPOSITIVE-MODEL-MARGIN,V0.7-CONTROLLED-RESEARCH-SCREEN-NOT-DISTRIBUTION
SCR-0825,1.0256410256410257e-06,0.004230769230769231,1,-2327.942747255959,0,0.020453790304285624,0.5,NONPOSITIVE-MODEL-MARGIN,V0.7-CONTROLLED-RESEARCH-SCREEN-NOT-DISTRIBUTION
SCR-0826,1.0256410256410257e-06,0.004538461538461538,1,-2351.0773291723103,0,0.020751414944334037,0.5,NONPOSITIVE-MODEL-MARGIN,V0.7-CONTROLLED-RESEARCH-SCREEN-NOT-DISTRIBUTION
SCR-0827,1.0256410256410257e-06,0.004846153846153846,1,-2370.2796389080654,0,0.021049039584382447,0.5,NONPOSITIVE-MODEL-MARGIN,V0.7-CONTROLLED-RESEARCH-SCREEN-NOT-DISTRIBUTION
SCR-0828,1.0256410256410257e-06,0.005,1,-2379.857234398039,0,0.021197851904406654,0.5,NONPOSITIVE-MODEL-MARGIN,V0.7-CONTROLLED-RESEARCH-SCREEN-NOT-DISTRIBUTION
SCR-0829,1.0256410256410257e-06,0.005153846153846154,1,-2389.4192274465954,0,0.021346664224430854,0.5,NONPOSITIVE-MODEL-MARGIN,V0.7-CONTROLLED-RESEARCH-SCREEN-NOT-DISTRIBUTION
SCR-0830,1.0256410256410257e-06,0.005461538461538462,1,-2408.496713556063,0,0.021644288864479277,0.5,NONPOSITIVE-MODEL-MARGIN,V0.7-CONTROLLED-RESEARCH-SCREEN-NOT-DISTRIBUTION
SCR-0831,1.0256410256410257e-06,0.0057692307692307696,1,-2427.5127051792388,0,0.021941913504527684,0.5,NONPOSITIVE-MODEL-MARGIN,V0.7-CONTROLLED-RESEARCH-SCREEN-NOT-DISTRIBUTION
SCR-0832,1.0256410256410257e-06,0.006076923076923077,1,-2446.4677996246937,0,0.02223953814457609,0.5,NONPOSITIVE-MODEL-MARGIN,V0.7-CONTROLLED-RESEARCH-SCREEN-NOT-DISTRIBUTION
SCR-0833,1.0256410256410257e-06,0.006384615384615384,1,-2469.1323784078845,0,0.022537162784624504,0.5,NONPOSITIVE-MODEL-MARGIN,V0.7-CONTROLLED-RESEARCH-SCREEN-NOT-DISTRIBUTION
SCR-0834,1.0256410256410257e-06,0.006692307692307693,1,-2487.954004814685,0,0.022834787424672914,0.5,NONPOSITIVE-MODEL-MARGIN,V0.7-CONTROLLED-RESEARCH-SCREEN-NOT-DISTRIBUTION
SCR-0835,1.0256410256410257e-06,0.007,1,-2506.7166339163514,0,0.023132412064721327,0.5,NONPOSITIVE-MODEL-MARGIN,V0.7-CONTROLLED-RESEARCH-SCREEN-NOT-DISTRIBUTION
SCR-0836,1.0256410256410257e-06,0.007307692307692308,1,-2525.420818096262,0,0.02343003670476974,0.5,NONPOSITIVE-MODEL-MARGIN,V0.7-CONTROLLED-RESEARCH-SCREEN-NOT-DISTRIBUTION
SCR-0837,1.0256410256410257e-06,0.007615384615384616,1,-2544.0671002491717,0,0.02372766134481815,0.5,NONPOSITIVE-MODEL-MARGIN,V0.7-CONTROLLED-RESEARCH-SCREEN-NOT-DISTRIBUTION
SCR-0838,1.0256410256410257e-06,0.007923076923076923,1,-2562.656013968682,0,0.02402528598486656,0.5,NONPOSITIVE-MODEL-MARGIN,V0.7-CONTROLLED-RESEARCH-SCREEN-NOT-DISTRIBUTION
SCR-0839,1.0256410256410257e-06,0.00823076923076923,1,-2581.1880837337885,0,0.024322910624914974,0.5,NONPOSITIVE-MODEL-MARGIN,V0.7-CONTROLLED-RESEARCH-SCREEN-NOT-DISTRIBUTION
SCR-0840,1.0256410256410257e-06,0.00853846153846154,1,-2603.3430708222663,0,0.024620535264963387,0.5,NONPOSITIVE-MODEL-MARGIN,V0.7-CONTROLLED-RESEARCH-SCREEN-NOT-DISTRIBUTION
SCR-0841,1.0256410256410257e-06,0.008846153846153847,1,-2621.750669407382,0,0.024918159905011797,0.5,NONPOSITIVE-MODEL-MARGIN,V0.7-CONTROLLED-RESEARCH-SCREEN-NOT-DISTRIBUTION
SCR-0842,1.0256410256410257e-06,0.009153846153846155,1,-2640.10308720713,0,0.02521578454506021,0.5,NONPOSITIVE-MODEL-MARGIN,V0.7-CONTROLLED-RESEARCH-SCREEN-NOT-DISTRIBUTION
SCR-0843,1.0256410256410257e-06,0.009461538461538462,1,-2658.400810725008,0,0.02551340918510862,0.5,NONPOSITIVE-MODEL-MARGIN,V0.7-CONTROLLED-RESEARCH-SCREEN-NOT-DISTRIBUTION
SCR-0844,1.0256410256410257e-06,0.00976923076923077,1,-2676.644318370866,0,0.025811033825157034,0.5,NONPOSITIVE-MODEL-MARGIN,V0.7-CONTROLLED-RESEARCH-SCREEN-NOT-DISTRIBUTION
SCR-0845,1.0256410256410257e-06,0.010076923076923077,1,-2694.8340806289784,0,0.02610865846520544,0.5,NONPOSITIVE-MODEL-MARGIN,V0.7-CONTROLLED-RESEARCH-SCREEN-NOT-DISTRIBUTION
SCR-0846,1.0256410256410257e-06,0.010384615384615384,1,-2712.9705602235044,0,0.02640628310525385,0.5,NONPOSITIVE-MODEL-MARGIN,V0.7-CONTROLLED-RESEARCH-SCREEN-NOT-DISTRIBUTION
SCR-0847,1.0256410256410257e-06,0.010692307692307692,1,-2731.0542122811353,0,0.026703907745302263,0.5,NONPOSITIVE-MODEL-MARGIN,V0.7-CONTROLLED-RESEARCH-SCREEN-NOT-DISTRIBUTION
SCR-0848,1.0256410256410257e-06,0.011,1,-2749.085484490969,0,0.027001532385350673,0.5,NONPOSITIVE-MODEL-MARGIN,V0.7-CONTROLLED-RESEARCH-SCREEN-NOT-DISTRIBUTION
SCR-0849,1.0256410256410257e-06,0.011307692307692307,1,-2767.0648172613596,0,0.02729915702539909,0.5,NONPOSITIVE-MODEL-MARGIN,V0.7-CONTROLLED-RESEARCH-SCREEN-NOT-DISTRIBUTION
SCR-0850,1.0256410256410257e-06,0.011615384615384614,1,-2784.9926438738507,0,0.027596781665447497,0.5,NONPOSITIVE-MODEL-MARGIN,V0.7-CONTROLLED-RESEARCH-SCREEN-NOT-DISTRIBUTION
SCR-0851,1.0256410256410257e-06,0.011923076923076925,1,-2802.86939063398,0,0.02789440630549591,0.5,NONPOSITIVE-MODEL-MARGIN,V0.7-CONTROLLED-RESEARCH-SCREEN-NOT-DISTRIBUTION
SCR-0852,1.0256410256410257e-06,0.012230769230769233,1,-2820.695477019082,0,0.028192030945544323,0.5,NONPOSITIVE-MODEL-MARGIN,V0.7-CONTROLLED-RESEARCH-SCREEN-NOT-DISTRIBUTION
SCR-0853,1.0256410256410257e-06,0.01253846153846154,1,-2842.0006266801456,0,0.028489655585592733,0.5,NONPOSITIVE-MODEL-MARGIN,V0.7-CONTROLLED-RESEARCH-SCREEN-NOT-DISTRIBUTION
SCR-0854,1.0256410256410257e-06,0.012846153846153847,1,-2859.71592518402,0,0.02878728022564115,0.5,NONPOSITIVE-MODEL-MARGIN,V0.7-CONTROLLED-RESEARCH-SCREEN-NOT-DISTRIBUTION
SCR-0855,1.0256410256410257e-06,0.013153846153846155,1,-2877.381889008768,0,0.029084904865689553,0.5,NONPOSITIVE-MODEL-MARGIN,V0.7-CONTROLLED-RESEARCH-SCREEN-NOT-DISTRIBUTION
SCR-0856,1.0256410256410257e-06,0.013461538461538462,1,-2894.998909558287,0,0.029382529505737963,0.5,NONPOSITIVE-MODEL-MARGIN,V0.7-CONTROLLED-RESEARCH-SCREEN-NOT-DISTRIBUTION
SCR-0857,1.0256410256410257e-06,0.01376923076923077,1,-2912.5673721667767,0,0.029680154145786383,0.5,NONPOSITIVE-MODEL-MARGIN,V0.7-CONTROLLED-RESEARCH-SCREEN-NOT-DISTRIBUTION
SCR-0858,1.0256410256410257e-06,0.014076923076923077,1,-2930.0876562255394,0,0.02997777878583479,0.5,NONPOSITIVE-MODEL-MARGIN,V0.7-CONTROLLED-RESEARCH-SCREEN-NOT-DISTRIBUTION
SCR-0859,1.0256410256410257e-06,0.014384615384615385,1,-2947.560135306928,0,0.0302754034258832,0.5,NONPOSITIVE-MODEL-MARGIN,V0.7-CONTROLLED-RESEARCH-SCREEN-NOT-DISTRIBUTION
SCR-0860,1.0256410256410257e-06,0.014692307692307692,1,-2964.9851772854972,0,0.03057302806593161,0.5,NONPOSITIVE-MODEL-MARGIN,V0.7-CONTROLLED-RESEARCH-SCREEN-NOT-DISTRIBUTION
SCR-0861,1.0256410256410257e-06,0.015,1,-2982.3631444563666,0,0.030870652705980023,0.5,NONPOSITIVE-MODEL-MARGIN,V0.7-CONTROLLED-RESEARCH-SCREEN-NOT-DISTRIBUTION
SCR-0862,1.0743589743589741e-06,0.003,1,-2299.519023849328,0,0.019987318934181413,0.5,NONPOSITIVE-MODEL-MARGIN,V0.7-CONTROLLED-RESEARCH-SCREEN-NOT-DISTRIBUTION
SCR-0863,1.0743589743589741e-06,0.003307692307692308,1,-2322.7825003689154,0,0.020284495357773803,0.5,NONPOSITIVE-MODEL-MARGIN,V0.7-CONTROLLED-RESEARCH-SCREEN-NOT-DISTRIBUTION
SCR-0864,1.0743589743589741e-06,0.0036153846153846154,1,-2342.0891775476216,0,0.0205816717813662,0.5,NONPOSITIVE-MODEL-MARGIN,V0.7-CONTROLLED-RESEARCH-SCREEN-NOT-DISTRIBUTION
SCR-0865,1.0743589743589741e-06,0.003923076923076923,1,-2361.332170284282,0,0.020878848204958587,0.5,NONPOSITIVE-MODEL-MARGIN,V0.7-CONTROLLED-RESEARCH-SCREEN-NOT-DISTRIBUTION
SCR-0866,1.0743589743589741e-06,0.004230769230769231,1,-2380.5121146604743,0,0.021176024628550984,0.5,NONPOSITIVE-MODEL-MARGIN,V0.7-CONTROLLED-RESEARCH-SCREEN-NOT-DISTRIBUTION
SCR-0867,1.0743589743589741e-06,0.004538461538461538,1,-2399.6296356138746,0,0.021473201052143377,0.5,NONPOSITIVE-MODEL-MARGIN,V0.7-CONTROLLED-RESEARCH-SCREEN-NOT-DISTRIBUTION
SCR-0868,1.0743589743589741e-06,0.004846153846153846,1,-2418.6853471253526,0,0.021770377475735764,0.5,NONPOSITIVE-MODEL-MARGIN,V0.7-CONTROLLED-RESEARCH-SCREEN-NOT-DISTRIBUTION
SCR-0869,1.0743589743589741e-06,0.005,1,-2428.1902132605333,0,0.021918965687531967,0.5,NONPOSITIVE-MODEL-MARGIN,V0.7-CONTROLLED-RESEARCH-SCREEN-NOT-DISTRIBUTION
SCR-0870,1.0743589743589741e-06,0.005153846153846154,1,-2441.4711846245496,0,0.02206755389932816,0.5,NONPOSITIVE-MODEL-MARGIN,V0.7-CONTROLLED-RESEARCH-SCREEN-NOT-DISTRIBUTION
SCR-0871,1.0743589743589741e-06,0.005461538461538462,1,-2460.391395602966,0,0.022364730322920554,0.5,NONPOSITIVE-MODEL-MARGIN,V0.7-CONTROLLED-RESEARCH-SCREEN-NOT-DISTRIBUTION
SCR-0872,1.0743589743589741e-06,0.0057692307692307696,1,-2479.2517517615765,0,0.022661906746512948,0.5,NONPOSITIVE-MODEL-MARGIN,V0.7-CONTROLLED-RESEARCH-SCREEN-NOT-DISTRIBUTION
SCR-0873,1.0743589743589741e-06,0.006076923076923077,1,-2498.052820598532,0,0.022959083170105334,0.5,NONPOSITIVE-MODEL-MARGIN,V0.7-CONTROLLED-RESEARCH-SCREEN-NOT-DISTRIBUTION
SCR-0874,1.0743589743589741e-06,0.006384615384615384,1,-2516.7951598144473,0,0.02325625959369773,0.5,NONPOSITIVE-MODEL-MARGIN,V0.7-CONTROLLED-RESEARCH-SCREEN-NOT-DISTRIBUTION
SCR-0875,1.0743589743589741e-06,0.006692307692307693,1,-2535.4793175021528,0,0.02355343601729012,0.5,NONPOSITIVE-MODEL-MARGIN,V0.7-CONTROLLED-RESEARCH-SCREEN-NOT-DISTRIBUTION
SCR-0876,1.0743589743589741e-06,0.007,1,-2554.1058323360307,0,0.023850612440882508,0.5,NONPOSITIVE-MODEL-MARGIN,V0.7-CONTROLLED-RESEARCH-SCREEN-NOT-DISTRIBUTION
SCR-0877,1.0743589743589741e-06,0.007307692307692308,1,-2572.6752337605967,0,0.024147788864474905,0.5,NONPOSITIVE-MODEL-MARGIN,V0.7-CONTROLLED-RESEARCH-SCREEN-NOT-DISTRIBUTION
SCR-0878,1.0743589743589741e-06,0.007615384615384616,1,-2594.8746244770173,0,0.024444965288067298,0.5,NONPOSITIVE-MODEL-MARGIN,V0.7-CONTROLLED-RESEARCH-SCREEN-NOT-DISTRIBUTION
SCR-0879,1.0743589743589741e-06,0.007923076923076923,1,-2613.318963105858,0,0.024742141711659688,0.5,NONPOSITIVE-MODEL-MARGIN,V0.7-CONTROLLED-RESEARCH-SCREEN-NOT-DISTRIBUTION
SCR-0880,1.0743589743589741e-06,0.00823076923076923,1,-2631.7078673228425,0,0.025039318135252082,0.5,NONPOSITIVE-MODEL-MARGIN,V0.7-CONTROLLED-RESEARCH-SCREEN-NOT-DISTRIBUTION
SCR-0881,1.0743589743589741e-06,0.00853846153846154,1,-2650.041828101493,0,0.02533649455884448,0.5,NONPOSITIVE-MODEL-MARGIN,V0.7-CONTROLLED-RESEARCH-SCREEN-NOT-DISTRIBUTION
SCR-0882,1.0743589743589741e-06,0.008846153846153847,1,-2668.3213282201873,0,0.02563367098243687,0.5,NONPOSITIVE-MODEL-MARGIN,V0.7-CONTROLLED-RESEARCH-SCREEN-NOT-DISTRIBUTION
SCR-0883,1.0743589743589741e-06,0.009153846153846155,1,-2686.546842432464,0,0.025930847406029262,0.5,NONPOSITIVE-MODEL-MARGIN,V0.7-CONTROLLED-RESEARCH-SCREEN-NOT-DISTRIBUTION
SCR-0884,1.0743589743589741e-06,0.009461538461538462,1,-2704.7188376346194,0,0.026228023829621652,0.5,NONPOSITIVE-MODEL-MARGIN,V0.7-CONTROLLED-RESEARCH-SCREEN-NOT-DISTRIBUTION
SCR-0885,1.0743589743589741e-06,0.00976923076923077,1,-2722.837773030636,0,0.026525200253214042,0.5,NONPOSITIVE-MODEL-MARGIN,V0.7-CONTROLLED-RESEARCH-SCREEN-NOT-DISTRIBUTION
SCR-0886,1.0743589743589741e-06,0.010076923076923077,1,-2740.9041002942354,0,0.026822376676806436,0.5,NONPOSITIVE-MODEL-MARGIN,V0.7-CONTROLLED-RESEARCH-SCREEN-NOT-DISTRIBUTION
SCR-0887,1.0743589743589741e-06,0.010384615384615384,1,-2758.9182637279223,0,0.027119553100398826,0.5,NONPOSITIVE-MODEL-MARGIN,V0.7-CONTROLLED-RESEARCH-SCREEN-NOT-DISTRIBUTION
SCR-0888,1.0743589743589741e-06,0.010692307692307692,1,-2776.880700419105,0,0.02741672952399122,0.5,NONPOSITIVE-MODEL-MARGIN,V0.7-CONTROLLED-RESEARCH-SCREEN-NOT-DISTRIBUTION
SCR-0889,1.0743589743589741e-06,0.011,1,-2798.349556182647,0,0.02771390594758361,0.5,NONPOSITIVE-MODEL-MARGIN,V0.7-CONTROLLED-RESEARCH-SCREEN-NOT-DISTRIBUTION
SCR-0890,1.0743589743589741e-06,0.011307692307692307,1,-2816.198850934742,0,0.028011082371176,0.5,NONPOSITIVE-MODEL-MARGIN,V0.7-CONTROLLED-RESEARCH-SCREEN-NOT-DISTRIBUTION
SCR-0891,1.0743589743589741e-06,0.011615384615384614,1,-2833.9978008991907,0,0.028308258794768393,0.5,NONPOSITIVE-MODEL-MARGIN,V0.7-CONTROLLED-RESEARCH-SCREEN-NOT-DISTRIBUTION
SCR-0892,1.0743589743589741e-06,0.011923076923076925,1,-2851.74681345074,0,0.02860543521836079,0.5,NONPOSITIVE-MODEL-MARGIN,V0.7-CONTROLLED-RESEARCH-SCREEN-NOT-DISTRIBUTION
SCR-0893,1.0743589743589741e-06,0.012230769230769233,1,-2869.4462895557813,0,0.028902611641953183,0.5,NONPOSITIVE-MODEL-MARGIN,V0.7-CONTROLLED-RESEARCH-SCREEN-NOT-DISTRIBUTION
SCR-0894,1.0743589743589741e-06,0.01253846153846154,1,-2887.096623906872,0,0.029199788065545573,0.5,NONPOSITIVE-MODEL-MARGIN,V0.7-CONTROLLED-RESEARCH-SCREEN-NOT-DISTRIBUTION
SCR-0895,1.0743589743589741e-06,0.012846153846153847,1,-2904.698205054215,0,0.029496964489137967,0.5,NONPOSITIVE-MODEL-MARGIN,V0.7-CONTROLLED-RESEARCH-SCREEN-NOT-DISTRIBUTION
SCR-0896,1.0743589743589741e-06,0.013153846153846155,1,-2922.25141553434,0,0.029794140912730357,0.5,NONPOSITIVE-MODEL-MARGIN,V0.7-CONTROLLED-RESEARCH-SCREEN-NOT-DISTRIBUTION
SCR-0897,1.0743589743589741e-06,0.013461538461538462,1,-2939.756631995812,0,0.03009131733632274,0.5,NONPOSITIVE-MODEL-MARGIN,V0.7-CONTROLLED-RESEARCH-SCREEN-NOT-DISTRIBUTION
SCR-0898,1.0743589743589741e-06,0.01376923076923077,1,-2957.2142253221496,0,0.03038849375991514,0.5,NONPOSITIVE-MODEL-MARGIN,V0.7-CONTROLLED-RESEARCH-SCREEN-NOT-DISTRIBUTION
SCR-0899,1.0743589743589741e-06,0.014076923076923077,1,-2974.6245607519313,0,0.03068567018350753,0.5,NONPOSITIVE-MODEL-MARGIN,V0.7-CONTROLLED-RESEARCH-SCREEN-NOT-DISTRIBUTION
SCR-0900,1.0743589743589741e-06,0.014384615384615385,1,-2991.9879979960783,0,0.03098284660709992,0.5,NONPOSITIVE-MODEL-MARGIN,V0.7-CONTROLLED-RESEARCH-SCREEN-NOT-DISTRIBUTION
SCR-0901,1.0743589743589741e-06,0.014692307692307692,1,-3009.3048913524894,0,0.031280023030692314,0.5,NONPOSITIVE-MODEL-MARGIN,V0.7-CONTROLLED-RESEARCH-SCREEN-NOT-DISTRIBUTION
SCR-0902,1.0743589743589741e-06,0.015,1,-3026.5755898179063,0,0.0315771994542847,0.5,NONPOSITIVE-MODEL-MARGIN,V0.7-CONTROLLED-RESEARCH-SCREEN-NOT-DISTRIBUTION
SCR-0903,1.123076923076923e-06,0.003,1,-2352.358890346956,0,0.02070916866397294,0.5,NONPOSITIVE-MODEL-MARGIN,V0.7-CONTROLLED-RESEARCH-SCREEN-NOT-DISTRIBUTION
SCR-0904,1.123076923076923e-06,0.003307692307692308,1,-2371.5793451249638,0,0.021005898219088003,0.5,NONPOSITIVE-MODEL-MARGIN,V0.7-CONTROLLED-RESEARCH-SCREEN-NOT-DISTRIBUTION
SCR-0905,1.123076923076923e-06,0.0036153846153846154,1,-2390.737052129977,0,0.02130262777420306,0.5,NONPOSITIVE-MODEL-MARGIN,V0.7-CONTROLLED-RESEARCH-SCREEN-NOT-DISTRIBUTION
SCR-0906,1.123076923076923e-06,0.003923076923076923,1,-2409.8326314621904,0,0.021599357329318124,0.5,NONPOSITIVE-MODEL-MARGIN,V0.7-CONTROLLED-RESEARCH-SCREEN-NOT-DISTRIBUTION
SCR-0907,1.123076923076923e-06,0.004230769230769231,1,-2432.6660002998387,0,0.021896086884433185,0.5,NONPOSITIVE-MODEL-MARGIN,V0.7-CONTROLLED-RESEARCH-SCREEN-NOT-DISTRIBUTION
SCR-0908,1.123076923076923e-06,0.004538461538461538,1,-2451.6253770629974,0,0.02219281643954824,0.5,NONPOSITIVE-MODEL-MARGIN,V0.7-CONTROLLED-RESEARCH-SCREEN-NOT-DISTRIBUTION
SCR-0909,1.123076923076923e-06,0.004846153846153846,1,-2470.5246005519043,0,0.022489545994663303,0.5,NONPOSITIVE-MODEL-MARGIN,V0.7-CONTROLLED-RESEARCH-SCREEN-NOT-DISTRIBUTION
SCR-0910,1.123076923076923e-06,0.005,1,-2479.951834273626,0,0.022637910772220837,0.5,NONPOSITIVE-MODEL-MARGIN,V0.7-CONTROLLED-RESEARCH-SCREEN-NOT-DISTRIBUTION
SCR-0911,1.123076923076923e-06,0.005153846153846154,1,-2489.364243775765,0,0.022786275549778363,0.5,NONPOSITIVE-MODEL-MARGIN,V0.7-CONTROLLED-RESEARCH-SCREEN-NOT-DISTRIBUTION
SCR-0912,1.123076923076923e-06,0.005461538461538462,1,-2508.144869823848,0,0.023083005104893424,0.5,NONPOSITIVE-MODEL-MARGIN,V0.7-CONTROLLED-RESEARCH-SCREEN-NOT-DISTRIBUTION
SCR-0913,1.123076923076923e-06,0.0057692307692307696,1,-2526.867032056872,0,0.023379734660008485,0.5,NONPOSITIVE-MODEL-MARGIN,V0.7-CONTROLLED-RESEARCH-SCREEN-NOT-DISTRIBUTION
SCR-0914,1.123076923076923e-06,0.006076923076923077,1,-2545.531274298203,0,0.02367646421512355,0.5,NONPOSITIVE-MODEL-MARGIN,V0.7-CONTROLLED-RESEARCH-SCREEN-NOT-DISTRIBUTION
SCR-0915,1.123076923076923e-06,0.006384615384615384,1,-2567.8446847959776,0,0.023973193770238606,0.5,NONPOSITIVE-MODEL-MARGIN,V0.7-CONTROLLED-RESEARCH-SCREEN-NOT-DISTRIBUTION
SCR-0916,1.123076923076923e-06,0.006692307692307693,1,-2586.3820756814785,0,0.024269923325353663,0.5,NONPOSITIVE-MODEL-MARGIN,V0.7-CONTROLLED-RESEARCH-SCREEN-NOT-DISTRIBUTION
SCR-0917,1.123076923076923e-06,0.007,1,-2604.8632721194776,0,0.02456665288046872,0.5,NONPOSITIVE-MODEL-MARGIN,V0.7-CONTROLLED-RESEARCH-SCREEN-NOT-DISTRIBUTION
SCR-0918,1.123076923076923e-06,0.007307692307692308,1,-2623.2887780852834,0,0.024863382435583788,0.5,NONPOSITIVE-MODEL-MARGIN,V0.7-CONTROLLED-RESEARCH-SCREEN-NOT-DISTRIBUTION
SCR-0919,1.123076923076923e-06,0.007615384615384616,1,-2641.659089081238,0,0.025160111990698848,0.5,NONPOSITIVE-MODEL-MARGIN,V0.7-CONTROLLED-RESEARCH-SCREEN-NOT-DISTRIBUTION
SCR-0920,1.123076923076923e-06,0.007923076923076923,1,-2659.974692311542,0,0.02545684154581391,0.5,NONPOSITIVE-MODEL-MARGIN,V0.7-CONTROLLED-RESEARCH-SCREEN-NOT-DISTRIBUTION
SCR-0921,1.123076923076923e-06,0.00823076923076923,1,-2678.2360668547635,0,0.025753571100928966,0.5,NONPOSITIVE-MODEL-MARGIN,V0.7-CONTROLLED-RESEARCH-SCREEN-NOT-DISTRIBUTION
SCR-0922,1.123076923076923e-06,0.00853846153846154,1,-2696.4436838336683,0,0.026050300656044023,0.5,NONPOSITIVE-MODEL-MARGIN,V0.7-CONTROLLED-RESEARCH-SCREEN-NOT-DISTRIBUTION
SCR-0923,1.123076923076923e-06,0.008846153846153847,1,-2714.598006582389,0,0.026347030211159087,0.5,NONPOSITIVE-MODEL-MARGIN,V0.7-CONTROLLED-RESEARCH-SCREEN-NOT-DISTRIBUTION
SCR-0924,1.123076923076923e-06,0.009153846153846155,1,-2732.6994908107,0,0.02664375976627415,0.5,NONPOSITIVE-MODEL-MARGIN,V0.7-CONTROLLED-RESEARCH-SCREEN-NOT-DISTRIBUTION
SCR-0925,1.123076923076923e-06,0.009461538461538462,1,-2754.3353996734745,0,0.02694048932138921,0.5,NONPOSITIVE-MODEL-MARGIN,V0.7-CONTROLLED-RESEARCH-SCREEN-NOT-DISTRIBUTION
SCR-0926,1.123076923076923e-06,0.00976923076923077,1,-2772.3212852600504,0,0.027237218876504272,0.5,NONPOSITIVE-MODEL-MARGIN,V0.7-CONTROLLED-RESEARCH-SCREEN-NOT-DISTRIBUTION
SCR-0927,1.123076923076923e-06,0.010076923076923077,1,-2790.255773906247,0,0.02753394843161933,0.5,NONPOSITIVE-MODEL-MARGIN,V0.7-CONTROLLED-RESEARCH-SCREEN-NOT-DISTRIBUTION
SCR-0928,1.123076923076923e-06,0.010384615384615384,1,-2808.1392898621975,0,0.027830677986734387,0.5,NONPOSITIVE-MODEL-MARGIN,V0.7-CONTROLLED-RESEARCH-SCREEN-NOT-DISTRIBUTION
SCR-0929,1.123076923076923e-06,0.010692307692307692,1,-2825.9722506103612,0,0.028127407541849447,0.5,NONPOSITIVE-MODEL-MARGIN,V0.7-CONTROLLED-RESEARCH-SCREEN-NOT-DISTRIBUTION
SCR-0930,1.123076923076923e-06,0.011,1,-2843.7550670078895,0,0.02842413709696451,0.5,NONPOSITIVE-MODEL-MARGIN,V0.7-CONTROLLED-RESEARCH-SCREEN-NOT-DISTRIBUTION
SCR-0931,1.123076923076923e-06,0.011307692307692307,1,-2861.4881434260196,0,0.02872086665207957,0.5,NONPOSITIVE-MODEL-MARGIN,V0.7-CONTROLLED-RESEARCH-SCREEN-NOT-DISTRIBUTION
SCR-0932,1.123076923076923e-06,0.011615384615384614,1,-2879.1718778864624,0,0.029017596207194626,0.5,NONPOSITIVE-MODEL-MARGIN,V0.7-CONTROLLED-RESEARCH-SCREEN-NOT-DISTRIBUTION
SCR-0933,1.123076923076923e-06,0.011923076923076925,1,-2896.806662194845,0,0.029314325762309697,0.5,NONPOSITIVE-MODEL-MARGIN,V0.7-CONTROLLED-RESEARCH-SCREEN-NOT-DISTRIBUTION
SCR-0934,1.123076923076923e-06,0.012230769230769233,1,-2914.3928820712263,0,0.029611055317424747,0.5,NONPOSITIVE-MODEL-MARGIN,V0.7-CONTROLLED-RESEARCH-SCREEN-NOT-DISTRIBUTION
SCR-0935,1.123076923076923e-06,0.01253846153846154,1,-2931.9309172776525,0,0.029907784872539814,0.5,NONPOSITIVE-MODEL-MARGIN,V0.7-CONTROLLED-RESEARCH-SCREEN-NOT-DISTRIBUTION
SCR-0936,1.123076923076923e-06,0.012846153846153847,1,-2949.4211417428637,0,0.03020451442765488,0.5,NONPOSITIVE-MODEL-MARGIN,V0.7-CONTROLLED-RESEARCH-SCREEN-NOT-DISTRIBUTION
SCR-0937,1.123076923076923e-06,0.013153846153846155,1,-2966.863923684135,0,0.030501243982769925,0.5,NONPOSITIVE-MODEL-MARGIN,V0.7-CONTROLLED-RESEARCH-SCREEN-NOT-DISTRIBUTION
SCR-0938,1.123076923076923e-06,0.013461538461538462,1,-2984.259625726287,0,0.030797973537884993,0.5,NONPOSITIVE-MODEL-MARGIN,V0.7-CONTROLLED-RESEARCH-SCREEN-NOT-DISTRIBUTION
SCR-0939,1.123076923076923e-06,0.01376923076923077,1,-3001.608605017955,0,0.031094703093000057,0.5,NONPOSITIVE-MODEL-MARGIN,V0.7-CONTROLLED-RESEARCH-SCREEN-NOT-DISTRIBUTION
SCR-0940,1.123076923076923e-06,0.014076923076923077,1,-3018.9112133451317,0,0.03139143264811512,0.5,NONPOSITIVE-MODEL-MARGIN,V0.7-CONTROLLED-RESEARCH-SCREEN-NOT-DISTRIBUTION
SCR-0941,1.123076923076923e-06,0.014384615384615385,1,-3036.1677972420343,0,0.03168816220323018,0.5,NONPOSITIVE-MODEL-MARGIN,V0.7-CONTROLLED-RESEARCH-SCREEN-NOT-DISTRIBUTION
SCR-0942,1.123076923076923e-06,0.014692307692307692,1,-3053.3786980993186,0,0.031984891758345235,0.5,NONPOSITIVE-MODEL-MARGIN,V0.7-CONTROLLED-RESEARCH-SCREEN-NOT-DISTRIBUTION
SCR-0943,1.123076923076923e-06,0.015,1,-3070.5442522697763,0,0.032281621313460296,0.5,NONPOSITIVE-MODEL-MARGIN,V0.7-CONTROLLED-RESEARCH-SCREEN-NOT-DISTRIBUTION
SCR-0944,1.1717948717948719e-06,0.003,1,-2404.775855046853,0,0.021428850741573652,0.5,NONPOSITIVE-MODEL-MARGIN,V0.7-CONTROLLED-RESEARCH-SCREEN-NOT-DISTRIBUTION
SCR-0945,1.1717948717948719e-06,0.003307692307692308,1,-2423.835583447024,0,0.021725134770118608,0.5,NONPOSITIVE-MODEL-MARGIN,V0.7-CONTROLLED-RESEARCH-SCREEN-NOT-DISTRIBUTION
SCR-0946,1.1717948717948719e-06,0.0036153846153846154,1,-2442.8342682458606,0,0.022021418798663556,0.5,NONPOSITIVE-MODEL-MARGIN,V0.7-CONTROLLED-RESEARCH-SCREEN-NOT-DISTRIBUTION
SCR-0947,1.1717948717948719e-06,0.003923076923076923,1,-2461.7724982738778,0,0.022317702827208512,0.5,NONPOSITIVE-MODEL-MARGIN,V0.7-CONTROLLED-RESEARCH-SCREEN-NOT-DISTRIBUTION
SCR-0948,1.1717948717948719e-06,0.004230769230769231,1,-2480.6508521254304,0,0.022613986855753464,0.5,NONPOSITIVE-MODEL-MARGIN,V0.7-CONTROLLED-RESEARCH-SCREEN-NOT-DISTRIBUTION
SCR-0949,1.1717948717948719e-06,0.004538461538461538,1,-2499.469898350969,0,0.022910270884298412,0.5,NONPOSITIVE-MODEL-MARGIN,V0.7-CONTROLLED-RESEARCH-SCREEN-NOT-DISTRIBUTION
SCR-0950,1.1717948717948719e-06,0.004846153846153846,1,-2518.23019564999,0,0.023206554912843368,0.5,NONPOSITIVE-MODEL-MARGIN,V0.7-CONTROLLED-RESEARCH-SCREEN-NOT-DISTRIBUTION
SCR-0951,1.1717948717948719e-06,0.005,1,-2527.588485399564,0,0.023354696927115844,0.5,NONPOSITIVE-MODEL-MARGIN,V0.7-CONTROLLED-RESEARCH-SCREEN-NOT-DISTRIBUTION
SCR-0952,1.1717948717948719e-06,0.005153846153846154,1,-2540.6591436873314,0,0.02350283894138832,0.5,NONPOSITIVE-MODEL-MARGIN,V0.7-CONTROLLED-RESEARCH-SCREEN-NOT-DISTRIBUTION
SCR-0953,1.1717948717948719e-06,0.005461538461538462,1,-2559.2907498215977,0,0.02379912296993327,0.5,NONPOSITIVE-MODEL-MARGIN,V0.7-CONTROLLED-RESEARCH-SCREEN-NOT-DISTRIBUTION
SCR-0954,1.1717948717948719e-06,0.0057692307692307696,1,-2577.865380856245,0,0.024095406998478223,0.5,NONPOSITIVE-MODEL-MARGIN,V0.7-CONTROLLED-RESEARCH-SCREEN-NOT-DISTRIBUTION
SCR-0955,1.1717948717948719e-06,0.006076923076923077,1,-2596.3835542208035,0,0.024391691027023182,0.5,NONPOSITIVE-MODEL-MARGIN,V0.7-CONTROLLED-RESEARCH-SCREEN-NOT-DISTRIBUTION
SCR-0956,1.1717948717948719e-06,0.006384615384615384,1,-2614.8457785859123,0,0.024687975055568134,0.5,NONPOSITIVE-MODEL-MARGIN,V0.7-CONTROLLED-RESEARCH-SCREEN-NOT-DISTRIBUTION
SCR-0957,1.1717948717948719e-06,0.006692307692307693,1,-2633.2525540424776,0,0.024984259084113083,0.5,NONPOSITIVE-MODEL-MARGIN,V0.7-CONTROLLED-RESEARCH-SCREEN-NOT-DISTRIBUTION
SCR-0958,1.1717948717948719e-06,0.007,1,-2651.60437227875,0,0.02528054311265803,0.5,NONPOSITIVE-MODEL-MARGIN,V0.7-CONTROLLED-RESEARCH-SCREEN-NOT-DISTRIBUTION
SCR-0959,1.1717948717948719e-06,0.007307692307692308,1,-2669.9017167550246,0,0.025576827141202987,0.5,NONPOSITIVE-MODEL-MARGIN,V0.7-CONTROLLED-RESEARCH-SCREEN-NOT-DISTRIBUTION
SCR-0960,1.1717948717948719e-06,0.007615384615384616,1,-2688.1450628757384,0,0.025873111169747942,0.5,NONPOSITIVE-MODEL-MARGIN,V0.7-CONTROLLED-RESEARCH-SCREEN-NOT-DISTRIBUTION
SCR-0961,1.1717948717948719e-06,0.007923076923076923,1,-2706.334878158895,0,0.02616939519829289,0.5,NONPOSITIVE-MODEL-MARGIN,V0.7-CONTROLLED-RESEARCH-SCREEN-NOT-DISTRIBUTION
SCR-0962,1.1717948717948719e-06,0.00823076923076923,1,-2728.076706711746,0,0.026465679226837853,0.5,NONPOSITIVE-MODEL-MARGIN,V0.7-CONTROLLED-RESEARCH-SCREEN-NOT-DISTRIBUTION
SCR-0963,1.1717948717948719e-06,0.00853846153846154,1,-2746.1493949451074,0,0.0267619632553828,0.5,NONPOSITIVE-MODEL-MARGIN,V0.7-CONTROLLED-RESEARCH-SCREEN-NOT-DISTRIBUTION
SCR-0964,1.1717948717948719e-06,0.008846153846153847,1,-2764.1700317105183,0,0.027058247283927746,0.5,NONPOSITIVE-MODEL-MARGIN,V0.7-CONTROLLED-RESEARCH-SCREEN-NOT-DISTRIBUTION
SCR-0965,1.1717948717948719e-06,0.009153846153846155,1,-2782.139051945573,0,0.027354531312472702,0.5,NONPOSITIVE-MODEL-MARGIN,V0.7-CONTROLLED-RESEARCH-SCREEN-NOT-DISTRIBUTION
SCR-0966,1.1717948717948719e-06,0.009461538461538462,1,-2800.05688358999,0,0.027650815341017657,0.5,NONPOSITIVE-MODEL-MARGIN,V0.7-CONTROLLED-RESEARCH-SCREEN-NOT-DISTRIBUTION
SCR-0967,1.1717948717948719e-06,0.00976923076923077,1,-2817.923947732964,0,0.027947099369562606,0.5,NONPOSITIVE-MODEL-MARGIN,V0.7-CONTROLLED-RESEARCH-SCREEN-NOT-DISTRIBUTION
SCR-0968,1.1717948717948719e-06,0.010076923076923077,1,-2835.7406587576065,0,0.02824338339810756,0.5,NONPOSITIVE-MODEL-MARGIN,V0.7-CONTROLLED-RESEARCH-SCREEN-NOT-DISTRIBUTION
SCR-0969,1.1717948717948719e-06,0.010384615384615384,1,-2853.507424482307,0,0.028539667426652517,0.5,NONPOSITIVE-MODEL-MARGIN,V0.7-CONTROLLED-RESEARCH-SCREEN-NOT-DISTRIBUTION
SCR-0970,1.1717948717948719e-06,0.010692307692307692,1,-2871.224646299107,0,0.028835951455197465,0.5,NONPOSITIVE-MODEL-MARGIN,V0.7-CONTROLLED-RESEARCH-SCREEN-NOT-DISTRIBUTION
SCR-0971,1.1717948717948719e-06,0.011,1,-2888.8927193090813,0,0.029132235483742417,0.5,NONPOSITIVE-MODEL-MARGIN,V0.7-CONTROLLED-RESEARCH-SCREEN-NOT-DISTRIBUTION
SCR-0972,1.1717948717948719e-06,0.011307692307692307,1,-2906.5120324547584,0,0.029428519512287376,0.5,NONPOSITIVE-MODEL-MARGIN,V0.7-CONTROLLED-RESEARCH-SCREEN-NOT-DISTRIBUTION
SCR-0973,1.1717948717948719e-06,0.011615384615384614,1,-2924.082968649516,0,0.02972480354083232,0.5,NONPOSITIVE-MODEL-MARGIN,V0.7-CONTROLLED-RESEARCH-SCREEN-NOT-DISTRIBUTION
SCR-0974,1.1717948717948719e-06,0.011923076923076925,1,-2941.6059049041196,0,0.03002108756937728,0.5,NONPOSITIVE-MODEL-MARGIN,V0.7-CONTROLLED-RESEARCH-SCREEN-NOT-DISTRIBUTION
SCR-0975,1.1717948717948719e-06,0.012230769230769233,1,-2959.0812124503414,0,0.030317371597922232,0.5,NONPOSITIVE-MODEL-MARGIN,V0.7-CONTROLLED-RESEARCH-SCREEN-NOT-DISTRIBUTION
SCR-0976,1.1717948717948719e-06,0.01253846153846154,1,-2976.509256861716,0,0.03061365562646718,0.5,NONPOSITIVE-MODEL-MARGIN,V0.7-CONTROLLED-RESEARCH-SCREEN-NOT-DISTRIBUTION
SCR-0977,1.1717948717948719e-06,0.012846153846153847,1,-2993.890398171485,0,0.030909939655012136,0.5,NONPOSITIVE-MODEL-MARGIN,V0.7-CONTROLLED-RESEARCH-SCREEN-NOT-DISTRIBUTION
SCR-0978,1.1717948717948719e-06,0.013153846153846155,1,-3011.224990987803,0,0.031206223683557084,0.5,NONPOSITIVE-MODEL-MARGIN,V0.7-CONTROLLED-RESEARCH-SCREEN-NOT-DISTRIBUTION
SCR-0979,1.1717948717948719e-06,0.013461538461538462,1,-3028.513384606227,0,0.03150250771210204,0.5,NONPOSITIVE-MODEL-MARGIN,V0.7-CONTROLLED-RESEARCH-SCREEN-NOT-DISTRIBUTION
SCR-0980,1.1717948717948719e-06,0.01376923076923077,1,-3045.7559231194846,0,0.031798791740646995,0.5,NONPOSITIVE-MODEL-MARGIN,V0.7-CONTROLLED-RESEARCH-SCREEN-NOT-DISTRIBUTION
SCR-0981,1.1717948717948719e-06,0.014076923076923077,1,-3062.952945524728,0,0.03209507576919195,0.5,NONPOSITIVE-MODEL-MARGIN,V0.7-CONTROLLED-RESEARCH-SCREEN-NOT-DISTRIBUTION
SCR-0982,1.1717948717948719e-06,0.014384615384615385,1,-3080.1047858281227,0,0.03239135979773689,0.5,NONPOSITIVE-MODEL-MARGIN,V0.7-CONTROLLED-RESEARCH-SCREEN-NOT-DISTRIBUTION
SCR-0983,1.1717948717948719e-06,0.014692307692307692,1,-3097.211773147021,0,0.03268764382628186,0.5,NONPOSITIVE-MODEL-MARGIN,V0.7-CONTROLLED-RESEARCH-SCREEN-NOT-DISTRIBUTION
SCR-0984,1.1717948717948719e-06,0.015,1,-3114.274231809603,0,0.0329839278548268,0.5,NONPOSITIVE-MODEL-MARGIN,V0.7-CONTROLLED-RESEARCH-SCREEN-NOT-DISTRIBUTION
SCR-0985,1.2205128205128203e-06,0.003,1,-2456.7830772779553,0,0.022146374916265255,0.5,NONPOSITIVE-MODEL-MARGIN,V0.7-CONTROLLED-RESEARCH-SCREEN-NOT-DISTRIBUTION
SCR-0986,1.2205128205128203e-06,0.003307692307692308,1,-2475.6867070734625,0,0.022442214754112115,0.5,NONPOSITIVE-MODEL-MARGIN,V0.7-CONTROLLED-RESEARCH-SCREEN-NOT-DISTRIBUTION
SCR-0987,1.2205128205128203e-06,0.0036153846153846154,1,-2494.530909552782,0,0.022738054591958986,0.5,NONPOSITIVE-MODEL-MARGIN,V0.7-CONTROLLED-RESEARCH-SCREEN-NOT-DISTRIBUTION
SCR-0988,1.2205128205128203e-06,0.003923076923076923,1,-2513.316244333023,0,0.023033894429805843,0.5,NONPOSITIVE-MODEL-MARGIN,V0.7-CONTROLLED-RESEARCH-SCREEN-NOT-DISTRIBUTION
SCR-0989,1.2205128205128203e-06,0.004230769230769231,1,-2535.7776818258317,0,0.023329734267652703,0.5,NONPOSITIVE-MODEL-MARGIN,V0.7-CONTROLLED-RESEARCH-SCREEN-NOT-DISTRIBUTION
SCR-0990,1.2205128205128203e-06,0.004538461538461538,1,-2554.4340177824447,0,0.02362557410549956,0.5,NONPOSITIVE-MODEL-MARGIN,V0.7-CONTROLLED-RESEARCH-SCREEN-NOT-DISTRIBUTION
SCR-0991,1.2205128205128203e-06,0.004846153846153846,1,-2573.0332647073105,0,0.023921413943346424,0.5,NONPOSITIVE-MODEL-MARGIN,V0.7-CONTROLLED-RESEARCH-SCREEN-NOT-DISTRIBUTION
SCR-0992,1.2205128205128203e-06,0.005,1,-2582.311642139174,0,0.024069333862269858,0.5,NONPOSITIVE-MODEL-MARGIN,V0.7-CONTROLLED-RESEARCH-SCREEN-NOT-DISTRIBUTION
SCR-0993,1.2205128205128203e-06,0.005153846153846154,1,-2591.575941043004,0,0.024217253781193288,0.5,NONPOSITIVE-MODEL-MARGIN,V0.7-CONTROLLED-RESEARCH-SCREEN-NOT-DISTRIBUTION
SCR-0994,1.2205128205128203e-06,0.005461538461538462,1,-2610.0625565031537,0,0.024513093619040145,0.5,NONPOSITIVE-MODEL-MARGIN,V0.7-CONTROLLED-RESEARCH-SCREEN-NOT-DISTRIBUTION
SCR-0995,1.2205128205128203e-06,0.0057692307692307696,1,-2628.4936122470795,0,0.024808933456887006,0.5,NONPOSITIVE-MODEL-MARGIN,V0.7-CONTROLLED-RESEARCH-SCREEN-NOT-DISTRIBUTION
SCR-0996,1.2205128205128203e-06,0.006076923076923077,1,-2646.8696010526687,0,0.02510477329473387,0.5,NONPOSITIVE-MODEL-MARGIN,V0.7-CONTROLLED-RESEARCH-SCREEN-NOT-DISTRIBUTION
SCR-0997,1.2205128205128203e-06,0.006384615384615384,1,-2665.1910074873726,0,0.02540061313258073,0.5,NONPOSITIVE-MODEL-MARGIN,V0.7-CONTROLLED-RESEARCH-SCREEN-NOT-DISTRIBUTION
SCR-0998,1.2205128205128203e-06,0.006692307692307693,1,-2683.4583080769994,0,0.02569645297042759,0.5,NONPOSITIVE-MODEL-MARGIN,V0.7-CONTROLLED-RESEARCH-SCREEN-NOT-DISTRIBUTION
SCR-0999,1.2205128205128203e-06,0.007,1,-2705.2955906249667,0,0.025992292808274448,0.5,NONPOSITIVE-MODEL-MARGIN,V0.7-CONTROLLED-RESEARCH-SCREEN-NOT-DISTRIBUTION
SCR-1000,1.2205128205128203e-06,0.007307692307692308,1,-2723.444456440255,0,0.02628813264612131,0.5,NONPOSITIVE-MODEL-MARGIN,V0.7-CONTROLLED-RESEARCH-SCREEN-NOT-DISTRIBUTION
SCR-1001,1.2205128205128203e-06,0.007615384615384616,1,-2741.5407259511626,0,0.026583972483968175,0.5,NONPOSITIVE-MODEL-MARGIN,V0.7-CONTROLLED-RESEARCH-SCREEN-NOT-DISTRIBUTION
SCR-1002,1.2205128205128203e-06,0.007923076923076923,1,-2759.5848423509215,0,0.026879812321815036,0.5,NONPOSITIVE-MODEL-MARGIN,V0.7-CONTROLLED-RESEARCH-SCREEN-NOT-DISTRIBUTION
SCR-1003,1.2205128205128203e-06,0.00823076923076923,1,-2777.5772416882196,0,0.027175652159661896,0.5,NONPOSITIVE-MODEL-MARGIN,V0.7-CONTROLLED-RESEARCH-SCREEN-NOT-DISTRIBUTION
SCR-1004,1.2205128205128203e-06,0.00853846153846154,1,-2795.5183530157447,0,0.02747149199750876,0.5,NONPOSITIVE-MODEL-MARGIN,V0.7-CONTROLLED-RESEARCH-SCREEN-NOT-DISTRIBUTION
SCR-1005,1.2205128205128203e-06,0.008846153846153847,1,-2813.4085985358465,0,0.02776733183535562,0.5,NONPOSITIVE-MODEL-MARGIN,V0.7-CONTROLLED-RESEARCH-SCREEN-NOT-DISTRIBUTION
SCR-1006,1.2205128205128203e-06,0.009153846153846155,1,-2831.2483937434777,0,0.028063171673202478,0.5,NONPOSITIVE-MODEL-MARGIN,V0.7-CONTROLLED-RESEARCH-SCREEN-NOT-DISTRIBUTION
SCR-1007,1.2205128205128203e-06,0.009461538461538462,1,-2849.0381475661775,0,0.02835901151104935,0.5,NONPOSITIVE-MODEL-MARGIN,V0.7-CONTROLLED-RESEARCH-SCREEN-NOT-DISTRIBUTION
SCR-1008,1.2205128205128203e-06,0.00976923076923077,1,-2866.778262501294,0,0.028654851348896202,0.5,NONPOSITIVE-MODEL-MARGIN,V0.7-CONTROLLED-RESEARCH-SCREEN-NOT-DISTRIBUTION
SCR-1009,1.2205128205128203e-06,0.010076923076923077,1,-2884.4691347502417,0,0.028950691186743066,0.5,NONPOSITIVE-MODEL-MARGIN,V0.7-CONTROLLED-RESEARCH-SCREEN-NOT-DISTRIBUTION
SCR-1010,1.2205128205128203e-06,0.010384615384615384,1,-2902.1111543499496,0,0.029246531024589923,0.5,NONPOSITIVE-MODEL-MARGIN,V0.7-CONTROLLED-RESEARCH-SCREEN-NOT-DISTRIBUTION
SCR-1011,1.2205128205128203e-06,0.010692307692307692,1,-2919.7047053014667,0,0.02954237086243678,0.5,NONPOSITIVE-MODEL-MARGIN,V0.7-CONTROLLED-RESEARCH-SCREEN-NOT-DISTRIBUTION
SCR-1012,1.2205128205128203e-06,0.011,1,-2937.2501656956665,0,0.02983821070028365,0.5,NONPOSITIVE-MODEL-MARGIN,V0.7-CONTROLLED-RESEARCH-SCREEN-NOT-DISTRIBUTION
SCR-1013,1.2205128205128203e-06,0.011307692307692307,1,-2954.7479078362403,0,0.030134050538130508,0.5,NONPOSITIVE-MODEL-MARGIN,V0.7-CONTROLLED-RESEARCH-SCREEN-NOT-DISTRIBUTION
SCR-1014,1.2205128205128203e-06,0.011615384615384614,1,-2972.198298359834,0,0.03042989037597737,0.5,NONPOSITIVE-MODEL-MARGIN,V0.7-CONTROLLED-RESEARCH-SCREEN-NOT-DISTRIBUTION
SCR-1015,1.2205128205128203e-06,0.011923076923076925,1,-2989.601698353492,0,0.030725730213824236,0.5,NONPOSITIVE-MODEL-MARGIN,V0.7-CONTROLLED-RESEARCH-SCREEN-NOT-DISTRIBUTION
SCR-1016,1.2205128205128203e-06,0.012230769230769233,1,-3006.958463469417,0,0.0310215700516711,0.5,NONPOSITIVE-MODEL-MARGIN,V0.7-CONTROLLED-RESEARCH-SCREEN-NOT-DISTRIBUTION
SCR-1017,1.2205128205128203e-06,0.01253846153846154,1,-3024.2689440370095,0,0.03131740988951795,0.5,NONPOSITIVE-MODEL-MARGIN,V0.7-CONTROLLED-RESEARCH-SCREEN-NOT-DISTRIBUTION
SCR-1018,1.2205128205128203e-06,0.012846153846153847,1,-3041.533485172385,0,0.03161324972736482,0.5,NONPOSITIVE-MODEL-MARGIN,V0.7-CONTROLLED-RESEARCH-SCREEN-NOT-DISTRIBUTION
SCR-1019,1.2205128205128203e-06,0.013153846153846155,1,-3058.7524268852335,0,0.03190908956521168,0.5,NONPOSITIVE-MODEL-MARGIN,V0.7-CONTROLLED-RESEARCH-SCREEN-NOT-DISTRIBUTION
SCR-1020,1.2205128205128203e-06,0.013461538461538462,1,-3075.9261041832597,0,0.03220492940305854,0.5,NONPOSITIVE-MODEL-MARGIN,V0.7-CONTROLLED-RESEARCH-SCREEN-NOT-DISTRIBUTION
SCR-1021,1.2205128205128203e-06,0.01376923076923077,1,-3093.05484717406,0,0.032500769240905406,0.5,NONPOSITIVE-MODEL-MARGIN,V0.7-CONTROLLED-RESEARCH-SCREEN-NOT-DISTRIBUTION
SCR-1022,1.2205128205128203e-06,0.014076923076923077,1,-3110.138981164679,0,0.03279660907875226,0.5,NONPOSITIVE-MODEL-MARGIN,V0.7-CONTROLLED-RESEARCH-SCREEN-NOT-DISTRIBUTION
SCR-1023,1.2205128205128203e-06,0.014384615384615385,1,-3127.178826758713,0,0.03309244891659912,0.5,NONPOSITIVE-MODEL-MARGIN,V0.7-CONTROLLED-RESEARCH-SCREEN-NOT-DISTRIBUTION
SCR-1024,1.2205128205128203e-06,0.014692307692307692,1,-3144.174699951181,0,0.03338828875444598,0.5,NONPOSITIVE-MODEL-MARGIN,V0.7-CONTROLLED-RESEARCH-SCREEN-NOT-DISTRIBUTION
SCR-1025,1.2205128205128203e-06,0.015,1,-3161.12691222106,0,0.03368412859229285,0.5,NONPOSITIVE-MODEL-MARGIN,V0.7-CONTROLLED-RESEARCH-SCREEN-NOT-DISTRIBUTION
SCR-1026,1.2692307692307692e-06,0.003,1,-2508.39299843042,0,0.02286175087896545,0.5,NONPOSITIVE-MODEL-MARGIN,V0.7-CONTROLLED-RESEARCH-SCREEN-NOT-DISTRIBUTION
SCR-1027,1.2692307692307692e-06,0.003307692307692308,1,-2527.144914271097,0,0.023157147855987315,0.5,NONPOSITIVE-MODEL-MARGIN,V0.7-CONTROLLED-RESEARCH-SCREEN-NOT-DISTRIBUTION
SCR-1028,1.2692307692307692e-06,0.0036153846153846154,1,-2545.8389372871898,0,0.02345254483300918,0.5,NONPOSITIVE-MODEL-MARGIN,V0.7-CONTROLLED-RESEARCH-SCREEN-NOT-DISTRIBUTION
SCR-1029,1.2692307692307692e-06,0.003923076923076923,1,-2564.4755998018036,0,0.023747941810031047,0.5,NONPOSITIVE-MODEL-MARGIN,V0.7-CONTROLLED-RESEARCH-SCREEN-NOT-DISTRIBUTION
SCR-1030,1.2692307692307692e-06,0.004230769230769231,1,-2583.0554251226213,0,0.02404333878705291,0.5,NONPOSITIVE-MODEL-MARGIN,V0.7-CONTROLLED-RESEARCH-SCREEN-NOT-DISTRIBUTION
SCR-1031,1.2692307692307692e-06,0.004538461538461538,1,-2601.578927719612,0,0.024338735764074786,0.5,NONPOSITIVE-MODEL-MARGIN,V0.7-CONTROLLED-RESEARCH-SCREEN-NOT-DISTRIBUTION
SCR-1032,1.2692307692307692e-06,0.004846153846153846,1,-2620.046613401632,0,0.024634132741096645,0.5,NONPOSITIVE-MODEL-MARGIN,V0.7-CONTROLLED-RESEARCH-SCREEN-NOT-DISTRIBUTION
SCR-1033,1.2692307692307692e-06,0.005,1,-2629.2596806395977,0,0.02478183122960758,0.5,NONPOSITIVE-MODEL-MARGIN,V0.7-CONTROLLED-RESEARCH-SCREEN-NOT-DISTRIBUTION
SCR-1034,1.2692307692307692e-06,0.005153846153846154,1,-2638.4589794913327,0,0.024929529718118515,0.5,NONPOSITIVE-MODEL-MARGIN,V0.7-CONTROLLED-RESEARCH-SCREEN-NOT-DISTRIBUTION
SCR-1035,1.2692307692307692e-06,0.005461538461538462,1,-2656.816514998249,0,0.025224926695140384,0.5,NONPOSITIVE-MODEL-MARGIN,V0.7-CONTROLLED-RESEARCH-SCREEN-NOT-DISTRIBUTION
SCR-1036,1.2692307692307692e-06,0.0057692307692307696,1,-2678.762129311488,0,0.025520323672162247,0.5,NONPOSITIVE-MODEL-MARGIN,V0.7-CONTROLLED-RESEARCH-SCREEN-NOT-DISTRIBUTION
SCR-1037,1.2692307692307692e-06,0.006076923076923077,1,-2696.9996266098333,0,0.025815720649184117,0.5,NONPOSITIVE-MODEL-MARGIN,V0.7-CONTROLLED-RESEARCH-SCREEN-NOT-DISTRIBUTION
SCR-1038,1.2692307692307692e-06,0.006384615384615384,1,-2715.183843020364,0,0.026111117626205976,0.5,NONPOSITIVE-MODEL-MARGIN,V0.7-CONTROLLED-RESEARCH-SCREEN-NOT-DISTRIBUTION
SCR-1039,1.2692307692307692e-06,0.006692307692307693,1,-2733.315233038589,0,0.02640651460322785,0.5,NONPOSITIVE-MODEL-MARGIN,V0.7-CONTROLLED-RESEARCH-SCREEN-NOT-DISTRIBUTION
SCR-1040,1.2692307692307692e-06,0.007,1,-2751.3942437744545,0,0.026701911580249715,0.5,NONPOSITIVE-MODEL-MARGIN,V0.7-CONTROLLED-RESEARCH-SCREEN-NOT-DISTRIBUTION
SCR-1041,1.2692307692307692e-06,0.007307692307692308,1,-2769.421315105635,0,0.026997308557271577,0.5,NONPOSITIVE-MODEL-MARGIN,V0.7-CONTROLLED-RESEARCH-SCREEN-NOT-DISTRIBUTION
SCR-1042,1.2692307692307692e-06,0.007615384615384616,1,-2787.3968798280966,0,0.027292705534293447,0.5,NONPOSITIVE-MODEL-MARGIN,V0.7-CONTROLLED-RESEARCH-SCREEN-NOT-DISTRIBUTION
SCR-1043,1.2692307692307692e-06,0.007923076923076923,1,-2805.3213638037887,0,0.027588102511315313,0.5,NONPOSITIVE-MODEL-MARGIN,V0.7-CONTROLLED-RESEARCH-SCREEN-NOT-DISTRIBUTION
SCR-1044,1.2692307692307692e-06,0.00823076923076923,1,-2823.1951861055636,0,0.027883499488337182,0.5,NONPOSITIVE-MODEL-MARGIN,V0.7-CONTROLLED-RESEARCH-SCREEN-NOT-DISTRIBUTION
SCR-1045,1.2692307692307692e-06,0.00853846153846154,1,-2841.0187591592303,0,0.028178896465359045,0.5,NONPOSITIVE-MODEL-MARGIN,V0.7-CONTROLLED-RESEARCH-SCREEN-NOT-DISTRIBUTION
SCR-1046,1.2692307692307692e-06,0.008846153846153847,1,-2858.792488882612,0,0.028474293442380914,0.5,NONPOSITIVE-MODEL-MARGIN,V0.7-CONTROLLED-RESEARCH-SCREEN-NOT-DISTRIBUTION
SCR-1047,1.2692307692307692e-06,0.009153846153846155,1,-2876.5167748218078,0,0.02876969041940278,0.5,NONPOSITIVE-MODEL-MARGIN,V0.7-CONTROLLED-RESEARCH-SCREEN-NOT-DISTRIBUTION
SCR-1048,1.2692307692307692e-06,0.009461538461538462,1,-2894.192010284526,0,0.029065087396424646,0.5,NONPOSITIVE-MODEL-MARGIN,V0.7-CONTROLLED-RESEARCH-SCREEN-NOT-DISTRIBUTION
SCR-1049,1.2692307692307692e-06,0.00976923076923077,1,-2911.8185824704906,0,0.029360484373446516,0.5,NONPOSITIVE-MODEL-MARGIN,V0.7-CONTROLLED-RESEARCH-SCREEN-NOT-DISTRIBUTION
SCR-1050,1.2692307692307692e-06,0.010076923076923077,1,-2929.396872599018,0,0.029655881350468375,0.5,NONPOSITIVE-MODEL-MARGIN,V0.7-CONTROLLED-RESEARCH-SCREEN-NOT-DISTRIBUTION
SCR-1051,1.2692307692307692e-06,0.010384615384615384,1,-2946.9272560337713,0,0.02995127832749025,0.5,NONPOSITIVE-MODEL-MARGIN,V0.7-CONTROLLED-RESEARCH-SCREEN-NOT-DISTRIBUTION
SCR-1052,1.2692307692307692e-06,0.010692307692307692,1,-2964.4101024046186,0,0.03024667530451211,0.5,NONPOSITIVE-MODEL-MARGIN,V0.7-CONTROLLED-RESEARCH-SCREEN-NOT-DISTRIBUTION
SCR-1053,1.2692307692307692e-06,0.011,1,-2981.8457757268284,0,0.030542072281533984,0.5,NONPOSITIVE-MODEL-MARGIN,V0.7-CONTROLLED-RESEARCH-SCREEN-NOT-DISTRIBUTION
SCR-1054,1.2692307692307692e-06,0.011307692307692307,1,-2999.234634517419,0,0.03083746925855585,0.5,NONPOSITIVE-MODEL-MARGIN,V0.7-CONTROLLED-RESEARCH-SCREEN-NOT-DISTRIBUTION
SCR-1055,1.2692307692307692e-06,0.011615384615384614,1,-3020.0148953412045,0,0.031132866235577712,0.5,NONPOSITIVE-MODEL-MARGIN,V0.7-CONTROLLED-RESEARCH-SCREEN-NOT-DISTRIBUTION
SCR-1056,1.2692307692307692e-06,0.011923076923076925,1,-3037.301430719983,0,0.03142826321259959,0.5,NONPOSITIVE-MODEL-MARGIN,V0.7-CONTROLLED-RESEARCH-SCREEN-NOT-DISTRIBUTION
SCR-1057,1.2692307692307692e-06,0.012230769230769233,1,-3054.542283506406,0,0.031723660189621444,0.5,NONPOSITIVE-MODEL-MARGIN,V0.7-CONTROLLED-RESEARCH-SCREEN-NOT-DISTRIBUTION
SCR-1058,1.2692307692307692e-06,0.01253846153846154,1,-3071.7377896975822,0,0.03201905716664331,0.5,NONPOSITIVE-MODEL-MARGIN,V0.7-CONTROLLED-RESEARCH-SCREEN-NOT-DISTRIBUTION
SCR-1059,1.2692307692307692e-06,0.012846153846153847,1,-3088.888280380027,0,0.03231445414366519,0.5,NONPOSITIVE-MODEL-MARGIN,V0.7-CONTROLLED-RESEARCH-SCREEN-NOT-DISTRIBUTION
SCR-1060,1.2692307692307692e-06,0.013153846153846155,1,-3105.994081828918,0,0.032609851120687046,0.5,NONPOSITIVE-MODEL-MARGIN,V0.7-CONTROLLED-RESEARCH-SCREEN-NOT-DISTRIBUTION
SCR-1061,1.2692307692307692e-06,0.013461538461538462,1,-3123.0555156050796,0,0.032905248097708915,0.5,NONPOSITIVE-MODEL-MARGIN,V0.7-CONTROLLED-RESEARCH-SCREEN-NOT-DISTRIBUTION
SCR-1062,1.2692307692307692e-06,0.01376923076923077,1,-3140.072898649689,0,0.03320064507473078,0.5,NONPOSITIVE-MODEL-MARGIN,V0.7-CONTROLLED-RESEARCH-SCREEN-NOT-DISTRIBUTION
SCR-1063,1.2692307692307692e-06,0.014076923076923077,1,-3157.046543376692,0,0.03349604205175265,0.5,NONPOSITIVE-MODEL-MARGIN,V0.7-CONTROLLED-RESEARCH-SCREEN-NOT-DISTRIBUTION
SCR-1064,1.2692307692307692e-06,0.014384615384615385,1,-3170.623585537797,0,0.03379143902877451,0.5,NONPOSITIVE-MODEL-MARGIN,V0.7-CONTROLLED-RESEARCH-SCREEN-NOT-DISTRIBUTION
SCR-1065,1.2692307692307692e-06,0.014692307692307692,1,-3187.5196827681716,0,0.034086836005796387,0.5,NONPOSITIVE-MODEL-MARGIN,V0.7-CONTROLLED-RESEARCH-SCREEN-NOT-DISTRIBUTION
SCR-1066,1.2692307692307692e-06,0.015,1,-3204.3728776425555,0,0.03438223298281825,0.5,NONPOSITIVE-MODEL-MARGIN,V0.7-CONTROLLED-RESEARCH-SCREEN-NOT-DISTRIBUTION
SCR-1067,1.3179487179487177e-06,0.003,1,-2555.893684284842,0,0.023574988262563677,0.5,NONPOSITIVE-MODEL-MARGIN,V0.7-CONTROLLED-RESEARCH-SCREEN-NOT-DISTRIBUTION
SCR-1068,1.3179487179487177e-06,0.003307692307692308,1,-2574.510781050431,0,0.023869943702669445,0.5,NONPOSITIVE-MODEL-MARGIN,V0.7-CONTROLLED-RESEARCH-SCREEN-NOT-DISTRIBUTION
SCR-1069,1.3179487179487177e-06,0.0036153846153846154,1,-2593.071290704008,0,0.024164899142775195,0.5,NONPOSITIVE-MODEL-MARGIN,V0.7-CONTROLLED-RESEARCH-SCREEN-NOT-DISTRIBUTION
SCR-1070,1.3179487179487177e-06,0.003923076923076923,1,-2611.5757237652447,0,0.024459854582880962,0.5,NONPOSITIVE-MODEL-MARGIN,V0.7-CONTROLLED-RESEARCH-SCREEN-NOT-DISTRIBUTION
SCR-1071,1.3179487179487177e-06,0.004230769230769231,1,-2630.024582161367,0,0.02475481002298672,0.5,NONPOSITIVE-MODEL-MARGIN,V0.7-CONTROLLED-RESEARCH-SCREEN-NOT-DISTRIBUTION
SCR-1072,1.3179487179487177e-06,0.004538461538461538,1,-2652.0798813657216,0,0.025049765463092476,0.5,NONPOSITIVE-MODEL-MARGIN,V0.7-CONTROLLED-RESEARCH-SCREEN-NOT-DISTRIBUTION
SCR-1073,1.3179487179487177e-06,0.004846153846153846,1,-2670.407054142232,0,0.025344720903198233,0.5,NONPOSITIVE-MODEL-MARGIN,V0.7-CONTROLLED-RESEARCH-SCREEN-NOT-DISTRIBUTION
SCR-1074,1.3179487179487177e-06,0.005,1,-2679.550367459407,0,0.025492198623251118,0.5,NONPOSITIVE-MODEL-MARGIN,V0.7-CONTROLLED-RESEARCH-SCREEN-NOT-DISTRIBUTION
SCR-1075,1.3179487179487177e-06,0.005153846153846154,1,-2688.680243576043,0,0.025639676343303996,0.5,NONPOSITIVE-MODEL-MARGIN,V0.7-CONTROLLED-RESEARCH-SCREEN-NOT-DISTRIBUTION
SCR-1076,1.3179487179487177e-06,0.005461538461538462,1,-2706.8999158553206,0,0.025934631783409757,0.5,NONPOSITIVE-MODEL-MARGIN,V0.7-CONTROLLED-RESEARCH-SCREEN-NOT-DISTRIBUTION
SCR-1077,1.3179487179487177e-06,0.0057692307692307696,1,-2725.0665295335093,0,0.026229587223515514,0.5,NONPOSITIVE-MODEL-MARGIN,V0.7-CONTROLLED-RESEARCH-SCREEN-NOT-DISTRIBUTION
SCR-1078,1.3179487179487177e-06,0.006076923076923077,1,-2743.180535687375,0,0.02652454266362128,0.5,NONPOSITIVE-MODEL-MARGIN,V0.7-CONTROLLED-RESEARCH-SCREEN-NOT-DISTRIBUTION
SCR-1079,1.3179487179487177e-06,0.006384615384615384,1,-2761.2423780723148,0,0.026819498103727038,0.5,NONPOSITIVE-MODEL-MARGIN,V0.7-CONTROLLED-RESEARCH-SCREEN-NOT-DISTRIBUTION
SCR-1080,1.3179487179487177e-06,0.006692307692307693,1,-2779.2524932750007,0,0.027114453543832795,0.5,NONPOSITIVE-MODEL-MARGIN,V0.7-CONTROLLED-RESEARCH-SCREEN-NOT-DISTRIBUTION
SCR-1081,1.3179487179487177e-06,0.007,1,-2797.211310863144,0,0.027409408983938555,0.5,NONPOSITIVE-MODEL-MARGIN,V0.7-CONTROLLED-RESEARCH-SCREEN-NOT-DISTRIBUTION
SCR-1082,1.3179487179487177e-06,0.007307692307692308,1,-2815.119253532441,0,0.027704364424044312,0.5,NONPOSITIVE-MODEL-MARGIN,V0.7-CONTROLLED-RESEARCH-SCREEN-NOT-DISTRIBUTION
SCR-1083,1.3179487179487177e-06,0.007615384615384616,1,-2832.976737250616,0,0.027999319864150076,0.5,NONPOSITIVE-MODEL-MARGIN,V0.7-CONTROLLED-RESEARCH-SCREEN-NOT-DISTRIBUTION
SCR-1084,1.3179487179487177e-06,0.007923076923076923,1,-2850.7841713984967,0,0.028294275304255833,0.5,NONPOSITIVE-MODEL-MARGIN,V0.7-CONTROLLED-RESEARCH-SCREEN-NOT-DISTRIBUTION
SCR-1085,1.3179487179487177e-06,0.00823076923076923,1,-2868.5419589082258,0,0.0285892307443616,0.5,NONPOSITIVE-MODEL-MARGIN,V0.7-CONTROLLED-RESEARCH-SCREEN-NOT-DISTRIBUTION
SCR-1086,1.3179487179487177e-06,0.00853846153846154,1,-2886.2504963984693,0,0.028884186184467347,0.5,NONPOSITIVE-MODEL-MARGIN,V0.7-CONTROLLED-RESEARCH-SCREEN-NOT-DISTRIBUTION
SCR-1087,1.3179487179487177e-06,0.008846153846153847,1,-2903.910174306754,0,0.029179141624573114,0.5,NONPOSITIVE-MODEL-MARGIN,V0.7-CONTROLLED-RESEARCH-SCREEN-NOT-DISTRIBUTION
SCR-1088,1.3179487179487177e-06,0.009153846153846155,1,-2925.015703299428,0,0.029474097064678878,0.5,NONPOSITIVE-MODEL-MARGIN,V0.7-CONTROLLED-RESEARCH-SCREEN-NOT-DISTRIBUTION
SCR-1089,1.3179487179487177e-06,0.009461538461538462,1,-2942.5685477815027,0,0.029769052504784625,0.5,NONPOSITIVE-MODEL-MARGIN,V0.7-CONTROLLED-RESEARCH-SCREEN-NOT-DISTRIBUTION
SCR-1090,1.3179487179487177e-06,0.00976923076923077,1,-2960.0737662704432,0,0.030064007944890392,0.5,NONPOSITIVE-MODEL-MARGIN,V0.7-CONTROLLED-RESEARCH-SCREEN-NOT-DISTRIBUTION
SCR-1091,1.3179487179487177e-06,0.010076923076923077,1,-2977.531723827603,0,0.030358963384996156,0.5,NONPOSITIVE-MODEL-MARGIN,V0.7-CONTROLLED-RESEARCH-SCREEN-NOT-DISTRIBUTION
SCR-1092,1.3179487179487177e-06,0.010384615384615384,1,-2994.9427800074136,0,0.030653918825101902,0.5,NONPOSITIVE-MODEL-MARGIN,V0.7-CONTROLLED-RESEARCH-SCREEN-NOT-DISTRIBUTION
SCR-1093,1.3179487179487177e-06,0.010692307692307692,1,-3012.3072889705522,0,0.03094887426520767,0.5,NONPOSITIVE-MODEL-MARGIN,V0.7-CONTROLLED-RESEARCH-SCREEN-NOT-DISTRIBUTION
SCR-1094,1.3179487179487177e-06,0.011,1,-3029.6255995946262,0,0.03124382970531343,0.5,NONPOSITIVE-MODEL-MARGIN,V0.7-CONTROLLED-RESEARCH-SCREEN-NOT-DISTRIBUTION
SCR-1095,1.3179487179487177e-06,0.011307692307692307,1,-3046.8980555822336,0,0.03153878514541919,0.5,NONPOSITIVE-MODEL-MARGIN,V0.7-CONTROLLED-RESEARCH-SCREEN-NOT-DISTRIBUTION
SCR-1096,1.3179487179487177e-06,0.011615384615384614,1,-3064.12499556654,0,0.031833740585524954,0.5,NONPOSITIVE-MODEL-MARGIN,V0.7-CONTROLLED-RESEARCH-SCREEN-NOT-DISTRIBUTION
SCR-1097,1.3179487179487177e-06,0.011923076923076925,1,-3081.3067532144096,0,0.032128696025630704,0.5,NONPOSITIVE-MODEL-MARGIN,V0.7-CONTROLLED-RESEARCH-SCREEN-NOT-DISTRIBUTION
SCR-1098,1.3179487179487177e-06,0.012230769230769233,1,-3098.4436573271328,0,0.03242365146573647,0.5,NONPOSITIVE-MODEL-MARGIN,V0.7-CONTROLLED-RESEARCH-SCREEN-NOT-DISTRIBUTION
SCR-1099,1.3179487179487177e-06,0.01253846153846154,1,-3115.5360319387346,0,0.03271860690584223,0.5,NONPOSITIVE-MODEL-MARGIN,V0.7-CONTROLLED-RESEARCH-SCREEN-NOT-DISTRIBUTION
SCR-1100,1.3179487179487177e-06,0.012846153846153847,1,-3132.584196412047,0,0.03301356234594799,0.5,NONPOSITIVE-MODEL-MARGIN,V0.7-CONTROLLED-RESEARCH-SCREEN-NOT-DISTRIBUTION
SCR-1101,1.3179487179487177e-06,0.013153846153846155,1,-3149.5884655324367,0,0.03330851778605374,0.5,NONPOSITIVE-MODEL-MARGIN,V0.7-CONTROLLED-RESEARCH-SCREEN-NOT-DISTRIBUTION
SCR-1102,1.3179487179487177e-06,0.013461538461538462,1,-3166.5491495993683,0,0.0336034732261595,0.5,NONPOSITIVE-MODEL-MARGIN,V0.7-CONTROLLED-RESEARCH-SCREEN-NOT-DISTRIBUTION
SCR-1103,1.3179487179487177e-06,0.01376923076923077,1,-3183.4665545157895,0,0.03389842866626527,0.5,NONPOSITIVE-MODEL-MARGIN,V0.7-CONTROLLED-RESEARCH-SCREEN-NOT-DISTRIBUTION
SCR-1104,1.3179487179487177e-06,0.014076923076923077,1,-3200.340981875362,0,0.03419338410637103,0.5,NONPOSITIVE-MODEL-MARGIN,V0.7-CONTROLLED-RESEARCH-SCREEN-NOT-DISTRIBUTION
SCR-1105,1.3179487179487177e-06,0.014384615384615385,1,-3217.172729047683,0,0.03448833954647678,0.5,NONPOSITIVE-MODEL-MARGIN,V0.7-CONTROLLED-RESEARCH-SCREEN-NOT-DISTRIBUTION
SCR-1106,1.3179487179487177e-06,0.014692307692307692,1,-3233.962089261422,0,0.03478329498658255,0.5,NONPOSITIVE-MODEL-MARGIN,V0.7-CONTROLLED-RESEARCH-SCREEN-NOT-DISTRIBUTION
SCR-1107,1.3179487179487177e-06,0.015,1,-3250.7093516855234,0,0.0350782504266883,0.5,NONPOSITIVE-MODEL-MARGIN,V0.7-CONTROLLED-RESEARCH-SCREEN-NOT-DISTRIBUTION
SCR-1108,1.3666666666666666e-06,0.003,1,-2603.080901040004,0,0.024286096642526372,0.5,NONPOSITIVE-MODEL-MARGIN,V0.7-CONTROLLED-RESEARCH-SCREEN-NOT-DISTRIBUTION
SCR-1109,1.3666666666666666e-06,0.003307692307692308,1,-2625.247277598811,0,0.024580611863697463,0.5,NONPOSITIVE-MODEL-MARGIN,V0.7-CONTROLLED-RESEARCH-SCREEN-NOT-DISTRIBUTION
SCR-1110,1.3666666666666666e-06,0.0036153846153846154,1,-2643.6651981359364,0,0.024875127084868557,0.5,NONPOSITIVE-MODEL-MARGIN,V0.7-CONTROLLED-RESEARCH-SCREEN-NOT-DISTRIBUTION
SCR-1111,1.3666666666666666e-06,0.003923076923076923,1,-2662.028414372942,0,0.02516964230603965,0.5,NONPOSITIVE-MODEL-MARGIN,V0.7-CONTROLLED-RESEARCH-SCREEN-NOT-DISTRIBUTION
SCR-1112,1.3666666666666666e-06,0.004230769230769231,1,-2680.3374045947585,0,0.02546415752721074,0.5,NONPOSITIVE-MODEL-MARGIN,V0.7-CONTROLLED-RESEARCH-SCREEN-NOT-DISTRIBUTION
SCR-1113,1.3666666666666666e-06,0.004538461538461538,1,-2698.592639194381,0,0.025758672748381835,0.5,NONPOSITIVE-MODEL-MARGIN,V0.7-CONTROLLED-RESEARCH-SCREEN-NOT-DISTRIBUTION
SCR-1114,1.3666666666666666e-06,0.004846153846153846,1,-2716.794580835489,0,0.026053187969552926,0.5,NONPOSITIVE-MODEL-MARGIN,V0.7-CONTROLLED-RESEARCH-SCREEN-NOT-DISTRIBUTION
SCR-1115,1.3666666666666666e-06,0.005,1,-2725.8757093049558,0,0.026200445580138475,0.5,NONPOSITIVE-MODEL-MARGIN,V0.7-CONTROLLED-RESEARCH-SCREEN-NOT-DISTRIBUTION
SCR-1116,1.3666666666666666e-06,0.005153846153846154,1,-2734.9436846125145,0,0.026347703190724017,0.5,NONPOSITIVE-MODEL-MARGIN,V0.7-CONTROLLED-RESEARCH-SCREEN-NOT-DISTRIBUTION
SCR-1117,1.3666666666666666e-06,0.005461538461538462,1,-2753.0403982081098,0,0.02664221841189511,0.5,NONPOSITIVE-MODEL-MARGIN,V0.7-CONTROLLED-RESEARCH-SCREEN-NOT-DISTRIBUTION
SCR-1118,1.3666666666666666e-06,0.0057692307692307696,1,-2771.085162047863,0,0.026936733633066205,0.5,NONPOSITIVE-MODEL-MARGIN,V0.7-CONTROLLED-RESEARCH-SCREEN-NOT-DISTRIBUTION
SCR-1119,1.3666666666666666e-06,0.006076923076923077,1,-2789.0784094521573,0,0.027231248854237295,0.5,NONPOSITIVE-MODEL-MARGIN,V0.7-CONTROLLED-RESEARCH-SCREEN-NOT-DISTRIBUTION
SCR-1120,1.3666666666666666e-06,0.006384615384615384,1,-2807.0205667851624,0,0.02752576407540839,0.5,NONPOSITIVE-MODEL-MARGIN,V0.7-CONTROLLED-RESEARCH-SCREEN-NOT-DISTRIBUTION
SCR-1121,1.3666666666666666e-06,0.006692307692307693,1,-2824.912053600913,0,0.027820279296579483,0.5,NONPOSITIVE-MODEL-MARGIN,V0.7-CONTROLLED-RESEARCH-SCREEN-NOT-DISTRIBUTION
SCR-1122,1.3666666666666666e-06,0.007,1,-2842.7532827864466,0,0.02811479451775057,0.5,NONPOSITIVE-MODEL-MARGIN,V0.7-CONTROLLED-RESEARCH-SCREEN-NOT-DISTRIBUTION
SCR-1123,1.3666666666666666e-06,0.007307692307692308,1,-2864.0768784179777,0,0.028409309738921668,0.5,NONPOSITIVE-MODEL-MARGIN,V0.7-CONTROLLED-RESEARCH-SCREEN-NOT-DISTRIBUTION
SCR-1124,1.3666666666666666e-06,0.007615384615384616,1,-2881.8081883725017,0,0.028703824960092758,0.5,NONPOSITIVE-MODEL-MARGIN,V0.7-CONTROLLED-RESEARCH-SCREEN-NOT-DISTRIBUTION
SCR-1125,1.3666666666666666e-06,0.007923076923076923,1,-2899.4905459337206,0,0.02899834018126385,0.5,NONPOSITIVE-MODEL-MARGIN,V0.7-CONTROLLED-RESEARCH-SCREEN-NOT-DISTRIBUTION
SCR-1126,1.3666666666666666e-06,0.00823076923076923,1,-2917.1243365646883,0,0.029292855402434943,0.5,NONPOSITIVE-MODEL-MARGIN,V0.7-CONTROLLED-RESEARCH-SCREEN-NOT-DISTRIBUTION
SCR-1127,1.3666666666666666e-06,0.00853846153846154,1,-2934.709939796529,0,0.029587370623606037,0.5,NONPOSITIVE-MODEL-MARGIN,V0.7-CONTROLLED-RESEARCH-SCREEN-NOT-DISTRIBUTION
SCR-1128,1.3666666666666666e-06,0.008846153846153847,1,-2952.2477293514294,0,0.029881885844777127,0.5,NONPOSITIVE-MODEL-MARGIN,V0.7-CONTROLLED-RESEARCH-SCREEN-NOT-DISTRIBUTION
SCR-1129,1.3666666666666666e-06,0.009153846153846155,1,-2969.7380732628167,0,0.030176401065948218,0.5,NONPOSITIVE-MODEL-MARGIN,V0.7-CONTROLLED-RESEARCH-SCREEN-NOT-DISTRIBUTION
SCR-1130,1.3666666666666666e-06,0.009461538461538462,1,-2987.181333992897,0,0.03047091628711931,0.5,NONPOSITIVE-MODEL-MARGIN,V0.7-CONTROLLED-RESEARCH-SCREEN-NOT-DISTRIBUTION
SCR-1131,1.3666666666666666e-06,0.00976923076923077,1,-3004.5778685475234,0,0.030765431508290402,0.5,NONPOSITIVE-MODEL-MARGIN,V0.7-CONTROLLED-RESEARCH-SCREEN-NOT-DISTRIBUTION
SCR-1132,1.3666666666666666e-06,0.010076923076923077,1,-3021.928028588385,0,0.031059946729461496,0.5,NONPOSITIVE-MODEL-MARGIN,V0.7-CONTROLLED-RESEARCH-SCREEN-NOT-DISTRIBUTION
SCR-1133,1.3666666666666666e-06,0.010384615384615384,1,-3039.2321605426637,0,0.03135446195063259,0.5,NONPOSITIVE-MODEL-MARGIN,V0.7-CONTROLLED-RESEARCH-SCREEN-NOT-DISTRIBUTION
SCR-1134,1.3666666666666666e-06,0.010692307692307692,1,-3056.4906057101416,0,0.03164897717180368,0.5,NONPOSITIVE-MODEL-MARGIN,V0.7-CONTROLLED-RESEARCH-SCREEN-NOT-DISTRIBUTION
SCR-1135,1.3666666666666666e-06,0.011,1,-3073.703700367793,0,0.031943492392974775,0.5,NONPOSITIVE-MODEL-MARGIN,V0.7-CONTROLLED-RESEARCH-SCREEN-NOT-DISTRIBUTION
SCR-1136,1.3666666666666666e-06,0.011307692307692307,1,-3090.871775871913,0,0.032238007614145865,0.5,NONPOSITIVE-MODEL-MARGIN,V0.7-CONTROLLED-RESEARCH-SCREEN-NOT-DISTRIBUTION
SCR-1137,1.3666666666666666e-06,0.011615384615384614,1,-3107.9951587579103,0,0.03253252283531695,0.5,NONPOSITIVE-MODEL-MARGIN,V0.7-CONTROLLED-RESEARCH-SCREEN-NOT-DISTRIBUTION
SCR-1138,1.3666666666666666e-06,0.011923076923076925,1,-3125.074170837662,0,0.03282703805648805,0.5,NONPOSITIVE-MODEL-MARGIN,V0.7-CONTROLLED-RESEARCH-SCREEN-NOT-DISTRIBUTION
SCR-1139,1.3666666666666666e-06,0.012230769230769233,1,-3142.1091292946253,0,0.033121553277659144,0.5,NONPOSITIVE-MODEL-MARGIN,V0.7-CONTROLLED-RESEARCH-SCREEN-NOT-DISTRIBUTION
SCR-1140,1.3666666666666666e-06,0.01253846153846154,1,-3159.1003467766845,0,0.033416068498830234,0.5,NONPOSITIVE-MODEL-MARGIN,V0.7-CONTROLLED-RESEARCH-SCREEN-NOT-DISTRIBUTION
SCR-1141,1.3666666666666666e-06,0.012846153846153847,1,-3176.0481314867857,0,0.03371058372000133,0.5,NONPOSITIVE-MODEL-MARGIN,V0.7-CONTROLLED-RESEARCH-SCREEN-NOT-DISTRIBUTION
SCR-1142,1.3666666666666666e-06,0.013153846153846155,1,-3192.952787271403,0,0.03400509894117243,0.5,NONPOSITIVE-MODEL-MARGIN,V0.7-CONTROLLED-RESEARCH-SCREEN-NOT-DISTRIBUTION
SCR-1143,1.3666666666666666e-06,0.013461538461538462,1,-3209.814613706932,0,0.034299614162343506,0.5,NONPOSITIVE-MODEL-MARGIN,V0.7-CONTROLLED-RESEARCH-SCREEN-NOT-DISTRIBUTION
SCR-1144,1.3666666666666666e-06,0.01376923076923077,1,-3226.6339061840363,0,0.0345941293835146,0.5,NONPOSITIVE-MODEL-MARGIN,V0.7-CONTROLLED-RESEARCH-SCREEN-NOT-DISTRIBUTION
SCR-1145,1.3666666666666666e-06,0.014076923076923077,1,-3243.4109559899284,0,0.034888644604685694,0.5,NONPOSITIVE-MODEL-MARGIN,V0.7-CONTROLLED-RESEARCH-SCREEN-NOT-DISTRIBUTION
SCR-1146,1.3666666666666666e-06,0.014384615384615385,1,-3260.146050388756,0,0.03518315982585679,0.5,NONPOSITIVE-MODEL-MARGIN,V0.7-CONTROLLED-RESEARCH-SCREEN-NOT-DISTRIBUTION
SCR-1147,1.3666666666666666e-06,0.014692307692307692,1,-3276.8394727000696,0,0.03547767504702788,0.5,NONPOSITIVE-MODEL-MARGIN,V0.7-CONTROLLED-RESEARCH-SCREEN-NOT-DISTRIBUTION
SCR-1148,1.3666666666666666e-06,0.015,1,-3293.4915023753947,0,0.035772190268198965,0.5,NONPOSITIVE-MODEL-MARGIN,V0.7-CONTROLLED-RESEARCH-SCREEN-NOT-DISTRIBUTION
SCR-1149,1.4153846153846155e-06,0.003,1,-2653.626171169654,0,0.024995085537230528,0.5,NONPOSITIVE-MODEL-MARGIN,V0.7-CONTROLLED-RESEARCH-SCREEN-NOT-DISTRIBUTION
SCR-1150,1.4153846153846155e-06,0.003307692307692308,1,-2671.97107205416,0,0.025289161851556136,0.5,NONPOSITIVE-MODEL-MARGIN,V0.7-CONTROLLED-RESEARCH-SCREEN-NOT-DISTRIBUTION
SCR-1151,1.4153846153846155e-06,0.0036153846153846154,1,-2690.2619766187668,0,0.025583238165881733,0.5,NONPOSITIVE-MODEL-MARGIN,V0.7-CONTROLLED-RESEARCH-SCREEN-NOT-DISTRIBUTION
SCR-1152,1.4153846153846155e-06,0.003923076923076923,1,-2708.4993516904437,0,0.025877314480207334,0.5,NONPOSITIVE-MODEL-MARGIN,V0.7-CONTROLLED-RESEARCH-SCREEN-NOT-DISTRIBUTION
SCR-1153,1.4153846153846155e-06,0.004230769230769231,1,-2726.6836564330238,0,0.026171390794532932,0.5,NONPOSITIVE-MODEL-MARGIN,V0.7-CONTROLLED-RESEARCH-SCREEN-NOT-DISTRIBUTION
SCR-1154,1.4153846153846155e-06,0.004538461538461538,1,-2744.815342506735,0,0.026465467108858536,0.5,NONPOSITIVE-MODEL-MARGIN,V0.7-CONTROLLED-RESEARCH-SCREEN-NOT-DISTRIBUTION
SCR-1155,1.4153846153846155e-06,0.004846153846153846,1,-2762.8948542250673,0,0.026759543423184127,0.5,NONPOSITIVE-MODEL-MARGIN,V0.7-CONTROLLED-RESEARCH-SCREEN-NOT-DISTRIBUTION
SCR-1156,1.4153846153846155e-06,0.005,1,-2771.915181578001,0,0.026906581580346933,0.5,NONPOSITIVE-MODEL-MARGIN,V0.7-CONTROLLED-RESEARCH-SCREEN-NOT-DISTRIBUTION
SCR-1157,1.4153846153846155e-06,0.005153846153846154,1,-2780.9226287087213,0,0.027053619737509735,0.5,NONPOSITIVE-MODEL-MARGIN,V0.7-CONTROLLED-RESEARCH-SCREEN-NOT-DISTRIBUTION
SCR-1158,1.4153846153846155e-06,0.005461538461538462,1,-2798.8990960367296,0,0.027347696051835332,0.5,NONPOSITIVE-MODEL-MARGIN,V0.7-CONTROLLED-RESEARCH-SCREEN-NOT-DISTRIBUTION
SCR-1159,1.4153846153846155e-06,0.0057692307692307696,1,-2820.385075558003,0,0.02764177236616093,0.5,NONPOSITIVE-MODEL-MARGIN,V0.7-CONTROLLED-RESEARCH-SCREEN-NOT-DISTRIBUTION
SCR-1160,1.4153846153846155e-06,0.006076923076923077,1,-2838.2493062579074,0,0.027935848680486538,0.5,NONPOSITIVE-MODEL-MARGIN,V0.7-CONTROLLED-RESEARCH-SCREEN-NOT-DISTRIBUTION
SCR-1161,1.4153846153846155e-06,0.006384615384615384,1,-2856.0635899846748,0,0.028229924994812132,0.5,NONPOSITIVE-MODEL-MARGIN,V0.7-CONTROLLED-RESEARCH-SCREEN-NOT-DISTRIBUTION
SCR-1162,1.4153846153846155e-06,0.006692307692307693,1,-2873.8283278050976,0,0.028524001309137733,0.5,NONPOSITIVE-MODEL-MARGIN,V0.7-CONTROLLED-RESEARCH-SCREEN-NOT-DISTRIBUTION
SCR-1163,1.4153846153846155e-06,0.007,1,-2891.543914525787,0,0.028818077623463334,0.5,NONPOSITIVE-MODEL-MARGIN,V0.7-CONTROLLED-RESEARCH-SCREEN-NOT-DISTRIBUTION
SCR-1164,1.4153846153846155e-06,0.007307692307692308,1,-2909.2107388235013,0,0.02911215393778893,0.5,NONPOSITIVE-MODEL-MARGIN,V0.7-CONTROLLED-RESEARCH-SCREEN-NOT-DISTRIBUTION
SCR-1165,1.4153846153846155e-06,0.007615384615384616,1,-2926.829183372654,0,0.029406230252114533,0.5,NONPOSITIVE-MODEL-MARGIN,V0.7-CONTROLLED-RESEARCH-SCREEN-NOT-DISTRIBUTION
SCR-1166,1.4153846153846155e-06,0.007923076923076923,1,-2944.3996249700162,0,0.029700306566440137,0.5,NONPOSITIVE-MODEL-MARGIN,V0.7-CONTROLLED-RESEARCH-SCREEN-NOT-DISTRIBUTION
SCR-1167,1.4153846153846155e-06,0.00823076923076923,1,-2961.922434656701,0,0.029994382880765735,0.5,NONPOSITIVE-MODEL-MARGIN,V0.7-CONTROLLED-RESEARCH-SCREEN-NOT-DISTRIBUTION
SCR-1168,1.4153846153846155e-06,0.00853846153846154,1,-2979.3979778373373,0,0.030288459195091343,0.5,NONPOSITIVE-MODEL-MARGIN,V0.7-CONTROLLED-RESEARCH-SCREEN-NOT-DISTRIBUTION
SCR-1169,1.4153846153846155e-06,0.008846153846153847,1,-2996.8266143966143,0,0.03058253550941694,0.5,NONPOSITIVE-MODEL-MARGIN,V0.7-CONTROLLED-RESEARCH-SCREEN-NOT-DISTRIBUTION
SCR-1170,1.4153846153846155e-06,0.009153846153846155,1,-3014.20869881309,0,0.030876611823742548,0.5,NONPOSITIVE-MODEL-MARGIN,V0.7-CONTROLLED-RESEARCH-SCREEN-NOT-DISTRIBUTION
SCR-1171,1.4153846153846155e-06,0.009461538461538462,1,-3031.5445802704394,0,0.03117068813806814,0.5,NONPOSITIVE-MODEL-MARGIN,V0.7-CONTROLLED-RESEARCH-SCREEN-NOT-DISTRIBUTION
SCR-1172,1.4153846153846155e-06,0.00976923076923077,1,-3048.834602766067,0,0.03146476445239374,0.5,NONPOSITIVE-MODEL-MARGIN,V0.7-CONTROLLED-RESEARCH-SCREEN-NOT-DISTRIBUTION
SCR-1173,1.4153846153846155e-06,0.010076923076923077,1,-3066.0791052172103,0,0.03175884076671934,0.5,NONPOSITIVE-MODEL-MARGIN,V0.7-CONTROLLED-RESEARCH-SCREEN-NOT-DISTRIBUTION
SCR-1174,1.4153846153846155e-06,0.010384615384615384,1,-3083.278421564592,0,0.032052917081044935,0.5,NONPOSITIVE-MODEL-MARGIN,V0.7-CONTROLLED-RESEARCH-SCREEN-NOT-DISTRIBUTION
SCR-1175,1.4153846153846155e-06,0.010692307692307692,1,-3100.4328808735363,0,0.032346993395370546,0.5,NONPOSITIVE-MODEL-MARGIN,V0.7-CONTROLLED-RESEARCH-SCREEN-NOT-DISTRIBUTION
SCR-1176,1.4153846153846155e-06,0.011,1,-3117.5428074327942,0,0.03264106970969614,0.5,NONPOSITIVE-MODEL-MARGIN,V0.7-CONTROLLED-RESEARCH-SCREEN-NOT-DISTRIBUTION
SCR-1177,1.4153846153846155e-06,0.011307692307692307,1,-3134.608520850995,0,0.032935146024021734,0.5,NONPOSITIVE-MODEL-MARGIN,V0.7-CONTROLLED-RESEARCH-SCREEN-NOT-DISTRIBUTION
SCR-1178,1.4153846153846155e-06,0.011615384615384614,1,-3151.630336150768,0,0.03322922233834734,0.5,NONPOSITIVE-MODEL-MARGIN,V0.7-CONTROLLED-RESEARCH-SCREEN-NOT-DISTRIBUTION
SCR-1179,1.4153846153846155e-06,0.011923076923076925,1,-3168.608563860705,0,0.03352329865267294,0.5,NONPOSITIVE-MODEL-MARGIN,V0.7-CONTROLLED-RESEARCH-SCREEN-NOT-DISTRIBUTION
SCR-1180,1.4153846153846155e-06,0.012230769230769233,1,-3185.543510105051,0,0.03381737496699855,0.5,NONPOSITIVE-MODEL-MARGIN,V0.7-CONTROLLED-RESEARCH-SCREEN-NOT-DISTRIBUTION
SCR-1181,1.4153846153846155e-06,0.01253846153846154,1,-3202.435476691333,0,0.034111451281324146,0.5,NONPOSITIVE-MODEL-MARGIN,V0.7-CONTROLLED-RESEARCH-SCREEN-NOT-DISTRIBUTION
SCR-1182,1.4153846153846155e-06,0.012846153846153847,1,-3219.2847611958346,0,0.03440552759564974,0.5,NONPOSITIVE-MODEL-MARGIN,V0.7-CONTROLLED-RESEARCH-SCREEN-NOT-DISTRIBUTION
SCR-1183,1.4153846153846155e-06,0.013153846153846155,1,-3236.0916570470945,0,0.03469960390997535,0.5,NONPOSITIVE-MODEL-MARGIN,V0.7-CONTROLLED-RESEARCH-SCREEN-NOT-DISTRIBUTION
SCR-1184,1.4153846153846155e-06,0.013461538461538462,1,-3252.8564536073686,0,0.03499368022430095,0.5,NONPOSITIVE-MODEL-MARGIN,V0.7-CONTROLLED-RESEARCH-SCREEN-NOT-DISTRIBUTION
SCR-1185,1.4153846153846155e-06,0.01376923076923077,1,-3269.5794362521674,0,0.035287756538626536,0.5,NONPOSITIVE-MODEL-MARGIN,V0.7-CONTROLLED-RESEARCH-SCREEN-NOT-DISTRIBUTION
SCR-1186,1.4153846153846155e-06,0.014076923076923077,1,-3286.2608864479103,0,0.035581832852952154,0.5,NONPOSITIVE-MODEL-MARGIN,V0.7-CONTROLLED-RESEARCH-SCREEN-NOT-DISTRIBUTION
SCR-1187,1.4153846153846155e-06,0.014384615384615385,1,-3302.901081827739,0,0.035875909167277745,0.5,NONPOSITIVE-MODEL-MARGIN,V0.7-CONTROLLED-RESEARCH-SCREEN-NOT-DISTRIBUTION
SCR-1188,1.4153846153846155e-06,0.014692307692307692,1,-3319.500296265494,0,0.03616998548160335,0.5,NONPOSITIVE-MODEL-MARGIN,V0.7-CONTROLLED-RESEARCH-SCREEN-NOT-DISTRIBUTION
SCR-1189,1.4153846153846155e-06,0.015,1,-3336.058799947984,0,0.03646406179592895,0.5,NONPOSITIVE-MODEL-MARGIN,V0.7-CONTROLLED-RESEARCH-SCREEN-NOT-DISTRIBUTION
SCR-1190,1.464102564102564e-06,0.003,1,-2700.1808061944703,0,0.025701964408380285,0.5,NONPOSITIVE-MODEL-MARGIN,V0.7-CONTROLLED-RESEARCH-SCREEN-NOT-DISTRIBUTION
SCR-1191,1.464102564102564e-06,0.003307692307692308,1,-2718.400416396426,0,0.025995603122092148,0.5,NONPOSITIVE-MODEL-MARGIN,V0.7-CONTROLLED-RESEARCH-SCREEN-NOT-DISTRIBUTION
SCR-1192,1.464102564102564e-06,0.0036153846153846154,1,-2736.567177340004,0,0.026289241835804018,0.5,NONPOSITIVE-MODEL-MARGIN,V0.7-CONTROLLED-RESEARCH-SCREEN-NOT-DISTRIBUTION
SCR-1193,1.464102564102564e-06,0.003923076923076923,1,-2754.6815372763776,0,0.02658288054951588,0.5,NONPOSITIVE-MODEL-MARGIN,V0.7-CONTROLLED-RESEARCH-SCREEN-NOT-DISTRIBUTION
SCR-1194,1.464102564102564e-06,0.004230769230769231,1,-2776.3331951408027,0,0.026876519263227754,0.5,NONPOSITIVE-MODEL-MARGIN,V0.7-CONTROLLED-RESEARCH-SCREEN-NOT-DISTRIBUTION
SCR-1195,1.464102564102564e-06,0.004538461538461538,1,-2794.332900826259,0,0.027170157976939613,0.5,NONPOSITIVE-MODEL-MARGIN,V0.7-CONTROLLED-RESEARCH-SCREEN-NOT-DISTRIBUTION
SCR-1196,1.464102564102564e-06,0.004846153846153846,1,-2812.281623893306,0,0.027463796690651483,0.5,NONPOSITIVE-MODEL-MARGIN,V0.7-CONTROLLED-RESEARCH-SCREEN-NOT-DISTRIBUTION
SCR-1197,1.464102564102564e-06,0.005,1,-2821.2369976881787,0,0.027610616047507412,0.5,NONPOSITIVE-MODEL-MARGIN,V0.7-CONTROLLED-RESEARCH-SCREEN-NOT-DISTRIBUTION
SCR-1198,1.464102564102564e-06,0.005153846153846154,1,-2830.1797818890855,0,0.02775743540436335,0.5,NONPOSITIVE-MODEL-MARGIN,V0.7-CONTROLLED-RESEARCH-SCREEN-NOT-DISTRIBUTION
SCR-1199,1.464102564102564e-06,0.005461538461538462,1,-2848.0277857523834,0,0.028051074118075208,0.5,NONPOSITIVE-MODEL-MARGIN,V0.7-CONTROLLED-RESEARCH-SCREEN-NOT-DISTRIBUTION
SCR-1200,1.464102564102564e-06,0.0057692307692307696,1,-2865.8260399515407,0,0.02834471283178708,0.5,NONPOSITIVE-MODEL-MARGIN,V0.7-CONTROLLED-RESEARCH-SCREEN-NOT-DISTRIBUTION
SCR-1201,1.464102564102564e-06,0.006076923076923077,1,-2883.5749426195107,0,0.028638351545498944,0.5,NONPOSITIVE-MODEL-MARGIN,V0.7-CONTROLLED-RESEARCH-SCREEN-NOT-DISTRIBUTION
SCR-1202,1.464102564102564e-06,0.006384615384615384,1,-2901.2748856860485,0,0.028931990259210803,0.5,NONPOSITIVE-MODEL-MARGIN,V0.7-CONTROLLED-RESEARCH-SCREEN-NOT-DISTRIBUTION
SCR-1203,1.464102564102564e-06,0.006692307692307693,1,-2918.92625500705,0,0.029225628972922683,0.5,NONPOSITIVE-MODEL-MARGIN,V0.7-CONTROLLED-RESEARCH-SCREEN-NOT-DISTRIBUTION
SCR-1204,1.464102564102564e-06,0.007,1,-2936.5294304910676,0,0.02951926768663454,0.5,NONPOSITIVE-MODEL-MARGIN,V0.7-CONTROLLED-RESEARCH-SCREEN-NOT-DISTRIBUTION
SCR-1205,1.464102564102564e-06,0.007307692307692308,1,-2954.0847862230335,0,0.02981290640034641,0.5,NONPOSITIVE-MODEL-MARGIN,V0.7-CONTROLLED-RESEARCH-SCREEN-NOT-DISTRIBUTION
SCR-1206,1.464102564102564e-06,0.007615384615384616,1,-2971.592690585188,0,0.03010654511405828,0.5,NONPOSITIVE-MODEL-MARGIN,V0.7-CONTROLLED-RESEARCH-SCREEN-NOT-DISTRIBUTION
SCR-1207,1.464102564102564e-06,0.007923076923076923,1,-2989.0535063752686,0,0.03040018382777014,0.5,NONPOSITIVE-MODEL-MARGIN,V0.7-CONTROLLED-RESEARCH-SCREEN-NOT-DISTRIBUTION
SCR-1208,1.464102564102564e-06,0.00823076923076923,1,-3006.467590921984,0,0.030693822541482004,0.5,NONPOSITIVE-MODEL-MARGIN,V0.7-CONTROLLED-RESEARCH-SCREEN-NOT-DISTRIBUTION
SCR-1209,1.464102564102564e-06,0.00853846153846154,1,-3023.8352961978667,0,0.030987461255193877,0.5,NONPOSITIVE-MODEL-MARGIN,V0.7-CONTROLLED-RESEARCH-SCREEN-NOT-DISTRIBUTION
SCR-1210,1.464102564102564e-06,0.008846153846153847,1,-3041.1569689294406,0,0.03128109996890573,0.5,NONPOSITIVE-MODEL-MARGIN,V0.7-CONTROLLED-RESEARCH-SCREEN-NOT-DISTRIBUTION
SCR-1211,1.464102564102564e-06,0.009153846153846155,1,-3058.4329507048756,0,0.031574738682617606,0.5,NONPOSITIVE-MODEL-MARGIN,V0.7-CONTROLLED-RESEARCH-SCREEN-NOT-DISTRIBUTION
SCR-1212,1.464102564102564e-06,0.009461538461538462,1,-3075.66357807909,0,0.03186837739632947,0.5,NONPOSITIVE-MODEL-MARGIN,V0.7-CONTROLLED-RESEARCH-SCREEN-NOT-DISTRIBUTION
SCR-1213,1.464102564102564e-06,0.00976923076923077,1,-3092.849182676371,0,0.03216201611004134,0.5,NONPOSITIVE-MODEL-MARGIN,V0.7-CONTROLLED-RESEARCH-SCREEN-NOT-DISTRIBUTION
SCR-1214,1.464102564102564e-06,0.010076923076923077,1,-3109.990091290565,0,0.0324556548237532,0.5,NONPOSITIVE-MODEL-MARGIN,V0.7-CONTROLLED-RESEARCH-SCREEN-NOT-DISTRIBUTION
SCR-1215,1.464102564102564e-06,0.010384615384615384,1,-3127.0866259829277,0,0.03274929353746507,0.5,NONPOSITIVE-MODEL-MARGIN,V0.7-CONTROLLED-RESEARCH-SCREEN-NOT-DISTRIBUTION
SCR-1216,1.464102564102564e-06,0.010692307692307692,1,-3144.1391041775887,0,0.033042932251176944,0.5,NONPOSITIVE-MODEL-MARGIN,V0.7-CONTROLLED-RESEARCH-SCREEN-NOT-DISTRIBUTION
SCR-1217,1.464102564102564e-06,0.011,1,-3161.147838754787,0,0.033336570964888804,0.5,NONPOSITIVE-MODEL-MARGIN,V0.7-CONTROLLED-RESEARCH-SCREEN-NOT-DISTRIBUTION
SCR-1218,1.464102564102564e-06,0.011307692307692307,1,-3178.1131381418904,0,0.03363020967860066,0.5,NONPOSITIVE-MODEL-MARGIN,V0.7-CONTROLLED-RESEARCH-SCREEN-NOT-DISTRIBUTION
SCR-1219,1.464102564102564e-06,0.011615384615384614,1,-3195.035306402187,0,0.033923848392312536,0.5,NONPOSITIVE-MODEL-MARGIN,V0.7-CONTROLLED-RESEARCH-SCREEN-NOT-DISTRIBUTION
SCR-1220,1.464102564102564e-06,0.011923076923076925,1,-3211.914643321627,0,0.0342174871060244,0.5,NONPOSITIVE-MODEL-MARGIN,V0.7-CONTROLLED-RESEARCH-SCREEN-NOT-DISTRIBUTION
SCR-1221,1.464102564102564e-06,0.012230769230769233,1,-3228.7514444934295,0,0.034511125819736276,0.5,NONPOSITIVE-MODEL-MARGIN,V0.7-CONTROLLED-RESEARCH-SCREEN-NOT-DISTRIBUTION
SCR-1222,1.464102564102564e-06,0.01253846153846154,1,-3245.546001400702,0,0.034804764533448135,0.5,NONPOSITIVE-MODEL-MARGIN,V0.7-CONTROLLED-RESEARCH-SCREEN-NOT-DISTRIBUTION
SCR-1223,1.464102564102564e-06,0.012846153846153847,1,-3262.2986014971125,0,0.035098403247159994,0.5,NONPOSITIVE-MODEL-MARGIN,V0.7-CONTROLLED-RESEARCH-SCREEN-NOT-DISTRIBUTION
SCR-1224,1.464102564102564e-06,0.013153846153846155,1,-3279.0095282855655,0,0.03539204196087187,0.5,NONPOSITIVE-MODEL-MARGIN,V0.7-CONTROLLED-RESEARCH-SCREEN-NOT-DISTRIBUTION
SCR-1225,1.464102564102564e-06,0.013461538461538462,1,-3295.6790613950807,0,0.03568568067458373,0.5,NONPOSITIVE-MODEL-MARGIN,V0.7-CONTROLLED-RESEARCH-SCREEN-NOT-DISTRIBUTION
SCR-1226,1.464102564102564e-06,0.01376923076923077,1,-3312.3074766558007,0,0.03597931938829559,0.5,NONPOSITIVE-MODEL-MARGIN,V0.7-CONTROLLED-RESEARCH-SCREEN-NOT-DISTRIBUTION
SCR-1227,1.464102564102564e-06,0.014076923076923077,1,-3328.895046172214,0,0.036272958102007466,0.5,NONPOSITIVE-MODEL-MARGIN,V0.7-CONTROLLED-RESEARCH-SCREEN-NOT-DISTRIBUTION
SCR-1228,1.464102564102564e-06,0.014384615384615385,1,-3345.4420383946613,0,0.036566596815719325,0.5,NONPOSITIVE-MODEL-MARGIN,V0.7-CONTROLLED-RESEARCH-SCREEN-NOT-DISTRIBUTION
SCR-1229,1.464102564102564e-06,0.014692307692307692,1,-3361.948718189147,0,0.03686023552943119,0.5,NONPOSITIVE-MODEL-MARGIN,V0.7-CONTROLLED-RESEARCH-SCREEN-NOT-DISTRIBUTION
SCR-1230,1.464102564102564e-06,0.015,1,-3378.415346905496,0,0.037153874243143065,0.5,NONPOSITIVE-MODEL-MARGIN,V0.7-CONTROLLED-RESEARCH-SCREEN-NOT-DISTRIBUTION
SCR-1231,1.5128205128205128e-06,0.003,1,-2750.0525522633584,0,0.026406742661442786,0.5,NONPOSITIVE-MODEL-MARGIN,V0.7-CONTROLLED-RESEARCH-SCREEN-NOT-DISTRIBUTION
SCR-1232,1.5128205128205128e-06,0.003307692307692308,1,-2768.1383336709837,0,0.02669994507495005,0.5,NONPOSITIVE-MODEL-MARGIN,V0.7-CONTROLLED-RESEARCH-SCREEN-NOT-DISTRIBUTION
SCR-1233,1.5128205128205128e-06,0.0036153846153846154,1,-2786.1724883662,0,0.026993147488457308,0.5,NONPOSITIVE-MODEL-MARGIN,V0.7-CONTROLLED-RESEARCH-SCREEN-NOT-DISTRIBUTION
SCR-1234,1.5128205128205128e-06,0.003923076923076923,1,-2804.1554443297437,0,0.02728634990196457,0.5,NONPOSITIVE-MODEL-MARGIN,V0.7-CONTROLLED-RESEARCH-SCREEN-NOT-DISTRIBUTION
SCR-1235,1.5128205128205128e-06,0.004230769230769231,1,-2822.0876227109948,0,0.027579552315471826,0.5,NONPOSITIVE-MODEL-MARGIN,V0.7-CONTROLLED-RESEARCH-SCREEN-NOT-DISTRIBUTION
SCR-1236,1.5128205128205128e-06,0.004538461538461538,1,-2839.9694379707585,0,0.02787275472897909,0.5,NONPOSITIVE-MODEL-MARGIN,V0.7-CONTROLLED-RESEARCH-SCREEN-NOT-DISTRIBUTION
SCR-1237,1.5128205128205128e-06,0.004846153846153846,1,-2857.801298021082,0,0.028165957142486348,0.5,NONPOSITIVE-MODEL-MARGIN,V0.7-CONTROLLED-RESEARCH-SCREEN-NOT-DISTRIBUTION
SCR-1238,1.5128205128205128e-06,0.005,1,-2866.698620558332,0,0.028312558349239975,0.5,NONPOSITIVE-MODEL-MARGIN,V0.7-CONTROLLED-RESEARCH-SCREEN-NOT-DISTRIBUTION
SCR-1239,1.5128205128205128e-06,0.005153846153846154,1,-2875.583604362292,0,0.028459159555993603,0.5,NONPOSITIVE-MODEL-MARGIN,V0.7-CONTROLLED-RESEARCH-SCREEN-NOT-DISTRIBUTION
SCR-1240,1.5128205128205128e-06,0.005461538461538462,1,-2893.316752217033,0,0.028752361969500873,0.5,NONPOSITIVE-MODEL-MARGIN,V0.7-CONTROLLED-RESEARCH-SCREEN-NOT-DISTRIBUTION
SCR-1241,1.5128205128205128e-06,0.0057692307692307696,1,-2911.001130661519,0,0.029045564383008128,0.5,NONPOSITIVE-MODEL-MARGIN,V0.7-CONTROLLED-RESEARCH-SCREEN-NOT-DISTRIBUTION
SCR-1242,1.5128205128205128e-06,0.006076923076923077,1,-2928.637122753844,0,0.02933876679651538,0.5,NONPOSITIVE-MODEL-MARGIN,V0.7-CONTROLLED-RESEARCH-SCREEN-NOT-DISTRIBUTION
SCR-1243,1.5128205128205128e-06,0.006384615384615384,1,-2946.225105659486,0,0.029631969210022646,0.5,NONPOSITIVE-MODEL-MARGIN,V0.7-CONTROLLED-RESEARCH-SCREEN-NOT-DISTRIBUTION
SCR-1244,1.5128205128205128e-06,0.006692307692307693,1,-2963.765450774014,0,0.029925171623529916,0.5,NONPOSITIVE-MODEL-MARGIN,V0.7-CONTROLLED-RESEARCH-SCREEN-NOT-DISTRIBUTION
SCR-1245,1.5128205128205128e-06,0.007,1,-2981.258523842944,0,0.030218374037037168,0.5,NONPOSITIVE-MODEL-MARGIN,V0.7-CONTROLLED-RESEARCH-SCREEN-NOT-DISTRIBUTION
SCR-1246,1.5128205128205128e-06,0.007307692307692308,1,-2998.70468507895,0,0.030511576450544423,0.5,NONPOSITIVE-MODEL-MARGIN,V0.7-CONTROLLED-RESEARCH-SCREEN-NOT-DISTRIBUTION
SCR-1247,1.5128205128205128e-06,0.007615384615384616,1,-3016.104289276293,0,0.030804778864051693,0.5,NONPOSITIVE-MODEL-MARGIN,V0.7-CONTROLLED-RESEARCH-SCREEN-NOT-DISTRIBUTION
SCR-1248,1.5128205128205128e-06,0.007923076923076923,1,-3033.457685922587,0,0.03109798127755895,0.5,NONPOSITIVE-MODEL-MARGIN,V0.7-CONTROLLED-RESEARCH-SCREEN-NOT-DISTRIBUTION
SCR-1249,1.5128205128205128e-06,0.00823076923076923,1,-3050.7652193080553,0,0.031391183691066214,0.5,NONPOSITIVE-MODEL-MARGIN,V0.7-CONTROLLED-RESEARCH-SCREEN-NOT-DISTRIBUTION
SCR-1250,1.5128205128205128e-06,0.00853846153846154,1,-3068.027228632075,0,0.03168438610457347,0.5,NONPOSITIVE-MODEL-MARGIN,V0.7-CONTROLLED-RESEARCH-SCREEN-NOT-DISTRIBUTION
SCR-1251,1.5128205128205128e-06,0.008846153846153847,1,-3085.2440481073345,0,0.03197758851808073,0.5,NONPOSITIVE-MODEL-MARGIN,V0.7-CONTROLLED-RESEARCH-SCREEN-NOT-DISTRIBUTION
SCR-1252,1.5128205128205128e-06,0.009153846153846155,1,-3102.416007061444,0,0.03227079093158799,0.5,NONPOSITIVE-MODEL-MARGIN,V0.7-CONTROLLED-RESEARCH-SCREEN-NOT-DISTRIBUTION
SCR-1253,1.5128205128205128e-06,0.009461538461538462,1,-3119.5434300361503,0,0.03256399334509524,0.5,NONPOSITIVE-MODEL-MARGIN,V0.7-CONTROLLED-RESEARCH-SCREEN-NOT-DISTRIBUTION
SCR-1254,1.5128205128205128e-06,0.00976923076923077,1,-3136.626636884214,0,0.03285719575860251,0.5,NONPOSITIVE-MODEL-MARGIN,V0.7-CONTROLLED-RESEARCH-SCREEN-NOT-DISTRIBUTION
SCR-1255,1.5128205128205128e-06,0.010076923076923077,1,-3153.665942863961,0,0.03315039817210977,0.5,NONPOSITIVE-MODEL-MARGIN,V0.7-CONTROLLED-RESEARCH-SCREEN-NOT-DISTRIBUTION
SCR-1256,1.5128205128205128e-06,0.010384615384615384,1,-3170.6616587315466,0,0.03344360058561703,0.5,NONPOSITIVE-MODEL-MARGIN,V0.7-CONTROLLED-RESEARCH-SCREEN-NOT-DISTRIBUTION
SCR-1257,1.5128205128205128e-06,0.010692307692307692,1,-3187.614090831073,0,0.03373680299912429,0.5,NONPOSITIVE-MODEL-MARGIN,V0.7-CONTROLLED-RESEARCH-SCREEN-NOT-DISTRIBUTION
SCR-1258,1.5128205128205128e-06,0.011,1,-3204.5235411824774,0,0.03403000541263154,0.5,NONPOSITIVE-MODEL-MARGIN,V0.7-CONTROLLED-RESEARCH-SCREEN-NOT-DISTRIBUTION
SCR-1259,1.5128205128205128e-06,0.011307692307692307,1,-3221.390307567399,0,0.03432320782613881,0.5,NONPOSITIVE-MODEL-MARGIN,V0.7-CONTROLLED-RESEARCH-SCREEN-NOT-DISTRIBUTION
SCR-1260,1.5128205128205128e-06,0.011615384615384614,1,-3238.214683612898,0,0.03461641023964606,0.5,NONPOSITIVE-MODEL-MARGIN,V0.7-CONTROLLED-RESEARCH-SCREEN-NOT-DISTRIBUTION
SCR-1261,1.5128205128205128e-06,0.011923076923076925,1,-3254.996958873259,0,0.03490961265315332,0.5,NONPOSITIVE-MODEL-MARGIN,V0.7-CONTROLLED-RESEARCH-SCREEN-NOT-DISTRIBUTION
SCR-1262,1.5128205128205128e-06,0.012230769230769233,1,-3271.737418909794,0,0.03520281506666059,0.5,NONPOSITIVE-MODEL-MARGIN,V0.7-CONTROLLED-RESEARCH-SCREEN-NOT-DISTRIBUTION
SCR-1263,1.5128205128205128e-06,0.01253846153846154,1,-3288.4363453687242,0,0.03549601748016785,0.5,NONPOSITIVE-MODEL-MARGIN,V0.7-CONTROLLED-RESEARCH-SCREEN-NOT-DISTRIBUTION
SCR-1264,1.5128205128205128e-06,0.012846153846153847,1,-3305.0940160572654,0,0.03578921989367511,0.5,NONPOSITIVE-MODEL-MARGIN,V0.7-CONTROLLED-RESEARCH-SCREEN-NOT-DISTRIBUTION
SCR-1265,1.5128205128205128e-06,0.013153846153846155,1,-3321.7107050178215,0,0.03608242230718236,0.5,NONPOSITIVE-MODEL-MARGIN,V0.7-CONTROLLED-RESEARCH-SCREEN-NOT-DISTRIBUTION
SCR-1266,1.5128205128205128e-06,0.013461538461538462,1,-3338.2866826004947,0,0.03637562472068962,0.5,NONPOSITIVE-MODEL-MARGIN,V0.7-CONTROLLED-RESEARCH-SCREEN-NOT-DISTRIBUTION
SCR-1267,1.5128205128205128e-06,0.01376923076923077,1,-3354.822215533827,0,0.036668827134196884,0.5,NONPOSITIVE-MODEL-MARGIN,V0.7-CONTROLLED-RESEARCH-SCREEN-NOT-DISTRIBUTION
SCR-1268,1.5128205128205128e-06,0.014076923076923077,1,-3371.317566993839,0,0.036962029547704146,0.5,NONPOSITIVE-MODEL-MARGIN,V0.7-CONTROLLED-RESEARCH-SCREEN-NOT-DISTRIBUTION
SCR-1269,1.5128205128205128e-06,0.014384615384615385,1,-3387.772996671538,0,0.03725523196121141,0.5,NONPOSITIVE-MODEL-MARGIN,V0.7-CONTROLLED-RESEARCH-SCREEN-NOT-DISTRIBUTION
SCR-1270,1.5128205128205128e-06,0.014692307692307692,1,-3404.188760838738,0,0.03754843437471866,0.5,NONPOSITIVE-MODEL-MARGIN,V0.7-CONTROLLED-RESEARCH-SCREEN-NOT-DISTRIBUTION
SCR-1271,1.5128205128205128e-06,0.015,1,-3420.5651124123547,0,0.03784163678822593,0.5,NONPOSITIVE-MODEL-MARGIN,V0.7-CONTROLLED-RESEARCH-SCREEN-NOT-DISTRIBUTION
SCR-1272,1.5615384615384617e-06,0.003,1,-2796.0065065170975,0,0.027109429646069563,0.5,NONPOSITIVE-MODEL-MARGIN,V0.7-CONTROLLED-RESEARCH-SCREEN-NOT-DISTRIBUTION
SCR-1273,1.5615384615384617e-06,0.003307692307692308,1,-2813.972799389927,0,0.027402197053993303,0.5,NONPOSITIVE-MODEL-MARGIN,V0.7-CONTROLLED-RESEARCH-SCREEN-NOT-DISTRIBUTION
SCR-1274,1.5615384615384617e-06,0.0036153846153846154,1,-2831.8885182994404,0,0.02769496446191703,0.5,NONPOSITIVE-MODEL-MARGIN,V0.7-CONTROLLED-RESEARCH-SCREEN-NOT-DISTRIBUTION
SCR-1275,1.5615384615384617e-06,0.003923076923076923,1,-2849.7540746442637,0,0.02798773186984076,0.5,NONPOSITIVE-MODEL-MARGIN,V0.7-CONTROLLED-RESEARCH-SCREEN-NOT-DISTRIBUTION
SCR-1276,1.5615384615384617e-06,0.004230769230769231,1,-2867.569873333765,0,0.028280499277764496,0.5,NONPOSITIVE-MODEL-MARGIN,V0.7-CONTROLLED-RESEARCH-SCREEN-NOT-DISTRIBUTION
SCR-1277,1.5615384615384617e-06,0.004538461538461538,1,-2885.3363129240515,0,0.028573266685688225,0.5,NONPOSITIVE-MODEL-MARGIN,V0.7-CONTROLLED-RESEARCH-SCREEN-NOT-DISTRIBUTION
SCR-1278,1.5615384615384617e-06,0.004846153846153846,1,-2903.053785751061,0,0.028866034093611957,0.5,NONPOSITIVE-MODEL-MARGIN,V0.7-CONTROLLED-RESEARCH-SCREEN-NOT-DISTRIBUTION
SCR-1279,1.5615384615384617e-06,0.005,1,-2911.894280564603,0,0.02901241779757382,0.5,NONPOSITIVE-MODEL-MARGIN,V0.7-CONTROLLED-RESEARCH-SCREEN-NOT-DISTRIBUTION
SCR-1280,1.5615384615384617e-06,0.005153846153846154,1,-2920.7226780607907,0,0.02915880150153569,0.5,NONPOSITIVE-MODEL-MARGIN,V0.7-CONTROLLED-RESEARCH-SCREEN-NOT-DISTRIBUTION
SCR-1281,1.5615384615384617e-06,0.005461538461538462,1,-2938.3433701365784,0,0.02945156890945943,0.5,NONPOSITIVE-MODEL-MARGIN,V0.7-CONTROLLED-RESEARCH-SCREEN-NOT-DISTRIBUTION
SCR-1282,1.5615384615384617e-06,0.0057692307692307696,1,-2955.9162364235726,0,0.029744336317383158,0.5,NONPOSITIVE-MODEL-MARGIN,V0.7-CONTROLLED-RESEARCH-SCREEN-NOT-DISTRIBUTION
SCR-1283,1.5615384615384617e-06,0.006076923076923077,1,-2973.4416456504023,0,0.030037103725306886,0.5,NONPOSITIVE-MODEL-MARGIN,V0.7-CONTROLLED-RESEARCH-SCREEN-NOT-DISTRIBUTION
SCR-1284,1.5615384615384617e-06,0.006384615384615384,1,-2990.9199609479874,0,0.030329871133230626,0.5,NONPOSITIVE-MODEL-MARGIN,V0.7-CONTROLLED-RESEARCH-SCREEN-NOT-DISTRIBUTION
SCR-1285,1.5615384615384617e-06,0.006692307692307693,1,-3008.351539965703,0,0.03062263854115435,0.5,NONPOSITIVE-MODEL-MARGIN,V0.7-CONTROLLED-RESEARCH-SCREEN-NOT-DISTRIBUTION
SCR-1286,1.5615384615384617e-06,0.007,1,-3025.736734984757,0,0.03091540594907808,0.5,NONPOSITIVE-MODEL-MARGIN,V0.7-CONTROLLED-RESEARCH-SCREEN-NOT-DISTRIBUTION
SCR-1287,1.5615384615384617e-06,0.007307692307692308,1,-3043.0758930289676,0,0.03120817335700182,0.5,NONPOSITIVE-MODEL-MARGIN,V0.7-CONTROLLED-RESEARCH-SCREEN-NOT-DISTRIBUTION
SCR-1288,1.5615384615384617e-06,0.007615384615384616,1,-3060.3693559729363,0,0.031500940764925545,0.5,NONPOSITIVE-MODEL-MARGIN,V0.7-CONTROLLED-RESEARCH-SCREEN-NOT-DISTRIBUTION
SCR-1289,1.5615384615384617e-06,0.007923076923076923,1,-3077.617460647638,0,0.03179370817284928,0.5,NONPOSITIVE-MODEL-MARGIN,V0.7-CONTROLLED-RESEARCH-SCREEN-NOT-DISTRIBUTION
SCR-1290,1.5615384615384617e-06,0.00823076923076923,1,-3094.820538943504,0,0.03208647558077301,0.5,NONPOSITIVE-MODEL-MARGIN,V0.7-CONTROLLED-RESEARCH-SCREEN-NOT-DISTRIBUTION
SCR-1291,1.5615384615384617e-06,0.00853846153846154,1,-3111.9789179111085,0,0.03237924298869674,0.5,NONPOSITIVE-MODEL-MARGIN,V0.7-CONTROLLED-RESEARCH-SCREEN-NOT-DISTRIBUTION
SCR-1292,1.5615384615384617e-06,0.008846153846153847,1,-3129.092919859374,0,0.032672010396620474,0.5,NONPOSITIVE-MODEL-MARGIN,V0.7-CONTROLLED-RESEARCH-SCREEN-NOT-DISTRIBUTION
SCR-1293,1.5615384615384617e-06,0.009153846153846155,1,-3146.1628624514833,0,0.0329647778045442,0.5,NONPOSITIVE-MODEL-MARGIN,V0.7-CONTROLLED-RESEARCH-SCREEN-NOT-DISTRIBUTION
SCR-1294,1.5615384615384617e-06,0.009461538461538462,1,-3163.1890587985026,0,0.03325754521246794,0.5,NONPOSITIVE-MODEL-MARGIN,V0.7-CONTROLLED-RESEARCH-SCREEN-NOT-DISTRIBUTION
SCR-1295,1.5615384615384617e-06,0.00976923076923077,1,-3180.171817550698,0,0.03355031262039167,0.5,NONPOSITIVE-MODEL-MARGIN,V0.7-CONTROLLED-RESEARCH-SCREEN-NOT-DISTRIBUTION
SCR-1296,1.5615384615384617e-06,0.010076923076923077,1,-3197.111442986747,0,0.033843080028315396,0.5,NONPOSITIVE-MODEL-MARGIN,V0.7-CONTROLLED-RESEARCH-SCREEN-NOT-DISTRIBUTION
SCR-1297,1.5615384615384617e-06,0.010384615384615384,1,-3214.008235100735,0,0.03413584743623913,0.5,NONPOSITIVE-MODEL-MARGIN,V0.7-CONTROLLED-RESEARCH-SCREEN-NOT-DISTRIBUTION
SCR-1298,1.5615384615384617e-06,0.010692307692307692,1,-3230.862489687105,0,0.03442861484416287,0.5,NONPOSITIVE-MODEL-MARGIN,V0.7-CONTROLLED-RESEARCH-SCREEN-NOT-DISTRIBUTION
SCR-1299,1.5615384615384617e-06,0.011,1,-3247.6744984235866,0,0.034721382252086604,0.5,NONPOSITIVE-MODEL-MARGIN,V0.7-CONTROLLED-RESEARCH-SCREEN-NOT-DISTRIBUTION
SCR-1300,1.5615384615384617e-06,0.011307692307692307,1,-3264.444548952091,0,0.035014149660010326,0.5,NONPOSITIVE-MODEL-MARGIN,V0.7-CONTROLLED-RESEARCH-SCREEN-NOT-DISTRIBUTION
SCR-1301,1.5615384615384617e-06,0.011615384615384614,1,-3281.1729249576865,0,0.03530691706793406,0.5,NONPOSITIVE-MODEL-MARGIN,V0.7-CONTROLLED-RESEARCH-SCREEN-NOT-DISTRIBUTION
SCR-1302,1.5615384615384617e-06,0.011923076923076925,1,-3297.859906245733,0,0.03559968447585779,0.5,NONPOSITIVE-MODEL-MARGIN,V0.7-CONTROLLED-RESEARCH-SCREEN-NOT-DISTRIBUTION
SCR-1303,1.5615384615384617e-06,0.012230769230769233,1,-3314.5057688170905,0,0.03589245188378151,0.5,NONPOSITIVE-MODEL-MARGIN,V0.7-CONTROLLED-RESEARCH-SCREEN-NOT-DISTRIBUTION
SCR-1304,1.5615384615384617e-06,0.01253846153846154,1,-3331.110784941602,0,0.036185219291705255,0.5,NONPOSITIVE-MODEL-MARGIN,V0.7-CONTROLLED-RESEARCH-SCREEN-NOT-DISTRIBUTION
SCR-1305,1.5615384615384617e-06,0.012846153846153847,1,-3347.675223229824,0,0.03647798669962899,0.5,NONPOSITIVE-MODEL-MARGIN,V0.7-CONTROLLED-RESEARCH-SCREEN-NOT-DISTRIBUTION
SCR-1306,1.5615384615384617e-06,0.013153846153846155,1,-3364.199348702996,0,0.03677075410755272,0.5,NONPOSITIVE-MODEL-MARGIN,V0.7-CONTROLLED-RESEARCH-SCREEN-NOT-DISTRIBUTION
SCR-1307,1.5615384615384617e-06,0.013461538461538462,1,-3380.6834228614393,0,0.03706352151547645,0.5,NONPOSITIVE-MODEL-MARGIN,V0.7-CONTROLLED-RESEARCH-SCREEN-NOT-DISTRIBUTION
SCR-1308,1.5615384615384617e-06,0.01376923076923077,1,-3397.1277037512596,0,0.03735628892340019,0.5,NONPOSITIVE-MODEL-MARGIN,V0.7-CONTROLLED-RESEARCH-SCREEN-NOT-DISTRIBUTION
SCR-1309,1.5615384615384617e-06,0.014076923076923077,1,-3413.5324460295205,0,0.03764905633132391,0.5,NONPOSITIVE-MODEL-MARGIN,V0.7-CONTROLLED-RESEARCH-SCREEN-NOT-DISTRIBUTION
SCR-1310,1.5615384615384617e-06,0.014384615384615385,1,-3429.897901027898,0,0.03794182373924765,0.5,NONPOSITIVE-MODEL-MARGIN,V0.7-CONTROLLED-RESEARCH-SCREEN-NOT-DISTRIBUTION
SCR-1311,1.5615384615384617e-06,0.014692307692307692,1,-3446.2243168147993,0,0.038234591147171385,0.5,NONPOSITIVE-MODEL-MARGIN,V0.7-CONTROLLED-RESEARCH-SCREEN-NOT-DISTRIBUTION
SCR-1312,1.5615384615384617e-06,0.015,1,-3462.5119382560415,0,0.038527358555095106,0.5,NONPOSITIVE-MODEL-MARGIN,V0.7-CONTROLLED-RESEARCH-SCREEN-NOT-DISTRIBUTION
SCR-1313,1.6102564102564101e-06,0.003,1,-2841.6843418396575,0,0.02781003465652868,0.5,NONPOSITIVE-MODEL-MARGIN,V0.7-CONTROLLED-RESEARCH-SCREEN-NOT-DISTRIBUTION
SCR-1314,1.6102564102564101e-06,0.003307692307692308,1,-2859.533722512857,0,0.028102368347736436,0.5,NONPOSITIVE-MODEL-MARGIN,V0.7-CONTROLLED-RESEARCH-SCREEN-NOT-DISTRIBUTION
SCR-1315,1.6102564102564101e-06,0.0036153846153846154,1,-2877.3335417248436,0,0.02839470203894419,0.5,NONPOSITIVE-MODEL-MARGIN,V0.7-CONTROLLED-RESEARCH-SCREEN-NOT-DISTRIBUTION
SCR-1316,1.6102564102564101e-06,0.003923076923076923,1,-2895.0841951113734,0,0.028687035730151942,0.5,NONPOSITIVE-MODEL-MARGIN,V0.7-CONTROLLED-RESEARCH-SCREEN-NOT-DISTRIBUTION
SCR-1317,1.6102564102564101e-06,0.004230769230769231,1,-2912.7860721452744,0,0.0289793694213597,0.5,NONPOSITIVE-MODEL-MARGIN,V0.7-CONTROLLED-RESEARCH-SCREEN-NOT-DISTRIBUTION
SCR-1318,1.6102564102564101e-06,0.004538461538461538,1,-2930.4395562656464,0,0.029271703112567445,0.5,NONPOSITIVE-MODEL-MARGIN,V0.7-CONTROLLED-RESEARCH-SCREEN-NOT-DISTRIBUTION
SCR-1319,1.6102564102564101e-06,0.004846153846153846,1,-2948.0450250040926,0,0.029564036803775194,0.5,NONPOSITIVE-MODEL-MARGIN,V0.7-CONTROLLED-RESEARCH-SCREEN-NOT-DISTRIBUTION
SCR-1320,1.6102564102564101e-06,0.005,1,-2956.82986999882,0,0.029710203649379076,0.5,NONPOSITIVE-MODEL-MARGIN,V0.7-CONTROLLED-RESEARCH-SCREEN-NOT-DISTRIBUTION
SCR-1321,1.6102564102564101e-06,0.005153846153846154,1,-2965.602850108146,0,0.029856370494982958,0.5,NONPOSITIVE-MODEL-MARGIN,V0.7-CONTROLLED-RESEARCH-SCREEN-NOT-DISTRIBUTION
SCR-1322,1.6102564102564101e-06,0.005461538461538462,1,-2983.11339766187,0,0.030148704186190704,0.5,NONPOSITIVE-MODEL-MARGIN,V0.7-CONTROLLED-RESEARCH-SCREEN-NOT-DISTRIBUTION
SCR-1323,1.6102564102564101e-06,0.0057692307692307696,1,-3000.5770282036447,0,0.030441037877398464,0.5,NONPOSITIVE-MODEL-MARGIN,V0.7-CONTROLLED-RESEARCH-SCREEN-NOT-DISTRIBUTION
SCR-1324,1.6102564102564101e-06,0.006076923076923077,1,-3021.445287487616,0,0.030733371568606213,0.5,NONPOSITIVE-MODEL-MARGIN,V0.7-CONTROLLED-RESEARCH-SCREEN-NOT-DISTRIBUTION
SCR-1325,1.6102564102564101e-06,0.006384615384615384,1,-3038.80637538523,0,0.031025705259813966,0.5,NONPOSITIVE-MODEL-MARGIN,V0.7-CONTROLLED-RESEARCH-SCREEN-NOT-DISTRIBUTION
SCR-1326,1.6102564102564101e-06,0.006692307692307693,1,-3056.1216844419455,0,0.03131803895102172,0.5,NONPOSITIVE-MODEL-MARGIN,V0.7-CONTROLLED-RESEARCH-SCREEN-NOT-DISTRIBUTION
SCR-1327,1.6102564102564101e-06,0.007,1,-3073.391552487493,0,0.03161037264222947,0.5,NONPOSITIVE-MODEL-MARGIN,V0.7-CONTROLLED-RESEARCH-SCREEN-NOT-DISTRIBUTION
SCR-1328,1.6102564102564101e-06,0.007307692307692308,1,-3090.616312400365,0,0.031902706333437225,0.5,NONPOSITIVE-MODEL-MARGIN,V0.7-CONTROLLED-RESEARCH-SCREEN-NOT-DISTRIBUTION
SCR-1329,1.6102564102564101e-06,0.007615384615384616,1,-3107.796292208262,0,0.03219504002464498,0.5,NONPOSITIVE-MODEL-MARGIN,V0.7-CONTROLLED-RESEARCH-SCREEN-NOT-DISTRIBUTION
SCR-1330,1.6102564102564101e-06,0.007923076923076923,1,-3124.931815186136,0,0.03248737371585274,0.5,NONPOSITIVE-MODEL-MARGIN,V0.7-CONTROLLED-RESEARCH-SCREEN-NOT-DISTRIBUTION
SCR-1331,1.6102564102564101e-06,0.00823076923076923,1,-3142.0231999519483,0,0.03277970740706049,0.5,NONPOSITIVE-MODEL-MARGIN,V0.7-CONTROLLED-RESEARCH-SCREEN-NOT-DISTRIBUTION
SCR-1332,1.6102564102564101e-06,0.00853846153846154,1,-3159.0707605601565,0,0.03307204109826824,0.5,NONPOSITIVE-MODEL-MARGIN,V0.7-CONTROLLED-RESEARCH-SCREEN-NOT-DISTRIBUTION
SCR-1333,1.6102564102564101e-06,0.008846153846153847,1,-3172.7084736857396,0,0.033364374789475994,0.5,NONPOSITIVE-MODEL-MARGIN,V0.7-CONTROLLED-RESEARCH-SCREEN-NOT-DISTRIBUTION
SCR-1334,1.6102564102564101e-06,0.009153846153846155,1,-3189.6783365010165,0,0.03365670848068375,0.5,NONPOSITIVE-MODEL-MARGIN,V0.7-CONTROLLED-RESEARCH-SCREEN-NOT-DISTRIBUTION
SCR-1335,1.6102564102564101e-06,0.009461538461538462,1,-3206.6052154894924,0,0.0339490421718915,0.5,NONPOSITIVE-MODEL-MARGIN,V0.7-CONTROLLED-RESEARCH-SCREEN-NOT-DISTRIBUTION
SCR-1336,1.6102564102564101e-06,0.00976923076923077,1,-3223.4894086367535,0,0.034241375863099256,0.5,NONPOSITIVE-MODEL-MARGIN,V0.7-CONTROLLED-RESEARCH-SCREEN-NOT-DISTRIBUTION
SCR-1337,1.6102564102564101e-06,0.010076923076923077,1,-3240.3312097671087,0,0.03453370955430701,0.5,NONPOSITIVE-MODEL-MARGIN,V0.7-CONTROLLED-RESEARCH-SCREEN-NOT-DISTRIBUTION
SCR-1338,1.6102564102564101e-06,0.010384615384615384,1,-3257.1309086255937,0,0.034826043245514755,0.5,NONPOSITIVE-MODEL-MARGIN,V0.7-CONTROLLED-RESEARCH-SCREEN-NOT-DISTRIBUTION
SCR-1339,1.6102564102564101e-06,0.010692307692307692,1,-3273.8887909580762,0,0.03511837693672252,0.5,NONPOSITIVE-MODEL-MARGIN,V0.7-CONTROLLED-RESEARCH-SCREEN-NOT-DISTRIBUTION
SCR-1340,1.6102564102564101e-06,0.011,1,-3290.6051385894266,0,0.03541071062793027,0.5,NONPOSITIVE-MODEL-MARGIN,V0.7-CONTROLLED-RESEARCH-SCREEN-NOT-DISTRIBUTION
SCR-1341,1.6102564102564101e-06,0.011307692307692307,1,-3307.2802294997687,0,0.03570304431913802,0.5,NONPOSITIVE-MODEL-MARGIN,V0.7-CONTROLLED-RESEARCH-SCREEN-NOT-DISTRIBUTION
SCR-1342,1.6102564102564101e-06,0.011615384615384614,1,-3323.9143378989893,0,0.03599537801034578,0.5,NONPOSITIVE-MODEL-MARGIN,V0.7-CONTROLLED-RESEARCH-SCREEN-NOT-DISTRIBUTION
SCR-1343,1.6102564102564101e-06,0.011923076923076925,1,-3340.50773429941,0,0.03628771170155353,0.5,NONPOSITIVE-MODEL-MARGIN,V0.7-CONTROLLED-RESEARCH-SCREEN-NOT-DISTRIBUTION
SCR-1344,1.6102564102564101e-06,0.012230769230769233,1,-3357.0606855867404,0,0.03658004539276128,0.5,NONPOSITIVE-MODEL-MARGIN,V0.7-CONTROLLED-RESEARCH-SCREEN-NOT-DISTRIBUTION
SCR-1345,1.6102564102564101e-06,0.01253846153846154,1,-3373.573455089363,0,0.03687237908396903,0.5,NONPOSITIVE-MODEL-MARGIN,V0.7-CONTROLLED-RESEARCH-SCREEN-NOT-DISTRIBUTION
SCR-1346,1.6102564102564101e-06,0.012846153846153847,1,-3390.046302645987,0,0.03716471277517679,0.5,NONPOSITIVE-MODEL-MARGIN,V0.7-CONTROLLED-RESEARCH-SCREEN-NOT-DISTRIBUTION
SCR-1347,1.6102564102564101e-06,0.013153846153846155,1,-3406.4794846716436,0,0.037457046466384536,0.5,NONPOSITIVE-MODEL-MARGIN,V0.7-CONTROLLED-RESEARCH-SCREEN-NOT-DISTRIBUTION
SCR-1348,1.6102564102564101e-06,0.013461538461538462,1,-3422.8732542222097,0,0.03774938015759229,0.5,NONPOSITIVE-MODEL-MARGIN,V0.7-CONTROLLED-RESEARCH-SCREEN-NOT-DISTRIBUTION
SCR-1349,1.6102564102564101e-06,0.01376923076923077,1,-3439.227861057331,0,0.038041713848800056,0.5,NONPOSITIVE-MODEL-MARGIN,V0.7-CONTROLLED-RESEARCH-SCREEN-NOT-DISTRIBUTION
SCR-1350,1.6102564102564101e-06,0.014076923076923077,1,-3455.543551701954,0,0.0383340475400078,0.5,NONPOSITIVE-MODEL-MARGIN,V0.7-CONTROLLED-RESEARCH-SCREEN-NOT-DISTRIBUTION
SCR-1351,1.6102564102564101e-06,0.014384615384615385,1,-3471.820569506338,0,0.038626381231215555,0.5,NONPOSITIVE-MODEL-MARGIN,V0.7-CONTROLLED-RESEARCH-SCREEN-NOT-DISTRIBUTION
SCR-1352,1.6102564102564101e-06,0.014692307692307692,1,-3488.0591547047225,0,0.038918714922423304,0.5,NONPOSITIVE-MODEL-MARGIN,V0.7-CONTROLLED-RESEARCH-SCREEN-NOT-DISTRIBUTION
SCR-1353,1.6102564102564101e-06,0.015,1,-3504.259544472636,0,0.03921104861363106,0.5,NONPOSITIVE-MODEL-MARGIN,V0.7-CONTROLLED-RESEARCH-SCREEN-NOT-DISTRIBUTION
SCR-1354,1.658974358974359e-06,0.003,1,-2887.092333073377,0,0.028508566932062825,0.5,NONPOSITIVE-MODEL-MARGIN,V0.7-CONTROLLED-RESEARCH-SCREEN-NOT-DISTRIBUTION
SCR-1355,1.658974358974359e-06,0.003307692307692308,1,-2904.8272802460797,0,0.028800468189702312,0.5,NONPOSITIVE-MODEL-MARGIN,V0.7-CONTROLLED-RESEARCH-SCREEN-NOT-DISTRIBUTION
SCR-1356,1.658974358974359e-06,0.0036153846153846154,1,-2926.021395587436,0,0.02909236944734181,0.5,NONPOSITIVE-MODEL-MARGIN,V0.7-CONTROLLED-RESEARCH-SCREEN-NOT-DISTRIBUTION
SCR-1357,1.658974358974359e-06,0.003923076923076923,1,-2943.6492646320467,0,0.0293842707049813,0.5,NONPOSITIVE-MODEL-MARGIN,V0.7-CONTROLLED-RESEARCH-SCREEN-NOT-DISTRIBUTION
SCR-1358,1.658974358974359e-06,0.004230769230769231,1,-2961.229400486923,0,0.02967617196262079,0.5,NONPOSITIVE-MODEL-MARGIN,V0.7-CONTROLLED-RESEARCH-SCREEN-NOT-DISTRIBUTION
SCR-1359,1.658974358974359e-06,0.004538461538461538,1,-2978.7621702926267,0,0.02996807322026029,0.5,NONPOSITIVE-MODEL-MARGIN,V0.7-CONTROLLED-RESEARCH-SCREEN-NOT-DISTRIBUTION
SCR-1360,1.658974358974359e-06,0.004846153846153846,1,-2996.2479356351223,0,0.030259974477899788,0.5,NONPOSITIVE-MODEL-MARGIN,V0.7-CONTROLLED-RESEARCH-SCREEN-NOT-DISTRIBUTION
SCR-1361,1.658974358974359e-06,0.005,1,-3004.9733031377036,0,0.030405925106719526,0.5,NONPOSITIVE-MODEL-MARGIN,V0.7-CONTROLLED-RESEARCH-SCREEN-NOT-DISTRIBUTION
SCR-1362,1.658974358974359e-06,0.005153846153846154,1,-3013.687052660379,0,0.03055187573553927,0.5,NONPOSITIVE-MODEL-MARGIN,V0.7-CONTROLLED-RESEARCH-SCREEN-NOT-DISTRIBUTION
SCR-1363,1.658974358974359e-06,0.005461538461538462,1,-3031.0798721863293,0,0.030843776993178765,0.5,NONPOSITIVE-MODEL-MARGIN,V0.7-CONTROLLED-RESEARCH-SCREEN-NOT-DISTRIBUTION
SCR-1364,1.658974358974359e-06,0.0057692307692307696,1,-3048.426739812201,0,0.031135678250818265,0.5,NONPOSITIVE-MODEL-MARGIN,V0.7-CONTROLLED-RESEARCH-SCREEN-NOT-DISTRIBUTION
SCR-1365,1.658974358974359e-06,0.006076923076923077,1,-3065.7279960253672,0,0.03142757950845775,0.5,NONPOSITIVE-MODEL-MARGIN,V0.7-CONTROLLED-RESEARCH-SCREEN-NOT-DISTRIBUTION
SCR-1366,1.658974358974359e-06,0.006384615384615384,1,-3082.9839763056375,0,0.03171948076609725,0.5,NONPOSITIVE-MODEL-MARGIN,V0.7-CONTROLLED-RESEARCH-SCREEN-NOT-DISTRIBUTION
SCR-1367,1.658974358974359e-06,0.006692307692307693,1,-3100.1950112271365,0,0.03201138202373675,0.5,NONPOSITIVE-MODEL-MARGIN,V0.7-CONTROLLED-RESEARCH-SCREEN-NOT-DISTRIBUTION
SCR-1368,1.658974358974359e-06,0.007,1,-3117.361426557785,0,0.03230328328137624,0.5,NONPOSITIVE-MODEL-MARGIN,V0.7-CONTROLLED-RESEARCH-SCREEN-NOT-DISTRIBUTION
SCR-1369,1.658974358974359e-06,0.007307692307692308,1,-3134.483543356386,0,0.03259518453901573,0.5,NONPOSITIVE-MODEL-MARGIN,V0.7-CONTROLLED-RESEARCH-SCREEN-NOT-DISTRIBUTION
SCR-1370,1.658974358974359e-06,0.007615384615384616,1,-3151.5616780674745,0,0.03288708579665522,0.5,NONPOSITIVE-MODEL-MARGIN,V0.7-CONTROLLED-RESEARCH-SCREEN-NOT-DISTRIBUTION
SCR-1371,1.658974358974359e-06,0.007923076923076923,1,-3168.5961426138447,0,0.033178987054294715,0.5,NONPOSITIVE-MODEL-MARGIN,V0.7-CONTROLLED-RESEARCH-SCREEN-NOT-DISTRIBUTION
SCR-1372,1.658974358974359e-06,0.00823076923076923,1,-3185.5872444869483,0,0.03347088831193421,0.5,NONPOSITIVE-MODEL-MARGIN,V0.7-CONTROLLED-RESEARCH-SCREEN-NOT-DISTRIBUTION
SCR-1373,1.658974358974359e-06,0.00853846153846154,1,-3202.535286835085,0,0.0337627895695737,0.5,NONPOSITIVE-MODEL-MARGIN,V0.7-CONTROLLED-RESEARCH-SCREEN-NOT-DISTRIBUTION
SCR-1374,1.658974358974359e-06,0.008846153846153847,1,-3219.4405685495085,0,0.0340546908272132,0.5,NONPOSITIVE-MODEL-MARGIN,V0.7-CONTROLLED-RESEARCH-SCREEN-NOT-DISTRIBUTION
SCR-1375,1.658974358974359e-06,0.009153846153846155,1,-3236.3033843485155,0,0.03434659208485268,0.5,NONPOSITIVE-MODEL-MARGIN,V0.7-CONTROLLED-RESEARCH-SCREEN-NOT-DISTRIBUTION
SCR-1376,1.658974358974359e-06,0.009461538461538462,1,-3253.124024859477,0,0.03463849334249219,0.5,NONPOSITIVE-MODEL-MARGIN,V0.7-CONTROLLED-RESEARCH-SCREEN-NOT-DISTRIBUTION
SCR-1377,1.658974358974359e-06,0.00976923076923077,1,-3269.902776698954,0,0.03493039460013168,0.5,NONPOSITIVE-MODEL-MARGIN,V0.7-CONTROLLED-RESEARCH-SCREEN-NOT-DISTRIBUTION
SCR-1378,1.658974358974359e-06,0.010076923076923077,1,-3283.3297041216542,0,0.03522229585777117,0.5,NONPOSITIVE-MODEL-MARGIN,V0.7-CONTROLLED-RESEARCH-SCREEN-NOT-DISTRIBUTION
SCR-1379,1.658974358974359e-06,0.010384615384615384,1,-3300.0340786657625,0,0.035514197115410664,0.5,NONPOSITIVE-MODEL-MARGIN,V0.7-CONTROLLED-RESEARCH-SCREEN-NOT-DISTRIBUTION
SCR-1380,1.658974358974359e-06,0.010692307692307692,1,-3316.697333628716,0,0.03580609837305016,0.5,NONPOSITIVE-MODEL-MARGIN,V0.7-CONTROLLED-RESEARCH-SCREEN-NOT-DISTRIBUTION
SCR-1381,1.658974358974359e-06,0.011,1,-3333.319741444636,0,0.03609799963068965,0.5,NONPOSITIVE-MODEL-MARGIN,V0.7-CONTROLLED-RESEARCH-SCREEN-NOT-DISTRIBUTION
SCR-1382,1.658974358974359e-06,0.011307692307692307,1,-3349.9015708832167,0,0.03638990088832914,0.5,NONPOSITIVE-MODEL-MARGIN,V0.7-CONTROLLED-RESEARCH-SCREEN-NOT-DISTRIBUTION
SCR-1383,1.658974358974359e-06,0.011615384615384614,1,-3366.4430871199547,0,0.03668180214596863,0.5,NONPOSITIVE-MODEL-MARGIN,V0.7-CONTROLLED-RESEARCH-SCREEN-NOT-DISTRIBUTION
SCR-1384,1.658974358974359e-06,0.011923076923076925,1,-3382.9445518046655,0,0.036973703403608144,0.5,NONPOSITIVE-MODEL-MARGIN,V0.7-CONTROLLED-RESEARCH-SCREEN-NOT-DISTRIBUTION
SCR-1385,1.658974358974359e-06,0.012230769230769233,1,-3399.406223128439,0,0.03726560466124763,0.5,NONPOSITIVE-MODEL-MARGIN,V0.7-CONTROLLED-RESEARCH-SCREEN-NOT-DISTRIBUTION
SCR-1386,1.658974358974359e-06,0.01253846153846154,1,-3415.8283558889507,0,0.03755750591888712,0.5,NONPOSITIVE-MODEL-MARGIN,V0.7-CONTROLLED-RESEARCH-SCREEN-NOT-DISTRIBUTION
SCR-1387,1.658974358974359e-06,0.012846153846153847,1,-3432.2112015542807,0,0.03784940717652663,0.5,NONPOSITIVE-MODEL-MARGIN,V0.7-CONTROLLED-RESEARCH-SCREEN-NOT-DISTRIBUTION
SCR-1388,1.658974358974359e-06,0.013153846153846155,1,-3448.5550083252183,0,0.0381413084341661,0.5,NONPOSITIVE-MODEL-MARGIN,V0.7-CONTROLLED-RESEARCH-SCREEN-NOT-DISTRIBUTION
SCR-1389,1.658974358974359e-06,0.013461538461538462,1,-3464.8600211960825,0,0.038433209691805595,0.5,NONPOSITIVE-MODEL-MARGIN,V0.7-CONTROLLED-RESEARCH-SCREEN-NOT-DISTRIBUTION
SCR-1390,1.658974358974359e-06,0.01376923076923077,1,-3481.126482014172,0,0.0387251109494451,0.5,NONPOSITIVE-MODEL-MARGIN,V0.7-CONTROLLED-RESEARCH-SCREEN-NOT-DISTRIBUTION
SCR-1391,1.658974358974359e-06,0.014076923076923077,1,-3497.354629537764,0,0.03901701220708459,0.5,NONPOSITIVE-MODEL-MARGIN,V0.7-CONTROLLED-RESEARCH-SCREEN-NOT-DISTRIBUTION
SCR-1392,1.658974358974359e-06,0.014384615384615385,1,-3513.544699492847,0,0.03930891346472407,0.5,NONPOSITIVE-MODEL-MARGIN,V0.7-CONTROLLED-RESEARCH-SCREEN-NOT-DISTRIBUTION
SCR-1393,1.658974358974359e-06,0.014692307692307692,1,-3529.696924628468,0,0.03960081472236357,0.5,NONPOSITIVE-MODEL-MARGIN,V0.7-CONTROLLED-RESEARCH-SCREEN-NOT-DISTRIBUTION
SCR-1394,1.658974358974359e-06,0.015,1,-3545.8115347708326,0,0.039892715980003074,0.5,NONPOSITIVE-MODEL-MARGIN,V0.7-CONTROLLED-RESEARCH-SCREEN-NOT-DISTRIBUTION
SCR-1395,1.7076923076923075e-06,0.003,1,-2935.740292432211,0,0.02920503565740734,0.5,NONPOSITIVE-MODEL-MARGIN,V0.7-CONTROLLED-RESEARCH-SCREEN-NOT-DISTRIBUTION
SCR-1396,1.7076923076923075e-06,0.003307692307692308,1,-2953.352960914116,0,0.029496505758941086,0.5,NONPOSITIVE-MODEL-MARGIN,V0.7-CONTROLLED-RESEARCH-SCREEN-NOT-DISTRIBUTION
SCR-1397,1.7076923076923075e-06,0.0036153846153846154,1,-2970.9180775144696,0,0.029787975860474842,0.5,NONPOSITIVE-MODEL-MARGIN,V0.7-CONTROLLED-RESEARCH-SCREEN-NOT-DISTRIBUTION
SCR-1398,1.7076923076923075e-06,0.003923076923076923,1,-2988.4360067517346,0,0.03007944596200859,0.5,NONPOSITIVE-MODEL-MARGIN,V0.7-CONTROLLED-RESEARCH-SCREEN-NOT-DISTRIBUTION
SCR-1399,1.7076923076923075e-06,0.004230769230769231,1,-3005.9071076410182,0,0.030370916063542336,0.5,NONPOSITIVE-MODEL-MARGIN,V0.7-CONTROLLED-RESEARCH-SCREEN-NOT-DISTRIBUTION
SCR-1400,1.7076923076923075e-06,0.004538461538461538,1,-3023.331733807591,0,0.030662386165076095,0.5,NONPOSITIVE-MODEL-MARGIN,V0.7-CONTROLLED-RESEARCH-SCREEN-NOT-DISTRIBUTION
SCR-1401,1.7076923076923075e-06,0.004846153846153846,1,-3040.7102335978734,0,0.030953856266609844,0.5,NONPOSITIVE-MODEL-MARGIN,V0.7-CONTROLLED-RESEARCH-SCREEN-NOT-DISTRIBUTION
SCR-1402,1.7076923076923075e-06,0.005,1,-3049.3822935434287,0,0.031099591317376715,0.5,NONPOSITIVE-MODEL-MARGIN,V0.7-CONTROLLED-RESEARCH-SCREEN-NOT-DISTRIBUTION
SCR-1403,1.7076923076923075e-06,0.005153846153846154,1,-3058.042950187749,0,0.03124532636814359,0.5,NONPOSITIVE-MODEL-MARGIN,V0.7-CONTROLLED-RESEARCH-SCREEN-NOT-DISTRIBUTION
SCR-1404,1.7076923076923075e-06,0.005461538461538462,1,-3075.3302216884013,0,0.03153679646967735,0.5,NONPOSITIVE-MODEL-MARGIN,V0.7-CONTROLLED-RESEARCH-SCREEN-NOT-DISTRIBUTION
SCR-1405,1.7076923076923075e-06,0.0057692307692307696,1,-3092.572381249658,0,0.031828266571211086,0.5,NONPOSITIVE-MODEL-MARGIN,V0.7-CONTROLLED-RESEARCH-SCREEN-NOT-DISTRIBUTION
SCR-1406,1.7076923076923075e-06,0.006076923076923077,1,-3109.769757160845,0,0.032119736672744835,0.5,NONPOSITIVE-MODEL-MARGIN,V0.7-CONTROLLED-RESEARCH-SCREEN-NOT-DISTRIBUTION
SCR-1407,1.7076923076923075e-06,0.006384615384615384,1,-3126.9226729493325,0,0.0324112067742786,0.5,NONPOSITIVE-MODEL-MARGIN,V0.7-CONTROLLED-RESEARCH-SCREEN-NOT-DISTRIBUTION
SCR-1408,1.7076923076923075e-06,0.006692307692307693,1,-3144.031447476657,0,0.03270267687581235,0.5,NONPOSITIVE-MODEL-MARGIN,V0.7-CONTROLLED-RESEARCH-SCREEN-NOT-DISTRIBUTION
SCR-1409,1.7076923076923075e-06,0.007,1,-3161.0963950324185,0,0.032994146977346095,0.5,NONPOSITIVE-MODEL-MARGIN,V0.7-CONTROLLED-RESEARCH-SCREEN-NOT-DISTRIBUTION
SCR-1410,1.7076923076923075e-06,0.007307692307692308,1,-3178.117825425936,0,0.033285617078879844,0.5,NONPOSITIVE-MODEL-MARGIN,V0.7-CONTROLLED-RESEARCH-SCREEN-NOT-DISTRIBUTION
SCR-1411,1.7076923076923075e-06,0.007615384615384616,1,-3195.096044075682,0,0.033577087180413606,0.5,NONPOSITIVE-MODEL-MARGIN,V0.7-CONTROLLED-RESEARCH-SCREEN-NOT-DISTRIBUTION
SCR-1412,1.7076923076923075e-06,0.007923076923076923,1,-3212.031352096595,0,0.03386855728194734,0.5,NONPOSITIVE-MODEL-MARGIN,V0.7-CONTROLLED-RESEARCH-SCREEN-NOT-DISTRIBUTION
SCR-1413,1.7076923076923075e-06,0.00823076923076923,1,-3228.924046385359,0,0.0341600273834811,0.5,NONPOSITIVE-MODEL-MARGIN,V0.7-CONTROLLED-RESEARCH-SCREEN-NOT-DISTRIBUTION
SCR-1414,1.7076923076923075e-06,0.00853846153846154,1,-3245.7744197035577,0,0.03445149748501485,0.5,NONPOSITIVE-MODEL-MARGIN,V0.7-CONTROLLED-RESEARCH-SCREEN-NOT-DISTRIBUTION
SCR-1415,1.7076923076923075e-06,0.008846153846153847,1,-3262.5827607589176,0,0.034742967586548615,0.5,NONPOSITIVE-MODEL-MARGIN,V0.7-CONTROLLED-RESEARCH-SCREEN-NOT-DISTRIBUTION
SCR-1416,1.7076923076923075e-06,0.009153846153846155,1,-3279.3493542846068,0,0.03503443768808236,0.5,NONPOSITIVE-MODEL-MARGIN,V0.7-CONTROLLED-RESEARCH-SCREEN-NOT-DISTRIBUTION
SCR-1417,1.7076923076923075e-06,0.009461538461538462,1,-3296.074481116587,0,0.0353259077896161,0.5,NONPOSITIVE-MODEL-MARGIN,V0.7-CONTROLLED-RESEARCH-SCREEN-NOT-DISTRIBUTION
SCR-1418,1.7076923076923075e-06,0.00976923076923077,1,-3312.758418269218,0,0.03561737789114986,0.5,NONPOSITIVE-MODEL-MARGIN,V0.7-CONTROLLED-RESEARCH-SCREEN-NOT-DISTRIBUTION
SCR-1419,1.7076923076923075e-06,0.010076923076923077,1,-3329.401439008969,0,0.0359088479926836,0.5,NONPOSITIVE-MODEL-MARGIN,V0.7-CONTROLLED-RESEARCH-SCREEN-NOT-DISTRIBUTION
SCR-1420,1.7076923076923075e-06,0.010384615384615384,1,-3342.721997358216,0,0.03620031809421735,0.5,NONPOSITIVE-MODEL-MARGIN,V0.7-CONTROLLED-RESEARCH-SCREEN-NOT-DISTRIBUTION
SCR-1421,1.7076923076923075e-06,0.010692307692307692,1,-3359.292312250376,0,0.03649178819575111,0.5,NONPOSITIVE-MODEL-MARGIN,V0.7-CONTROLLED-RESEARCH-SCREEN-NOT-DISTRIBUTION
SCR-1422,1.7076923076923075e-06,0.011,1,-3375.822445046351,0,0.03678325829728486,0.5,NONPOSITIVE-MODEL-MARGIN,V0.7-CONTROLLED-RESEARCH-SCREEN-NOT-DISTRIBUTION
SCR-1423,1.7076923076923075e-06,0.011307692307692307,1,-3392.312655731568,0,0.037074728398818604,0.5,NONPOSITIVE-MODEL-MARGIN,V0.7-CONTROLLED-RESEARCH-SCREEN-NOT-DISTRIBUTION
SCR-1424,1.7076923076923075e-06,0.011615384615384614,1,-3408.763200863389,0,0.03736619850035235,0.5,NONPOSITIVE-MODEL-MARGIN,V0.7-CONTROLLED-RESEARCH-SCREEN-NOT-DISTRIBUTION
SCR-1425,1.7076923076923075e-06,0.011923076923076925,1,-3425.174333635717,0,0.037657668601886116,0.5,NONPOSITIVE-MODEL-MARGIN,V0.7-CONTROLLED-RESEARCH-SCREEN-NOT-DISTRIBUTION
SCR-1426,1.7076923076923075e-06,0.012230769230769233,1,-3441.5463039421475,0,0.03794913870341986,0.5,NONPOSITIVE-MODEL-MARGIN,V0.7-CONTROLLED-RESEARCH-SCREEN-NOT-DISTRIBUTION
SCR-1427,1.7076923076923075e-06,0.01253846153846154,1,-3457.879358437625,0,0.03824060880495361,0.5,NONPOSITIVE-MODEL-MARGIN,V0.7-CONTROLLED-RESEARCH-SCREEN-NOT-DISTRIBUTION
SCR-1428,1.7076923076923075e-06,0.012846153846153847,1,-3474.1737405986064,0,0.03853207890648736,0.5,NONPOSITIVE-MODEL-MARGIN,V0.7-CONTROLLED-RESEARCH-SCREEN-NOT-DISTRIBUTION
SCR-1429,1.7076923076923075e-06,0.013153846153846155,1,-3490.4296907819,0,0.03882354900802112,0.5,NONPOSITIVE-MODEL-MARGIN,V0.7-CONTROLLED-RESEARCH-SCREEN-NOT-DISTRIBUTION
SCR-1430,1.7076923076923075e-06,0.013461538461538462,1,-3506.6474462820543,0,0.03911501910955487,0.5,NONPOSITIVE-MODEL-MARGIN,V0.7-CONTROLLED-RESEARCH-SCREEN-NOT-DISTRIBUTION
SCR-1431,1.7076923076923075e-06,0.01376923076923077,1,-3522.827241387463,0,0.039406489211088615,0.5,NONPOSITIVE-MODEL-MARGIN,V0.7-CONTROLLED-RESEARCH-SCREEN-NOT-DISTRIBUTION
SCR-1432,1.7076923076923075e-06,0.014076923076923077,1,-3538.9693074351862,0,0.03969795931262237,0.5,NONPOSITIVE-MODEL-MARGIN,V0.7-CONTROLLED-RESEARCH-SCREEN-NOT-DISTRIBUTION
SCR-1433,1.7076923076923075e-06,0.014384615384615385,1,-3555.073872864442,0,0.03998942941415611,0.5,NONPOSITIVE-MODEL-MARGIN,V0.7-CONTROLLED-RESEARCH-SCREEN-NOT-DISTRIBUTION
SCR-1434,1.7076923076923075e-06,0.014692307692307692,1,-3571.1411632689587,0,0.04028089951568986,0.5,NONPOSITIVE-MODEL-MARGIN,V0.7-CONTROLLED-RESEARCH-SCREEN-NOT-DISTRIBUTION
SCR-1435,1.7076923076923075e-06,0.015,1,-3587.1714014480367,0,0.040572369617223616,0.5,NONPOSITIVE-MODEL-MARGIN,V0.7-CONTROLLED-RESEARCH-SCREEN-NOT-DISTRIBUTION
SCR-1436,1.7564102564102563e-06,0.003,1,-2980.6022700294775,0,0.029899449962935535,0.5,NONPOSITIVE-MODEL-MARGIN,V0.7-CONTROLLED-RESEARCH-SCREEN-NOT-DISTRIBUTION
SCR-1437,1.7564102564102563e-06,0.003307692307692308,1,-2998.1054320520293,0,0.030190490180172593,0.5,NONPOSITIVE-MODEL-MARGIN,V0.7-CONTROLLED-RESEARCH-SCREEN-NOT-DISTRIBUTION
SCR-1438,1.7564102564102563e-06,0.0036153846153846154,1,-3015.5619406625556,0,0.03048153039740964,0.5,NONPOSITIVE-MODEL-MARGIN,V0.7-CONTROLLED-RESEARCH-SCREEN-NOT-DISTRIBUTION
SCR-1439,1.7564102564102563e-06,0.003923076923076923,1,-3032.9721469868787,0,0.030772570614646687,0.5,NONPOSITIVE-MODEL-MARGIN,V0.7-CONTROLLED-RESEARCH-SCREEN-NOT-DISTRIBUTION
SCR-1440,1.7564102564102563e-06,0.004230769230769231,1,-3050.3363969207776,0,0.03106361083188374,0.5,NONPOSITIVE-MODEL-MARGIN,V0.7-CONTROLLED-RESEARCH-SCREEN-NOT-DISTRIBUTION
SCR-1441,1.7564102564102563e-06,0.004538461538461538,1,-3067.6550312373406,0,0.03135465104912078,0.5,NONPOSITIVE-MODEL-MARGIN,V0.7-CONTROLLED-RESEARCH-SCREEN-NOT-DISTRIBUTION
SCR-1442,1.7564102564102563e-06,0.004846153846153846,1,-3084.928385691772,0,0.03164569126635784,0.5,NONPOSITIVE-MODEL-MARGIN,V0.7-CONTROLLED-RESEARCH-SCREEN-NOT-DISTRIBUTION
SCR-1443,1.7564102564102563e-06,0.005,1,-3093.548186547344,0,0.03179121137497637,0.5,NONPOSITIVE-MODEL-MARGIN,V0.7-CONTROLLED-RESEARCH-SCREEN-NOT-DISTRIBUTION
SCR-1444,1.7564102564102563e-06,0.005153846153846154,1,-3102.1567911237157,0,0.031936731483594896,0.5,NONPOSITIVE-MODEL-MARGIN,V0.7-CONTROLLED-RESEARCH-SCREEN-NOT-DISTRIBUTION
SCR-1445,1.7564102564102563e-06,0.005461538461538462,1,-3119.3405735571832,0,0.03222777170083194,0.5,NONPOSITIVE-MODEL-MARGIN,V0.7-CONTROLLED-RESEARCH-SCREEN-NOT-DISTRIBUTION
SCR-1446,1.7564102564102563e-06,0.0057692307692307696,1,-3136.480054298103,0,0.03251881191806899,0.5,NONPOSITIVE-MODEL-MARGIN,V0.7-CONTROLLED-RESEARCH-SCREEN-NOT-DISTRIBUTION
SCR-1447,1.7564102564102563e-06,0.006076923076923077,1,-3153.575550029511,0,0.032809852135306045,0.5,NONPOSITIVE-MODEL-MARGIN,V0.7-CONTROLLED-RESEARCH-SCREEN-NOT-DISTRIBUTION
SCR-1448,1.7564102564102563e-06,0.006384615384615384,1,-3170.627372904494,0,0.033100892352543085,0.5,NONPOSITIVE-MODEL-MARGIN,V0.7-CONTROLLED-RESEARCH-SCREEN-NOT-DISTRIBUTION
SCR-1449,1.7564102564102563e-06,0.006692307692307693,1,-3187.635830636917,0,0.033391932569780146,0.5,NONPOSITIVE-MODEL-MARGIN,V0.7-CONTROLLED-RESEARCH-SCREEN-NOT-DISTRIBUTION
SCR-1450,1.7564102564102563e-06,0.007,1,-3204.6012265899867,0,0.0336829727870172,0.5,NONPOSITIVE-MODEL-MARGIN,V0.7-CONTROLLED-RESEARCH-SCREEN-NOT-DISTRIBUTION
SCR-1451,1.7564102564102563e-06,0.007307692307692308,1,-3221.523859862653,0,0.03397401300425424,0.5,NONPOSITIVE-MODEL-MARGIN,V0.7-CONTROLLED-RESEARCH-SCREEN-NOT-DISTRIBUTION
SCR-1452,1.7564102564102563e-06,0.007615384615384616,1,-3238.404025374012,0,0.03426505322149129,0.5,NONPOSITIVE-MODEL-MARGIN,V0.7-CONTROLLED-RESEARCH-SCREEN-NOT-DISTRIBUTION
SCR-1453,1.7564102564102563e-06,0.007923076923076923,1,-3255.2420139456285,0,0.03455609343872834,0.5,NONPOSITIVE-MODEL-MARGIN,V0.7-CONTROLLED-RESEARCH-SCREEN-NOT-DISTRIBUTION
SCR-1454,1.7564102564102563e-06,0.00823076923076923,1,-3272.0381123819243,0,0.03484713365596539,0.5,NONPOSITIVE-MODEL-MARGIN,V0.7-CONTROLLED-RESEARCH-SCREEN-NOT-DISTRIBUTION
SCR-1455,1.7564102564102563e-06,0.00853846153846154,1,-3288.7926035486666,0,0.03513817387320244,0.5,NONPOSITIVE-MODEL-MARGIN,V0.7-CONTROLLED-RESEARCH-SCREEN-NOT-DISTRIBUTION
SCR-1456,1.7564102564102563e-06,0.008846153846153847,1,-3305.5057664495134,0,0.0354292140904395,0.5,NONPOSITIVE-MODEL-MARGIN,V0.7-CONTROLLED-RESEARCH-SCREEN-NOT-DISTRIBUTION
SCR-1457,1.7564102564102563e-06,0.009153846153846155,1,-3322.1778763008306,0,0.03572025430767655,0.5,NONPOSITIVE-MODEL-MARGIN,V0.7-CONTROLLED-RESEARCH-SCREEN-NOT-DISTRIBUTION
SCR-1458,1.7564102564102563e-06,0.009461538461538462,1,-3338.8092046046418,0,0.03601129452491359,0.5,NONPOSITIVE-MODEL-MARGIN,V0.7-CONTROLLED-RESEARCH-SCREEN-NOT-DISTRIBUTION
SCR-1459,1.7564102564102563e-06,0.00976923076923077,1,-3355.400019219929,0,0.03630233474215064,0.5,NONPOSITIVE-MODEL-MARGIN,V0.7-CONTROLLED-RESEARCH-SCREEN-NOT-DISTRIBUTION
SCR-1460,1.7564102564102563e-06,0.010076923076923077,1,-3371.9505844321675,0,0.03659337495938769,0.5,NONPOSITIVE-MODEL-MARGIN,V0.7-CONTROLLED-RESEARCH-SCREEN-NOT-DISTRIBUTION
SCR-1461,1.7564102564102563e-06,0.010384615384615384,1,-3385.1987766997895,0,0.03688441517662474,0.5,NONPOSITIVE-MODEL-MARGIN,V0.7-CONTROLLED-RESEARCH-SCREEN-NOT-DISTRIBUTION
SCR-1462,1.7564102564102563e-06,0.010692307692307692,1,-3401.6777838716625,0,0.03717545539386179,0.5,NONPOSITIVE-MODEL-MARGIN,V0.7-CONTROLLED-RESEARCH-SCREEN-NOT-DISTRIBUTION
SCR-1463,1.7564102564102563e-06,0.011,1,-3418.117252526257,0,0.037466495611098834,0.5,NONPOSITIVE-MODEL-MARGIN,V0.7-CONTROLLED-RESEARCH-SCREEN-NOT-DISTRIBUTION
SCR-1464,1.7564102564102563e-06,0.011307692307692307,1,-3434.5174342671808,0,0.03775753582833588,0.5,NONPOSITIVE-MODEL-MARGIN,V0.7-CONTROLLED-RESEARCH-SCREEN-NOT-DISTRIBUTION
SCR-1465,1.7564102564102563e-06,0.011615384615384614,1,-3450.878577426744,0,0.038048576045572935,0.5,NONPOSITIVE-MODEL-MARGIN,V0.7-CONTROLLED-RESEARCH-SCREEN-NOT-DISTRIBUTION
SCR-1466,1.7564102564102563e-06,0.011923076923076925,1,-3467.200927126938,0,0.038339616262809996,0.5,NONPOSITIVE-MODEL-MARGIN,V0.7-CONTROLLED-RESEARCH-SCREEN-NOT-DISTRIBUTION
SCR-1467,1.7564102564102563e-06,0.012230769230769233,1,-3483.4847253390153,0,0.038630656480047036,0.5,NONPOSITIVE-MODEL-MARGIN,V0.7-CONTROLLED-RESEARCH-SCREEN-NOT-DISTRIBUTION
SCR-1468,1.7564102564102563e-06,0.01253846153846154,1,-3499.730210941662,0,0.03892169669728408,0.5,NONPOSITIVE-MODEL-MARGIN,V0.7-CONTROLLED-RESEARCH-SCREEN-NOT-DISTRIBUTION
SCR-1469,1.7564102564102563e-06,0.012846153846153847,1,-3515.9376197778006,0,0.03921273691452114,0.5,NONPOSITIVE-MODEL-MARGIN,V0.7-CONTROLLED-RESEARCH-SCREEN-NOT-DISTRIBUTION
SCR-1470,1.7564102564102563e-06,0.013153846153846155,1,-3532.1071847101057,0,0.03950377713175818,0.5,NONPOSITIVE-MODEL-MARGIN,V0.7-CONTROLLED-RESEARCH-SCREEN-NOT-DISTRIBUTION
SCR-1471,1.7564102564102563e-06,0.013461538461538462,1,-3548.239135675245,0,0.03979481734899524,0.5,NONPOSITIVE-MODEL-MARGIN,V0.7-CONTROLLED-RESEARCH-SCREEN-NOT-DISTRIBUTION
SCR-1472,1.7564102564102563e-06,0.01376923076923077,1,-3564.333699736829,0,0.04008585756623229,0.5,NONPOSITIVE-MODEL-MARGIN,V0.7-CONTROLLED-RESEARCH-SCREEN-NOT-DISTRIBUTION
SCR-1473,1.7564102564102563e-06,0.014076923076923077,1,-3580.39110113717,0,0.04037689778346934,0.5,NONPOSITIVE-MODEL-MARGIN,V0.7-CONTROLLED-RESEARCH-SCREEN-NOT-DISTRIBUTION
SCR-1474,1.7564102564102563e-06,0.014384615384615385,1,-3596.4115613478657,0,0.04066793800070639,0.5,NONPOSITIVE-MODEL-MARGIN,V0.7-CONTROLLED-RESEARCH-SCREEN-NOT-DISTRIBUTION
SCR-1475,1.7564102564102563e-06,0.014692307692307692,1,-3612.3952991192336,0,0.040958978217943434,0.5,NONPOSITIVE-MODEL-MARGIN,V0.7-CONTROLLED-RESEARCH-SCREEN-NOT-DISTRIBUTION
SCR-1476,1.7564102564102563e-06,0.015,1,-3625.19655175484,0,0.04125001843518048,0.5,NONPOSITIVE-MODEL-MARGIN,V0.7-CONTROLLED-RESEARCH-SCREEN-NOT-DISTRIBUTION
SCR-1477,1.8051282051282052e-06,0.003,1,-3025.2124604373967,0,0.030591818925410973,0.5,NONPOSITIVE-MODEL-MARGIN,V0.7-CONTROLLED-RESEARCH-SCREEN-NOT-DISTRIBUTION
SCR-1478,1.8051282051282052e-06,0.003307692307692308,1,-3042.6083174496443,0,0.030882430524542002,0.5,NONPOSITIVE-MODEL-MARGIN,V0.7-CONTROLLED-RESEARCH-SCREEN-NOT-DISTRIBUTION
SCR-1479,1.8051282051282052e-06,0.0036153846153846154,1,-3059.958386928682,0,0.031173042123673035,0.5,NONPOSITIVE-MODEL-MARGIN,V0.7-CONTROLLED-RESEARCH-SCREEN-NOT-DISTRIBUTION
SCR-1480,1.8051282051282052e-06,0.003923076923076923,1,-3077.2630072652446,0,0.03146365372280407,0.5,NONPOSITIVE-MODEL-MARGIN,V0.7-CONTROLLED-RESEARCH-SCREEN-NOT-DISTRIBUTION
SCR-1481,1.8051282051282052e-06,0.004230769230769231,1,-3094.5225118786148,0,0.03175426532193509,0.5,NONPOSITIVE-MODEL-MARGIN,V0.7-CONTROLLED-RESEARCH-SCREEN-NOT-DISTRIBUTION
SCR-1482,1.8051282051282052e-06,0.004538461538461538,1,-3111.737229318007,0,0.032044876921066126,0.5,NONPOSITIVE-MODEL-MARGIN,V0.7-CONTROLLED-RESEARCH-SCREEN-NOT-DISTRIBUTION
SCR-1483,1.8051282051282052e-06,0.004846153846153846,1,-3128.9074833614914,0,0.03233548852019716,0.5,NONPOSITIVE-MODEL-MARGIN,V0.7-CONTROLLED-RESEARCH-SCREEN-NOT-DISTRIBUTION
SCR-1484,1.8051282051282052e-06,0.005,1,-3137.4760365096104,0,0.032480794319762675,0.5,NONPOSITIVE-MODEL-MARGIN,V0.7-CONTROLLED-RESEARCH-SCREEN-NOT-DISTRIBUTION
SCR-1485,1.8051282051282052e-06,0.005153846153846154,1,-3146.0335931125474,0,0.03262610011932818,0.5,NONPOSITIVE-MODEL-MARGIN,V0.7-CONTROLLED-RESEARCH-SCREEN-NOT-DISTRIBUTION
SCR-1486,1.8051282051282052e-06,0.005461538461538462,1,-3163.1158730943416,0,0.032916711718459224,0.5,NONPOSITIVE-MODEL-MARGIN,V0.7-CONTROLLED-RESEARCH-SCREEN-NOT-DISTRIBUTION
SCR-1487,1.8051282051282052e-06,0.0057692307692307696,1,-3180.1546333417486,0,0.03320732331759025,0.5,NONPOSITIVE-MODEL-MARGIN,V0.7-CONTROLLED-RESEARCH-SCREEN-NOT-DISTRIBUTION
SCR-1488,1.8051282051282052e-06,0.006076923076923077,1,-3197.1501794911164,0,0.033497934916721275,0.5,NONPOSITIVE-MODEL-MARGIN,V0.7-CONTROLLED-RESEARCH-SCREEN-NOT-DISTRIBUTION
SCR-1489,1.8051282051282052e-06,0.006384615384615384,1,-3214.102812867966,0,0.033788546515852315,0.5,NONPOSITIVE-MODEL-MARGIN,V0.7-CONTROLLED-RESEARCH-SCREEN-NOT-DISTRIBUTION
SCR-1490,1.8051282051282052e-06,0.006692307692307693,1,-3231.012830572492,0,0.03407915811498334,0.5,NONPOSITIVE-MODEL-MARGIN,V0.7-CONTROLLED-RESEARCH-SCREEN-NOT-DISTRIBUTION
SCR-1491,1.8051282051282052e-06,0.007,1,-3247.8805255630896,0,0.034369769714114366,0.5,NONPOSITIVE-MODEL-MARGIN,V0.7-CONTROLLED-RESEARCH-SCREEN-NOT-DISTRIBUTION
SCR-1492,1.8051282051282052e-06,0.007307692307692308,1,-3264.7061867378607,0,0.0346603813132454,0.5,NONPOSITIVE-MODEL-MARGIN,V0.7-CONTROLLED-RESEARCH-SCREEN-NOT-DISTRIBUTION
SCR-1493,1.8051282051282052e-06,0.007615384615384616,1,-3281.4900990141514,0,0.03495099291237643,0.5,NONPOSITIVE-MODEL-MARGIN,V0.7-CONTROLLED-RESEARCH-SCREEN-NOT-DISTRIBUTION
SCR-1494,1.8051282051282052e-06,0.007923076923076923,1,-3298.23254340619,0,0.035241604511507464,0.5,NONPOSITIVE-MODEL-MARGIN,V0.7-CONTROLLED-RESEARCH-SCREEN-NOT-DISTRIBUTION
SCR-1495,1.8051282051282052e-06,0.00823076923076923,1,-3314.933797100916,0,0.03553221611063848,0.5,NONPOSITIVE-MODEL-MARGIN,V0.7-CONTROLLED-RESEARCH-SCREEN-NOT-DISTRIBUTION
SCR-1496,1.8051282051282052e-06,0.00853846153846154,1,-3331.5941335319367,0,0.03582282770976953,0.5,NONPOSITIVE-MODEL-MARGIN,V0.7-CONTROLLED-RESEARCH-SCREEN-NOT-DISTRIBUTION
SCR-1497,1.8051282051282052e-06,0.008846153846153847,1,-3348.2138224517626,0,0.03611343930890055,0.5,NONPOSITIVE-MODEL-MARGIN,V0.7-CONTROLLED-RESEARCH-SCREEN-NOT-DISTRIBUTION
SCR-1498,1.8051282051282052e-06,0.009153846153846155,1,-3364.793130002352,0,0.03640405090803158,0.5,NONPOSITIVE-MODEL-MARGIN,V0.7-CONTROLLED-RESEARCH-SCREEN-NOT-DISTRIBUTION
SCR-1499,1.8051282051282052e-06,0.009461538461538462,1,-3381.3323187839096,0,0.03669466250716262,0.5,NONPOSITIVE-MODEL-MARGIN,V0.7-CONTROLLED-RESEARCH-SCREEN-NOT-DISTRIBUTION
SCR-1500,1.8051282051282052e-06,0.00976923076923077,1,-3397.831647922124,0,0.03698527410629364,0.5,NONPOSITIVE-MODEL-MARGIN,V0.7-CONTROLLED-RESEARCH-SCREEN-NOT-DISTRIBUTION
SCR-1501,1.8051282051282052e-06,0.010076923076923077,1,-3414.2913731338163,0,0.037275885705424686,0.5,NONPOSITIVE-MODEL-MARGIN,V0.7-CONTROLLED-RESEARCH-SCREEN-NOT-DISTRIBUTION
SCR-1502,1.8051282051282052e-06,0.010384615384615384,1,-3427.4683944393955,0,0.037566497304555704,0.5,NONPOSITIVE-MODEL-MARGIN,V0.7-CONTROLLED-RESEARCH-SCREEN-NOT-DISTRIBUTION
SCR-1503,1.8051282051282052e-06,0.010692307692307692,1,-3443.8576737884473,0,0.03785710890368674,0.5,NONPOSITIVE-MODEL-MARGIN,V0.7-CONTROLLED-RESEARCH-SCREEN-NOT-DISTRIBUTION
SCR-1504,1.8051282051282052e-06,0.011,1,-3460.2080377017473,0,0.03814772050281777,0.5,NONPOSITIVE-MODEL-MARGIN,V0.7-CONTROLLED-RESEARCH-SCREEN-NOT-DISTRIBUTION
SCR-1505,1.8051282051282052e-06,0.011307692307692307,1,-3476.5197297811496,0,0.0384383321019488,0.5,NONPOSITIVE-MODEL-MARGIN,V0.7-CONTROLLED-RESEARCH-SCREEN-NOT-DISTRIBUTION
SCR-1506,1.8051282051282052e-06,0.011615384615384614,1,-3492.7929905052106,0,0.03872894370107983,0.5,NONPOSITIVE-MODEL-MARGIN,V0.7-CONTROLLED-RESEARCH-SCREEN-NOT-DISTRIBUTION
SCR-1507,1.8051282051282052e-06,0.011923076923076925,1,-3509.028057286765,0,0.03901955530021087,0.5,NONPOSITIVE-MODEL-MARGIN,V0.7-CONTROLLED-RESEARCH-SCREEN-NOT-DISTRIBUTION
SCR-1508,1.8051282051282052e-06,0.012230769230769233,1,-3525.225164529112,0,0.0393101668993419,0.5,NONPOSITIVE-MODEL-MARGIN,V0.7-CONTROLLED-RESEARCH-SCREEN-NOT-DISTRIBUTION
SCR-1509,1.8051282051282052e-06,0.01253846153846154,1,-3541.3845436809775,0,0.03960077849847292,0.5,NONPOSITIVE-MODEL-MARGIN,V0.7-CONTROLLED-RESEARCH-SCREEN-NOT-DISTRIBUTION
SCR-1510,1.8051282051282052e-06,0.012846153846153847,1,-3557.506423290126,0,0.03989139009760396,0.5,NONPOSITIVE-MODEL-MARGIN,V0.7-CONTROLLED-RESEARCH-SCREEN-NOT-DISTRIBUTION
SCR-1511,1.8051282051282052e-06,0.013153846153846155,1,-3573.5910290558163,0,0.040182001696734984,0.5,NONPOSITIVE-MODEL-MARGIN,V0.7-CONTROLLED-RESEARCH-SCREEN-NOT-DISTRIBUTION
SCR-1512,1.8051282051282052e-06,0.013461538461538462,1,-3589.6385838799847,0,0.040472613295866,0.5,NONPOSITIVE-MODEL-MARGIN,V0.7-CONTROLLED-RESEARCH-SCREEN-NOT-DISTRIBUTION
SCR-1513,1.8051282051282052e-06,0.01376923076923077,1,-3605.649307917329,0,0.04076322489499704,0.5,NONPOSITIVE-MODEL-MARGIN,V0.7-CONTROLLED-RESEARCH-SCREEN-NOT-DISTRIBUTION
SCR-1514,1.8051282051282052e-06,0.014076923076923077,1,-3621.6234186241763,0,0.041053836494128075,0.5,NONPOSITIVE-MODEL-MARGIN,V0.7-CONTROLLED-RESEARCH-SCREEN-NOT-DISTRIBUTION
SCR-1515,1.8051282051282052e-06,0.014384615384615385,1,-3637.5611308063303,0,0.04134444809325911,0.5,NONPOSITIVE-MODEL-MARGIN,V0.7-CONTROLLED-RESEARCH-SCREEN-NOT-DISTRIBUTION
SCR-1516,1.8051282051282052e-06,0.014692307692307692,1,-3650.3263706139323,0,0.04163505969239013,0.5,NONPOSITIVE-MODEL-MARGIN,V0.7-CONTROLLED-RESEARCH-SCREEN-NOT-DISTRIBUTION
SCR-1517,1.8051282051282052e-06,0.015,1,-3666.1991788032055,0,0.04192567129152117,0.5,NONPOSITIVE-MODEL-MARGIN,V0.7-CONTROLLED-RESEARCH-SCREEN-NOT-DISTRIBUTION
SCR-1518,1.8538461538461537e-06,0.003,1,-3069.576228336637,0,0.031282151568124604,0.5,NONPOSITIVE-MODEL-MARGIN,V0.7-CONTROLLED-RESEARCH-SCREEN-NOT-DISTRIBUTION
SCR-1519,1.8538461538461537e-06,0.003307692307692308,1,-3086.866902519818,0,0.03157233580975415,0.5,NONPOSITIVE-MODEL-MARGIN,V0.7-CONTROLLED-RESEARCH-SCREEN-NOT-DISTRIBUTION
SCR-1520,1.8538461538461537e-06,0.0036153846153846154,1,-3104.112624038915,0,0.03186252005138371,0.5,NONPOSITIVE-MODEL-MARGIN,V0.7-CONTROLLED-RESEARCH-SCREEN-NOT-DISTRIBUTION
SCR-1521,1.8538461538461537e-06,0.003923076923076923,1,-3121.313719172307,0,0.032152704293013264,0.5,NONPOSITIVE-MODEL-MARGIN,V0.7-CONTROLLED-RESEARCH-SCREEN-NOT-DISTRIBUTION
SCR-1522,1.8538461538461537e-06,0.004230769230769231,1,-3138.470509471362,0,0.032442888534642805,0.5,NONPOSITIVE-MODEL-MARGIN,V0.7-CONTROLLED-RESEARCH-SCREEN-NOT-DISTRIBUTION
SCR-1523,1.8538461538461537e-06,0.004538461538461538,1,-3155.58331185602,0,0.03273307277627236,0.5,NONPOSITIVE-MODEL-MARGIN,V0.7-CONTROLLED-RESEARCH-SCREEN-NOT-DISTRIBUTION
SCR-1524,1.8538461538461537e-06,0.004846153846153846,1,-3172.6524387081067,0,0.0330232570179019,0.5,NONPOSITIVE-MODEL-MARGIN,V0.7-CONTROLLED-RESEARCH-SCREEN-NOT-DISTRIBUTION
SCR-1525,1.8538461538461537e-06,0.005,1,-3181.1707202103335,0,0.033168349138716684,0.5,NONPOSITIVE-MODEL-MARGIN,V0.7-CONTROLLED-RESEARCH-SCREEN-NOT-DISTRIBUTION
SCR-1526,1.8538461538461537e-06,0.005153846153846154,1,-3189.678197962438,0,0.03331344125953145,0.5,NONPOSITIVE-MODEL-MARGIN,V0.7-CONTROLLED-RESEARCH-SCREEN-NOT-DISTRIBUTION
SCR-1527,1.8538461538461537e-06,0.005461538461538462,1,-3206.6608931956825,0,0.033603625501161014,0.5,NONPOSITIVE-MODEL-MARGIN,V0.7-CONTROLLED-RESEARCH-SCREEN-NOT-DISTRIBUTION
SCR-1528,1.8538461538461537e-06,0.0057692307692307696,1,-3223.6008237131123,0,0.03389380974279056,0.5,NONPOSITIVE-MODEL-MARGIN,V0.7-CONTROLLED-RESEARCH-SCREEN-NOT-DISTRIBUTION
SCR-1529,1.8538461538461537e-06,0.006076923076923077,1,-3240.4982846332864,0,0.034183993984420104,0.5,NONPOSITIVE-MODEL-MARGIN,V0.7-CONTROLLED-RESEARCH-SCREEN-NOT-DISTRIBUTION
SCR-1530,1.8538461538461537e-06,0.006384615384615384,1,-3257.35356697068,0,0.03447417822604966,0.5,NONPOSITIVE-MODEL-MARGIN,V0.7-CONTROLLED-RESEARCH-SCREEN-NOT-DISTRIBUTION
SCR-1531,1.8538461538461537e-06,0.006692307692307693,1,-3274.1669577163475,0,0.034764362467679215,0.5,NONPOSITIVE-MODEL-MARGIN,V0.7-CONTROLLED-RESEARCH-SCREEN-NOT-DISTRIBUTION
SCR-1532,1.8538461538461537e-06,0.007,1,-3290.9387399166476,0,0.03505454670930875,0.5,NONPOSITIVE-MODEL-MARGIN,V0.7-CONTROLLED-RESEARCH-SCREEN-NOT-DISTRIBUTION
SCR-1533,1.8538461538461537e-06,0.007307692307692308,1,-3307.669192750064,0,0.035344730950938305,0.5,NONPOSITIVE-MODEL-MARGIN,V0.7-CONTROLLED-RESEARCH-SCREEN-NOT-DISTRIBUTION
SCR-1534,1.8538461538461537e-06,0.007615384615384616,1,-3324.3585916022234,0,0.03563491519256787,0.5,NONPOSITIVE-MODEL-MARGIN,V0.7-CONTROLLED-RESEARCH-SCREEN-NOT-DISTRIBUTION
SCR-1535,1.8538461538461537e-06,0.007923076923076923,1,-3341.0072081391195,0,0.035925099434197416,0.5,NONPOSITIVE-MODEL-MARGIN,V0.7-CONTROLLED-RESEARCH-SCREEN-NOT-DISTRIBUTION
SCR-1536,1.8538461538461537e-06,0.00823076923076923,1,-3357.615310378557,0,0.03621528367582696,0.5,NONPOSITIVE-MODEL-MARGIN,V0.7-CONTROLLED-RESEARCH-SCREEN-NOT-DISTRIBUTION
SCR-1537,1.8538461538461537e-06,0.00853846153846154,1,-3374.1831627599645,0,0.03650546791745651,0.5,NONPOSITIVE-MODEL-MARGIN,V0.7-CONTROLLED-RESEARCH-SCREEN-NOT-DISTRIBUTION
SCR-1538,1.8538461538461537e-06,0.008846153846153847,1,-3390.711026212489,0,0.036795652159086055,0.5,NONPOSITIVE-MODEL-MARGIN,V0.7-CONTROLLED-RESEARCH-SCREEN-NOT-DISTRIBUTION
SCR-1539,1.8538461538461537e-06,0.009153846153846155,1,-3407.1991582215037,0,0.037085836400715604,0.5,NONPOSITIVE-MODEL-MARGIN,V0.7-CONTROLLED-RESEARCH-SCREEN-NOT-DISTRIBUTION
SCR-1540,1.8538461538461537e-06,0.009461538461538462,1,-3423.6478128935673,0,0.03737602064234516,0.5,NONPOSITIVE-MODEL-MARGIN,V0.7-CONTROLLED-RESEARCH-SCREEN-NOT-DISTRIBUTION
SCR-1541,1.8538461538461537e-06,0.00976923076923077,1,-3440.0572410198247,0,0.03766620488397472,0.5,NONPOSITIVE-MODEL-MARGIN,V0.7-CONTROLLED-RESEARCH-SCREEN-NOT-DISTRIBUTION
SCR-1542,1.8538461538461537e-06,0.010076923076923077,1,-3456.427690137948,0,0.03795638912560426,0.5,NONPOSITIVE-MODEL-MARGIN,V0.7-CONTROLLED-RESEARCH-SCREEN-NOT-DISTRIBUTION
SCR-1543,1.8538461538461537e-06,0.010384615384615384,1,-3469.5347004591663,0,0.03824657336723381,0.5,NONPOSITIVE-MODEL-MARGIN,V0.7-CONTROLLED-RESEARCH-SCREEN-NOT-DISTRIBUTION
SCR-1544,1.8538461538461537e-06,0.010692307692307692,1,-3485.835781788615,0,0.03853675760886336,0.5,NONPOSITIVE-MODEL-MARGIN,V0.7-CONTROLLED-RESEARCH-SCREEN-NOT-DISTRIBUTION
SCR-1545,1.8538461538461537e-06,0.011,1,-3502.0985511874724,0,0.03882694185049291,0.5,NONPOSITIVE-MODEL-MARGIN,V0.7-CONTROLLED-RESEARCH-SCREEN-NOT-DISTRIBUTION
SCR-1546,1.8538461538461537e-06,0.011307692307692307,1,-3518.323244614875,0,0.03911712609212246,0.5,NONPOSITIVE-MODEL-MARGIN,V0.7-CONTROLLED-RESEARCH-SCREEN-NOT-DISTRIBUTION
SCR-1547,1.8538461538461537e-06,0.011615384615384614,1,-3534.5100950464043,0,0.03940731033375201,0.5,NONPOSITIVE-MODEL-MARGIN,V0.7-CONTROLLED-RESEARCH-SCREEN-NOT-DISTRIBUTION
SCR-1548,1.8538461538461537e-06,0.011923076923076925,1,-3550.6593325284657,0,0.039697494575381576,0.5,NONPOSITIVE-MODEL-MARGIN,V0.7-CONTROLLED-RESEARCH-SCREEN-NOT-DISTRIBUTION
SCR-1549,1.8538461538461537e-06,0.012230769230769233,1,-3566.7711842313524,0,0.03998767881701112,0.5,NONPOSITIVE-MODEL-MARGIN,V0.7-CONTROLLED-RESEARCH-SCREEN-NOT-DISTRIBUTION
SCR-1550,1.8538461538461537e-06,0.01253846153846154,1,-3582.8458745011185,0,0.04027786305864066,0.5,NONPOSITIVE-MODEL-MARGIN,V0.7-CONTROLLED-RESEARCH-SCREEN-NOT-DISTRIBUTION
SCR-1551,1.8538461538461537e-06,0.012846153846153847,1,-3598.8836249102646,0,0.04056804730027022,0.5,NONPOSITIVE-MODEL-MARGIN,V0.7-CONTROLLED-RESEARCH-SCREEN-NOT-DISTRIBUTION
SCR-1552,1.8538461538461537e-06,0.013153846153846155,1,-3614.8846543072555,0,0.04085823154189976,0.5,NONPOSITIVE-MODEL-MARGIN,V0.7-CONTROLLED-RESEARCH-SCREEN-NOT-DISTRIBUTION
SCR-1553,1.8538461538461537e-06,0.013461538461538462,1,-3630.849178864938,0,0.041148415783529305,0.5,NONPOSITIVE-MODEL-MARGIN,V0.7-CONTROLLED-RESEARCH-SCREEN-NOT-DISTRIBUTION
SCR-1554,1.8538461538461537e-06,0.01376923076923077,1,-3646.7774121278303,0,0.04143860002515887,0.5,NONPOSITIVE-MODEL-MARGIN,V0.7-CONTROLLED-RESEARCH-SCREEN-NOT-DISTRIBUTION
SCR-1555,1.8538461538461537e-06,0.014076923076923077,1,-3662.6695650583515,0,0.041728784266788416,0.5,NONPOSITIVE-MODEL-MARGIN,V0.7-CONTROLLED-RESEARCH-SCREEN-NOT-DISTRIBUTION
SCR-1556,1.8538461538461537e-06,0.014384615384615385,1,-3675.399139251854,0,0.042018968508417964,0.5,NONPOSITIVE-MODEL-MARGIN,V0.7-CONTROLLED-RESEARCH-SCREEN-NOT-DISTRIBUTION
SCR-1557,1.8538461538461537e-06,0.014692307692307692,1,-3691.226939551966,0,0.04230915275004751,0.5,NONPOSITIVE-MODEL-MARGIN,V0.7-CONTROLLED-RESEARCH-SCREEN-NOT-DISTRIBUTION
SCR-1558,1.8538461538461537e-06,0.015,1,-3707.019230410849,0,0.04259933699167707,0.5,NONPOSITIVE-MODEL-MARGIN,V0.7-CONTROLLED-RESEARCH-SCREEN-NOT-DISTRIBUTION
SCR-1559,1.9025641025641026e-06,0.003,1,-3113.698745681806,0,0.03197045686145662,0.5,NONPOSITIVE-MODEL-MARGIN,V0.7-CONTROLLED-RESEARCH-SCREEN-NOT-DISTRIBUTION
SCR-1560,1.9025641025641026e-06,0.003307692307692308,1,-3130.8862837488286,0,0.03226021500063672,0.5,NONPOSITIVE-MODEL-MARGIN,V0.7-CONTROLLED-RESEARCH-SCREEN-NOT-DISTRIBUTION
SCR-1561,1.9025641025641026e-06,0.0036153846153846154,1,-3148.029674510136,0,0.03254997313981682,0.5,NONPOSITIVE-MODEL-MARGIN,V0.7-CONTROLLED-RESEARCH-SCREEN-NOT-DISTRIBUTION
SCR-1562,1.9025641025641026e-06,0.003923076923076923,1,-3165.129232720891,0,0.03283973127899692,0.5,NONPOSITIVE-MODEL-MARGIN,V0.7-CONTROLLED-RESEARCH-SCREEN-NOT-DISTRIBUTION
SCR-1563,1.9025641025641026e-06,0.004230769230769231,1,-3182.1852686400052,0,0.033129489418177026,0.5,NONPOSITIVE-MODEL-MARGIN,V0.7-CONTROLLED-RESEARCH-SCREEN-NOT-DISTRIBUTION
SCR-1564,1.9025641025641026e-06,0.004538461538461538,1,-3199.1980881202808,0,0.033419247557357125,0.5,NONPOSITIVE-MODEL-MARGIN,V0.7-CONTROLLED-RESEARCH-SCREEN-NOT-DISTRIBUTION
SCR-1565,1.9025641025641026e-06,0.004846153846153846,1,-3216.1679926963743,0,0.03370900569653723,0.5,NONPOSITIVE-MODEL-MARGIN,V0.7-CONTROLLED-RESEARCH-SCREEN-NOT-DISTRIBUTION
SCR-1566,1.9025641025641026e-06,0.005,1,-3224.6369449653625,0,0.03385388476612728,0.5,NONPOSITIVE-MODEL-MARGIN,V0.7-CONTROLLED-RESEARCH-SCREEN-NOT-DISTRIBUTION
SCR-1567,1.9025641025641026e-06,0.005153846153846154,1,-3233.0952796706624,0,0.03399876383571732,0.5,NONPOSITIVE-MODEL-MARGIN,V0.7-CONTROLLED-RESEARCH-SCREEN-NOT-DISTRIBUTION
SCR-1568,1.9025641025641026e-06,0.005461538461538462,1,-3249.9802421970635,0,0.03428852197489744,0.5,NONPOSITIVE-MODEL-MARGIN,V0.7-CONTROLLED-RESEARCH-SCREEN-NOT-DISTRIBUTION
SCR-1569,1.9025641025641026e-06,0.0057692307692307696,1,-3266.8231693627704,0,0.034578280114077535,0.5,NONPOSITIVE-MODEL-MARGIN,V0.7-CONTROLLED-RESEARCH-SCREEN-NOT-DISTRIBUTION
SCR-1570,1.9025641025641026e-06,0.006076923076923077,1,-3283.624346268098,0,0.034868038253257634,0.5,NONPOSITIVE-MODEL-MARGIN,V0.7-CONTROLLED-RESEARCH-SCREEN-NOT-DISTRIBUTION
SCR-1571,1.9025641025641026e-06,0.006384615384615384,1,-3300.3840541043796,0,0.03515779639243774,0.5,NONPOSITIVE-MODEL-MARGIN,V0.7-CONTROLLED-RESEARCH-SCREEN-NOT-DISTRIBUTION
SCR-1572,1.9025641025641026e-06,0.006692307692307693,1,-3317.102570230004,0,0.035447554531617846,0.5,NONPOSITIVE-MODEL-MARGIN,V0.7-CONTROLLED-RESEARCH-SCREEN-NOT-DISTRIBUTION
SCR-1573,1.9025641025641026e-06,0.007,1,-3333.78016824461,0,0.035737312670797945,0.5,NONPOSITIVE-MODEL-MARGIN,V0.7-CONTROLLED-RESEARCH-SCREEN-NOT-DISTRIBUTION
SCR-1574,1.9025641025641026e-06,0.007307692307692308,1,-3350.417118061575,0,0.036027070809978044,0.5,NONPOSITIVE-MODEL-MARGIN,V0.7-CONTROLLED-RESEARCH-SCREEN-NOT-DISTRIBUTION
SCR-1575,1.9025641025641026e-06,0.007615384615384616,1,-3367.0136859786953,0,0.03631682894915815,0.5,NONPOSITIVE-MODEL-MARGIN,V0.7-CONTROLLED-RESEARCH-SCREEN-NOT-DISTRIBUTION
SCR-1576,1.9025641025641026e-06,0.007923076923076923,1,-3383.5701347472423,0,0.03660658708833824,0.5,NONPOSITIVE-MODEL-MARGIN,V0.7-CONTROLLED-RESEARCH-SCREEN-NOT-DISTRIBUTION
SCR-1577,1.9025641025641026e-06,0.00823076923076923,1,-3400.086723639385,0,0.03689634522751834,0.5,NONPOSITIVE-MODEL-MARGIN,V0.7-CONTROLLED-RESEARCH-SCREEN-NOT-DISTRIBUTION
SCR-1578,1.9025641025641026e-06,0.00853846153846154,1,-3416.5637085139774,0,0.037186103366698454,0.5,NONPOSITIVE-MODEL-MARGIN,V0.7-CONTROLLED-RESEARCH-SCREEN-NOT-DISTRIBUTION
SCR-1579,1.9025641025641026e-06,0.008846153846153847,1,-3433.0013418808157,0,0.03747586150587855,0.5,NONPOSITIVE-MODEL-MARGIN,V0.7-CONTROLLED-RESEARCH-SCREEN-NOT-DISTRIBUTION
SCR-1580,1.9025641025641026e-06,0.009153846153846155,1,-3449.399872963399,0,0.037765619645058646,0.5,NONPOSITIVE-MODEL-MARGIN,V0.7-CONTROLLED-RESEARCH-SCREEN-NOT-DISTRIBUTION
SCR-1581,1.9025641025641026e-06,0.009461538461538462,1,-3465.7595477602126,0,0.03805537778423876,0.5,NONPOSITIVE-MODEL-MARGIN,V0.7-CONTROLLED-RESEARCH-SCREEN-NOT-DISTRIBUTION
SCR-1582,1.9025641025641026e-06,0.00976923076923077,1,-3482.080609104547,0,0.03834513592341886,0.5,NONPOSITIVE-MODEL-MARGIN,V0.7-CONTROLLED-RESEARCH-SCREEN-NOT-DISTRIBUTION
SCR-1583,1.9025641025641026e-06,0.010076923076923077,1,-3498.363296722963,0,0.038634894062598964,0.5,NONPOSITIVE-MODEL-MARGIN,V0.7-CONTROLLED-RESEARCH-SCREEN-NOT-DISTRIBUTION
SCR-1584,1.9025641025641026e-06,0.010384615384615384,1,-3511.4014222634682,0,0.03892465220177906,0.5,NONPOSITIVE-MODEL-MARGIN,V0.7-CONTROLLED-RESEARCH-SCREEN-NOT-DISTRIBUTION
SCR-1585,1.9025641025641026e-06,0.010692307692307692,1,-3527.615787513492,0,0.03921441034095917,0.5,NONPOSITIVE-MODEL-MARGIN,V0.7-CONTROLLED-RESEARCH-SCREEN-NOT-DISTRIBUTION
SCR-1586,1.9025641025641026e-06,0.011,1,-3543.792425632321,0,0.03950416848013927,0.5,NONPOSITIVE-MODEL-MARGIN,V0.7-CONTROLLED-RESEARCH-SCREEN-NOT-DISTRIBUTION
SCR-1587,1.9025641025641026e-06,0.011307692307692307,1,-3559.9315652755768,0,0.039793926619319374,0.5,NONPOSITIVE-MODEL-MARGIN,V0.7-CONTROLLED-RESEARCH-SCREEN-NOT-DISTRIBUTION
SCR-1588,1.9025641025641026e-06,0.011615384615384614,1,-3576.033432247382,0,0.040083684758499466,0.5,NONPOSITIVE-MODEL-MARGIN,V0.7-CONTROLLED-RESEARCH-SCREEN-NOT-DISTRIBUTION
SCR-1589,1.9025641025641026e-06,0.011923076923076925,1,-3592.098249551652,0,0.040373442897679586,0.5,NONPOSITIVE-MODEL-MARGIN,V0.7-CONTROLLED-RESEARCH-SCREEN-NOT-DISTRIBUTION
SCR-1590,1.9025641025641026e-06,0.012230769230769233,1,-3608.1262374422763,0,0.04066320103685968,0.5,NONPOSITIVE-MODEL-MARGIN,V0.7-CONTROLLED-RESEARCH-SCREEN-NOT-DISTRIBUTION
SCR-1591,1.9025641025641026e-06,0.01253846153846154,1,-3624.117613472119,0,0.04095295917603977,0.5,NONPOSITIVE-MODEL-MARGIN,V0.7-CONTROLLED-RESEARCH-SCREEN-NOT-DISTRIBUTION
SCR-1592,1.9025641025641026e-06,0.012846153846153847,1,-3640.0725925408983,0,0.04124271731521988,0.5,NONPOSITIVE-MODEL-MARGIN,V0.7-CONTROLLED-RESEARCH-SCREEN-NOT-DISTRIBUTION
SCR-1593,1.9025641025641026e-06,0.013153846153846155,1,-3655.9913869420056,0,0.04153247545439998,0.5,NONPOSITIVE-MODEL-MARGIN,V0.7-CONTROLLED-RESEARCH-SCREEN-NOT-DISTRIBUTION
SCR-1594,1.9025641025641026e-06,0.013461538461538462,1,-3671.87420640829,0,0.04182223359358009,0.5,NONPOSITIVE-MODEL-MARGIN,V0.7-CONTROLLED-RESEARCH-SCREEN-NOT-DISTRIBUTION
SCR-1595,1.9025641025641026e-06,0.01376923076923077,1,-3687.7212581567455,0,0.04211199173276019,0.5,NONPOSITIVE-MODEL-MARGIN,V0.7-CONTROLLED-RESEARCH-SCREEN-NOT-DISTRIBUTION
SCR-1596,1.9025641025641026e-06,0.014076923076923077,1,-3700.4155082373322,0,0.042401749871940286,0.5,NONPOSITIVE-MODEL-MARGIN,V0.7-CONTROLLED-RESEARCH-SCREEN-NOT-DISTRIBUTION
SCR-1597,1.9025641025641026e-06,0.014384615384615385,1,-3716.1987493825886,0,0.042691508011120385,0.5,NONPOSITIVE-MODEL-MARGIN,V0.7-CONTROLLED-RESEARCH-SCREEN-NOT-DISTRIBUTION
SCR-1598,1.9025641025641026e-06,0.014692307692307692,1,-3731.9467838222454,0,0.042981266150300484,0.5,NONPOSITIVE-MODEL-MARGIN,V0.7-CONTROLLED-RESEARCH-SCREEN-NOT-DISTRIBUTION
SCR-1599,1.9025641025641026e-06,0.015,1,-3747.6598097567976,0,0.0432710242894806,0.5,NONPOSITIVE-MODEL-MARGIN,V0.7-CONTROLLED-RESEARCH-SCREEN-NOT-DISTRIBUTION
SCR-1600,1.951282051282051e-06,0.003,1,-3160.973503210559,0,0.032656743722983946,0.5,NONPOSITIVE-MODEL-MARGIN,V0.7-CONTROLLED-RESEARCH-SCREEN-NOT-DISTRIBUTION
SCR-1601,1.951282051282051e-06,0.003307692307692308,1,-3178.050760050947,0,0.032946077009244894,0.5,NONPOSITIVE-MODEL-MARGIN,V0.7-CONTROLLED-RESEARCH-SCREEN-NOT-DISTRIBUTION
SCR-1602,1.951282051282051e-06,0.0036153846153846154,1,-3191.714384750882,0,0.033235410295505856,0.5,NONPOSITIVE-MODEL-MARGIN,V0.7-CONTROLLED-RESEARCH-SCREEN-NOT-DISTRIBUTION
SCR-1603,1.951282051282051e-06,0.003923076923076923,1,-3208.714325262923,0,0.0335247435817668,0.5,NONPOSITIVE-MODEL-MARGIN,V0.7-CONTROLLED-RESEARCH-SCREEN-NOT-DISTRIBUTION
SCR-1604,1.951282051282051e-06,0.004230769230769231,1,-3225.671499035185,0,0.033814076868027745,0.5,NONPOSITIVE-MODEL-MARGIN,V0.7-CONTROLLED-RESEARCH-SCREEN-NOT-DISTRIBUTION
SCR-1605,1.951282051282051e-06,0.004538461538461538,1,-3242.586201384365,0,0.0341034101542887,0.5,NONPOSITIVE-MODEL-MARGIN,V0.7-CONTROLLED-RESEARCH-SCREEN-NOT-DISTRIBUTION
SCR-1606,1.951282051282051e-06,0.004846153846153846,1,-3259.4587235165845,0,0.03439274344054965,0.5,NONPOSITIVE-MODEL-MARGIN,V0.7-CONTROLLED-RESEARCH-SCREEN-NOT-DISTRIBUTION
SCR-1607,1.951282051282051e-06,0.005,1,-3267.879256899205,0,0.03453741008368012,0.5,NONPOSITIVE-MODEL-MARGIN,V0.7-CONTROLLED-RESEARCH-SCREEN-NOT-DISTRIBUTION
SCR-1608,1.951282051282051e-06,0.005153846153846154,1,-3276.289352608283,0,0.0346820767268106,0.5,NONPOSITIVE-MODEL-MARGIN,V0.7-CONTROLLED-RESEARCH-SCREEN-NOT-DISTRIBUTION
SCR-1609,1.951282051282051e-06,0.005461538461538462,1,-3293.0783718852176,0,0.03497141001307155,0.5,NONPOSITIVE-MODEL-MARGIN,V0.7-CONTROLLED-RESEARCH-SCREEN-NOT-DISTRIBUTION
SCR-1610,1.951282051282051e-06,0.0057692307692307696,1,-3309.8260606995545,0,0.03526074329933252,0.5,NONPOSITIVE-MODEL-MARGIN,V0.7-CONTROLLED-RESEARCH-SCREEN-NOT-DISTRIBUTION
SCR-1611,1.951282051282051e-06,0.006076923076923077,1,-3326.5326946050786,0,0.035550076585593456,0.5,NONPOSITIVE-MODEL-MARGIN,V0.7-CONTROLLED-RESEARCH-SCREEN-NOT-DISTRIBUTION
SCR-1612,1.951282051282051e-06,0.006384615384615384,1,-3343.1985454306623,0,0.035839409871854404,0.5,NONPOSITIVE-MODEL-MARGIN,V0.7-CONTROLLED-RESEARCH-SCREEN-NOT-DISTRIBUTION
SCR-1613,1.951282051282051e-06,0.006692307692307693,1,-3359.8238813519392,0,0.036128743158115366,0.5,NONPOSITIVE-MODEL-MARGIN,V0.7-CONTROLLED-RESEARCH-SCREEN-NOT-DISTRIBUTION
SCR-1614,1.951282051282051e-06,0.007,1,-3376.4089669612536,0,0.036418076444376314,0.5,NONPOSITIVE-MODEL-MARGIN,V0.7-CONTROLLED-RESEARCH-SCREEN-NOT-DISTRIBUTION
SCR-1615,1.951282051282051e-06,0.007307692307692308,1,-3392.9540633360198,0,0.03670740973063726,0.5,NONPOSITIVE-MODEL-MARGIN,V0.7-CONTROLLED-RESEARCH-SCREEN-NOT-DISTRIBUTION
SCR-1616,1.951282051282051e-06,0.007615384615384616,1,-3409.459428105369,0,0.03699674301689822,0.5,NONPOSITIVE-MODEL-MARGIN,V0.7-CONTROLLED-RESEARCH-SCREEN-NOT-DISTRIBUTION
SCR-1617,1.951282051282051e-06,0.007923076923076923,1,-3425.925315515308,0,0.03728607630315917,0.5,NONPOSITIVE-MODEL-MARGIN,V0.7-CONTROLLED-RESEARCH-SCREEN-NOT-DISTRIBUTION
SCR-1618,1.951282051282051e-06,0.00823076923076923,1,-3442.351976492266,0,0.03757540958942012,0.5,NONPOSITIVE-MODEL-MARGIN,V0.7-CONTROLLED-RESEARCH-SCREEN-NOT-DISTRIBUTION
SCR-1619,1.951282051282051e-06,0.00853846153846154,1,-3458.739658705196,0,0.03786474287568107,0.5,NONPOSITIVE-MODEL-MARGIN,V0.7-CONTROLLED-RESEARCH-SCREEN-NOT-DISTRIBUTION
SCR-1620,1.951282051282051e-06,0.008846153846153847,1,-3475.0886066262156,0,0.03815407616194203,0.5,NONPOSITIVE-MODEL-MARGIN,V0.7-CONTROLLED-RESEARCH-SCREEN-NOT-DISTRIBUTION
SCR-1621,1.951282051282051e-06,0.009153846153846155,1,-3491.399061589797,0,0.03844340944820297,0.5,NONPOSITIVE-MODEL-MARGIN,V0.7-CONTROLLED-RESEARCH-SCREEN-NOT-DISTRIBUTION
SCR-1622,1.951282051282051e-06,0.009461538461538462,1,-3507.671261850631,0,0.03873274273446393,0.5,NONPOSITIVE-MODEL-MARGIN,V0.7-CONTROLLED-RESEARCH-SCREEN-NOT-DISTRIBUTION
SCR-1623,1.951282051282051e-06,0.00976923076923077,1,-3523.9054426400903,0,0.03902207602072488,0.5,NONPOSITIVE-MODEL-MARGIN,V0.7-CONTROLLED-RESEARCH-SCREEN-NOT-DISTRIBUTION
SCR-1624,1.951282051282051e-06,0.010076923076923077,1,-3536.9057007020306,0,0.039311409306985824,0.5,NONPOSITIVE-MODEL-MARGIN,V0.7-CONTROLLED-RESEARCH-SCREEN-NOT-DISTRIBUTION
SCR-1625,1.951282051282051e-06,0.010384615384615384,1,-3553.072170723052,0,0.03960074259324678,0.5,NONPOSITIVE-MODEL-MARGIN,V0.7-CONTROLLED-RESEARCH-SCREEN-NOT-DISTRIBUTION
SCR-1626,1.951282051282051e-06,0.010692307692307692,1,-3569.2012560804574,0,0.03989007587950773,0.5,NONPOSITIVE-MODEL-MARGIN,V0.7-CONTROLLED-RESEARCH-SCREEN-NOT-DISTRIBUTION
SCR-1627,1.951282051282051e-06,0.011,1,-3585.29318122339,0,0.04017940916576868,0.5,NONPOSITIVE-MODEL-MARGIN,V0.7-CONTROLLED-RESEARCH-SCREEN-NOT-DISTRIBUTION
SCR-1628,1.951282051282051e-06,0.011307692307692307,1,-3601.348167824602,0,0.04046874245202963,0.5,NONPOSITIVE-MODEL-MARGIN,V0.7-CONTROLLED-RESEARCH-SCREEN-NOT-DISTRIBUTION
SCR-1629,1.951282051282051e-06,0.011615384615384614,1,-3617.3664348300963,0,0.04075807573829058,0.5,NONPOSITIVE-MODEL-MARGIN,V0.7-CONTROLLED-RESEARCH-SCREEN-NOT-DISTRIBUTION
SCR-1630,1.951282051282051e-06,0.011923076923076925,1,-3633.3481985076314,0,0.041047409024551534,0.5,NONPOSITIVE-MODEL-MARGIN,V0.7-CONTROLLED-RESEARCH-SCREEN-NOT-DISTRIBUTION
SCR-1631,1.951282051282051e-06,0.012230769230769233,1,-3649.2936724940896,0,0.04133674231081249,0.5,NONPOSITIVE-MODEL-MARGIN,V0.7-CONTROLLED-RESEARCH-SCREEN-NOT-DISTRIBUTION
SCR-1632,1.951282051282051e-06,0.01253846153846154,1,-3665.203067841831,0,0.041626075597073445,0.5,NONPOSITIVE-MODEL-MARGIN,V0.7-CONTROLLED-RESEARCH-SCREEN-NOT-DISTRIBUTION
SCR-1633,1.951282051282051e-06,0.012846153846153847,1,-3681.0765930639704,0,0.04191540888333439,0.5,NONPOSITIVE-MODEL-MARGIN,V0.7-CONTROLLED-RESEARCH-SCREEN-NOT-DISTRIBUTION
SCR-1634,1.951282051282051e-06,0.013153846153846155,1,-3696.914454178618,0,0.04220474216959534,0.5,NONPOSITIVE-MODEL-MARGIN,V0.7-CONTROLLED-RESEARCH-SCREEN-NOT-DISTRIBUTION
SCR-1635,1.951282051282051e-06,0.013461538461538462,1,-3712.7168547522133,0,0.042494075455856296,0.5,NONPOSITIVE-MODEL-MARGIN,V0.7-CONTROLLED-RESEARCH-SCREEN-NOT-DISTRIBUTION
SCR-1636,1.951282051282051e-06,0.01376923076923077,1,-3725.376116634011,0,0.042783408742117245,0.5,NONPOSITIVE-MODEL-MARGIN,V0.7-CONTROLLED-RESEARCH-SCREEN-NOT-DISTRIBUTION
SCR-1637,1.951282051282051e-06,0.014076923076923077,1,-3741.1152395198164,0,0.0430727420283782,0.5,NONPOSITIVE-MODEL-MARGIN,V0.7-CONTROLLED-RESEARCH-SCREEN-NOT-DISTRIBUTION
SCR-1638,1.951282051282051e-06,0.014384615384615385,1,-3756.819453240219,0,0.04336207531463915,0.5,NONPOSITIVE-MODEL-MARGIN,V0.7-CONTROLLED-RESEARCH-SCREEN-NOT-DISTRIBUTION
SCR-1639,1.951282051282051e-06,0.014692307692307692,1,-3772.488952569023,0,0.043651408600900096,0.5,NONPOSITIVE-MODEL-MARGIN,V0.7-CONTROLLED-RESEARCH-SCREEN-NOT-DISTRIBUTION
SCR-1640,1.951282051282051e-06,0.015,1,-3788.12393001892,0,0.04394074188716105,0.5,NONPOSITIVE-MODEL-MARGIN,V0.7-CONTROLLED-RESEARCH-SCREEN-NOT-DISTRIBUTION
SCR-1641,2e-06,0.003,1,-3204.6068657758924,0,0.0333410210182511,0.5,NONPOSITIVE-MODEL-MARGIN,V0.7-CONTROLLED-RESEARCH-SCREEN-NOT-DISTRIBUTION
SCR-1642,2e-06,0.003307692307692308,1,-3221.585060833081,0,0.03362993069563558,0.5,NONPOSITIVE-MODEL-MARGIN,V0.7-CONTROLLED-RESEARCH-SCREEN-NOT-DISTRIBUTION
SCR-1643,2e-06,0.0036153846153846154,1,-3238.520710085906,0,0.033918840373020065,0.5,NONPOSITIVE-MODEL-MARGIN,V0.7-CONTROLLED-RESEARCH-SCREEN-NOT-DISTRIBUTION
SCR-1644,2e-06,0.003923076923076923,1,-3255.4141056304284,0,0.034207750050404565,0.5,NONPOSITIVE-MODEL-MARGIN,V0.7-CONTROLLED-RESEARCH-SCREEN-NOT-DISTRIBUTION
SCR-1645,2e-06,0.004230769230769231,1,-3272.2655355212582,0,0.03449665972778905,0.5,NONPOSITIVE-MODEL-MARGIN,V0.7-CONTROLLED-RESEARCH-SCREEN-NOT-DISTRIBUTION
SCR-1646,2e-06,0.004538461538461538,1,-3285.7521361945355,0,0.034785569405173536,0.5,NONPOSITIVE-MODEL-MARGIN,V0.7-CONTROLLED-RESEARCH-SCREEN-NOT-DISTRIBUTION
SCR-1647,2e-06,0.004846153846153846,1,-3302.5290536815482,0,0.03507447908255804,0.5,NONPOSITIVE-MODEL-MARGIN,V0.7-CONTROLLED-RESEARCH-SCREEN-NOT-DISTRIBUTION
SCR-1648,2e-06,0.005,1,-3310.9020479577066,0,0.03521893392125028,0.5,NONPOSITIVE-MODEL-MARGIN,V0.7-CONTROLLED-RESEARCH-SCREEN-NOT-DISTRIBUTION
SCR-1649,2e-06,0.005153846153846154,1,-3319.2647784493706,0,0.03536338875994252,0.5,NONPOSITIVE-MODEL-MARGIN,V0.7-CONTROLLED-RESEARCH-SCREEN-NOT-DISTRIBUTION
SCR-1650,2e-06,0.005461538461538462,1,-3335.9595842626013,0,0.035652298437327014,0.5,NONPOSITIVE-MODEL-MARGIN,V0.7-CONTROLLED-RESEARCH-SCREEN-NOT-DISTRIBUTION
SCR-1651,2e-06,0.0057692307692307696,1,-3352.613741194413,0,0.03594120811471151,0.5,NONPOSITIVE-MODEL-MARGIN,V0.7-CONTROLLED-RESEARCH-SCREEN-NOT-DISTRIBUTION
SCR-1652,2e-06,0.006076923076923077,1,-3369.2275156974347,0,0.036230117792096,0.5,NONPOSITIVE-MODEL-MARGIN,V0.7-CONTROLLED-RESEARCH-SCREEN-NOT-DISTRIBUTION
SCR-1653,2e-06,0.006384615384615384,1,-3385.8011706730395,0,0.0365190274694805,0.5,NONPOSITIVE-MODEL-MARGIN,V0.7-CONTROLLED-RESEARCH-SCREEN-NOT-DISTRIBUTION
SCR-1654,2e-06,0.006692307692307693,1,-3402.334965538901,0,0.03680793714686499,0.5,NONPOSITIVE-MODEL-MARGIN,V0.7-CONTROLLED-RESEARCH-SCREEN-NOT-DISTRIBUTION
SCR-1655,2e-06,0.007,1,-3418.8291562949835,0,0.037096846824249484,0.5,NONPOSITIVE-MODEL-MARGIN,V0.7-CONTROLLED-RESEARCH-SCREEN-NOT-DISTRIBUTION
SCR-1656,2e-06,0.007307692307692308,1,-3435.283995587997,0,0.03738575650163397,0.5,NONPOSITIVE-MODEL-MARGIN,V0.7-CONTROLLED-RESEARCH-SCREEN-NOT-DISTRIBUTION
SCR-1657,2e-06,0.007615384615384616,1,-3451.699732774267,0,0.03767466617901847,0.5,NONPOSITIVE-MODEL-MARGIN,V0.7-CONTROLLED-RESEARCH-SCREEN-NOT-DISTRIBUTION
SCR-1658,2e-06,0.007923076923076923,1,-3468.0766139812076,0,0.037963575856402955,0.5,NONPOSITIVE-MODEL-MARGIN,V0.7-CONTROLLED-RESEARCH-SCREEN-NOT-DISTRIBUTION
SCR-1659,2e-06,0.00823076923076923,1,-3484.414882167279,0,0.03825248553378745,0.5,NONPOSITIVE-MODEL-MARGIN,V0.7-CONTROLLED-RESEARCH-SCREEN-NOT-DISTRIBUTION
SCR-1660,2e-06,0.00853846153846154,1,-3500.714777180585,0,0.03854139521117194,0.5,NONPOSITIVE-MODEL-MARGIN,V0.7-CONTROLLED-RESEARCH-SCREEN-NOT-DISTRIBUTION
SCR-1661,2e-06,0.008846153846153847,1,-3516.9765358161285,0,0.03883030488855643,0.5,NONPOSITIVE-MODEL-MARGIN,V0.7-CONTROLLED-RESEARCH-SCREEN-NOT-DISTRIBUTION
SCR-1662,2e-06,0.009153846153846155,1,-3533.200391871662,0,0.039119214565940925,0.5,NONPOSITIVE-MODEL-MARGIN,V0.7-CONTROLLED-RESEARCH-SCREEN-NOT-DISTRIBUTION
SCR-1663,2e-06,0.009461538461538462,1,-3549.386576202344,0,0.03940812424332541,0.5,NONPOSITIVE-MODEL-MARGIN,V0.7-CONTROLLED-RESEARCH-SCREEN-NOT-DISTRIBUTION
SCR-1664,2e-06,0.00976923076923077,1,-3565.5353167740445,0,0.03969703392070991,0.5,NONPOSITIVE-MODEL-MARGIN,V0.7-CONTROLLED-RESEARCH-SCREEN-NOT-DISTRIBUTION
SCR-1665,2e-06,0.010076923076923077,1,-3578.4684187713574,0,0.0399859435980944,0.5,NONPOSITIVE-MODEL-MARGIN,V0.7-CONTROLLED-RESEARCH-SCREEN-NOT-DISTRIBUTION
SCR-1666,2e-06,0.010384615384615384,1,-3594.550444717223,0,0.04027485327547889,0.5,NONPOSITIVE-MODEL-MARGIN,V0.7-CONTROLLED-RESEARCH-SCREEN-NOT-DISTRIBUTION
SCR-1667,2e-06,0.010692307692307692,1,-3610.595642612323,0,0.04056376295286339,0.5,NONPOSITIVE-MODEL-MARGIN,V0.7-CONTROLLED-RESEARCH-SCREEN-NOT-DISTRIBUTION
SCR-1668,2e-06,0.011,1,-3626.6042301054304,0,0.04085267263024788,0.5,NONPOSITIVE-MODEL-MARGIN,V0.7-CONTROLLED-RESEARCH-SCREEN-NOT-DISTRIBUTION
SCR-1669,2e-06,0.011307692307692307,1,-3642.576422189596,0,0.04114158230763237,0.5,NONPOSITIVE-MODEL-MARGIN,V0.7-CONTROLLED-RESEARCH-SCREEN-NOT-DISTRIBUTION
SCR-1670,2e-06,0.011615384615384614,1,-3658.5124312490675,0,0.04143049198501686,0.5,NONPOSITIVE-MODEL-MARGIN,V0.7-CONTROLLED-RESEARCH-SCREEN-NOT-DISTRIBUTION
SCR-1671,2e-06,0.011923076923076925,1,-3674.4124671051477,0,0.04171940166240136,0.5,NONPOSITIVE-MODEL-MARGIN,V0.7-CONTROLLED-RESEARCH-SCREEN-NOT-DISTRIBUTION
SCR-1672,2e-06,0.012230769230769233,1,-3690.2767370609877,0,0.042008311339785845,0.5,NONPOSITIVE-MODEL-MARGIN,V0.7-CONTROLLED-RESEARCH-SCREEN-NOT-DISTRIBUTION
SCR-1673,2e-06,0.01253846153846154,1,-3706.105445945394,0,0.04229722101717034,0.5,NONPOSITIVE-MODEL-MARGIN,V0.7-CONTROLLED-RESEARCH-SCREEN-NOT-DISTRIBUTION
SCR-1674,2e-06,0.012846153846153847,1,-3721.898796155695,0,0.04258613069455483,0.5,NONPOSITIVE-MODEL-MARGIN,V0.7-CONTROLLED-RESEARCH-SCREEN-NOT-DISTRIBUTION
SCR-1675,2e-06,0.013153846153846155,1,-3737.6569876995804,0,0.042875040371939316,0.5,NONPOSITIVE-MODEL-MARGIN,V0.7-CONTROLLED-RESEARCH-SCREEN-NOT-DISTRIBUTION
SCR-1676,2e-06,0.013461538461538462,1,-3750.281591833271,0,0.043163950049323815,0.5,NONPOSITIVE-MODEL-MARGIN,V0.7-CONTROLLED-RESEARCH-SCREEN-NOT-DISTRIBUTION
SCR-1677,2e-06,0.01376923076923077,1,-3765.977029709963,0,0.0434528597267083,0.5,NONPOSITIVE-MODEL-MARGIN,V0.7-CONTROLLED-RESEARCH-SCREEN-NOT-DISTRIBUTION
SCR-1678,2e-06,0.014076923076923077,1,-3781.6378508943894,0,0.043741769404092794,0.5,NONPOSITIVE-MODEL-MARGIN,V0.7-CONTROLLED-RESEARCH-SCREEN-NOT-DISTRIBUTION
SCR-1679,2e-06,0.014384615384615385,1,-3797.2642468185913,0,0.044030679081477286,0.5,NONPOSITIVE-MODEL-MARGIN,V0.7-CONTROLLED-RESEARCH-SCREEN-NOT-DISTRIBUTION
SCR-1680,2e-06,0.014692307692307692,1,-3812.856406709588,0,0.04431958875886177,0.5,NONPOSITIVE-MODEL-MARGIN,V0.7-CONTROLLED-RESEARCH-SCREEN-NOT-DISTRIBUTION
SCR-1681,2e-06,0.015,1,-3828.414517626367,0,0.044608498436246265,0.5,NONPOSITIVE-MODEL-MARGIN,V0.7-CONTROLLED-RESEARCH-SCREEN-NOT-DISTRIBUTION
